checkin_id,user_id,state,created_at
CHK_000001,USR_003,well,2026-07-22 09:29:00
CHK_000002,USR_063,well,2026-06-15 16:28:00
CHK_000003,USR_008,calm_needed,2026-07-29 07:41:00
CHK_000004,USR_066,well,2026-06-06 17:43:00
CHK_000005,USR_089,well,2026-08-28 12:32:00
CHK_000006,USR_068,well,2026-08-16 14:02:00
CHK_000007,USR_053,well,2026-06-09 10:32:00
CHK_000008,USR_036,well,2026-08-18 14:51:00
CHK_000009,USR_096,well,2026-07-22 17:38:00
CHK_000010,USR_034,overwhelmed,2026-07-26 22:58:00
CHK_000011,USR_053,calm_needed,2026-07-24 10:31:00
CHK_000012,USR_026,calm_needed,2026-06-02 17:25:00
CHK_000013,USR_026,well,2026-08-07 16:55:00
CHK_000014,USR_075,calm_needed,2026-06-24 10:51:00
CHK_000015,USR_044,well,2026-06-16 06:08:00
CHK_000016,USR_019,overwhelmed,2026-06-03 09:18:00
CHK_000017,USR_082,calm_needed,2026-06-20 12:51:00
CHK_000018,USR_044,overwhelmed,2026-07-09 13:00:00
CHK_000019,USR_075,well,2026-07-20 15:34:00
CHK_000020,USR_018,calm_needed,2026-07-30 22:01:00
CHK_000021,USR_096,overwhelmed,2026-08-08 10:31:00
CHK_000022,USR_036,calm_needed,2026-06-19 21:15:00
CHK_000023,USR_089,well,2026-07-03 16:48:00
CHK_000024,USR_090,well,2026-08-23 08:47:00
CHK_000025,USR_069,well,2026-06-18 19:17:00
CHK_000026,USR_048,overwhelmed,2026-07-31 14:35:00
CHK_000027,USR_025,well,2026-06-21 21:19:00
CHK_000028,USR_076,well,2026-08-06 22:32:00
CHK_000029,USR_053,calm_needed,2026-08-25 19:29:00
CHK_000030,USR_043,well,2026-07-24 13:26:00
CHK_000031,USR_037,well,2026-06-28 20:32:00
CHK_000032,USR_074,overwhelmed,2026-06-19 09:34:00
CHK_000033,USR_004,calm_needed,2026-07-14 19:52:00
CHK_000034,USR_076,calm_needed,2026-07-07 22:45:00
CHK_000035,USR_095,well,2026-08-02 06:02:00
CHK_000036,USR_056,well,2026-07-24 08:39:00
CHK_000037,USR_022,well,2026-07-17 07:26:00
CHK_000038,USR_035,overwhelmed,2026-07-03 14:42:00
CHK_000039,USR_056,calm_needed,2026-07-12 08:49:00
CHK_000040,USR_092,well,2026-06-07 09:44:00
CHK_000041,USR_008,calm_needed,2026-06-16 19:11:00
CHK_000042,USR_003,well,2026-08-05 22:51:00
CHK_000043,USR_034,calm_needed,2026-07-30 10:32:00
CHK_000044,USR_029,calm_needed,2026-06-05 12:03:00
CHK_000045,USR_020,well,2026-07-17 08:54:00
CHK_000046,USR_013,well,2026-06-30 22:55:00
CHK_000047,USR_047,calm_needed,2026-07-25 10:25:00
CHK_000048,USR_085,well,2026-06-09 17:52:00
CHK_000049,USR_092,overwhelmed,2026-07-04 21:24:00
CHK_000050,USR_030,overwhelmed,2026-06-16 12:04:00
CHK_000051,USR_045,overwhelmed,2026-08-15 21:50:00
CHK_000052,USR_002,well,2026-08-17 10:46:00
CHK_000053,USR_087,well,2026-08-08 17:15:00
CHK_000054,USR_052,well,2026-07-09 09:32:00
CHK_000055,USR_068,well,2026-06-10 10:35:00
CHK_000056,USR_040,overwhelmed,2026-06-19 06:55:00
CHK_000057,USR_017,calm_needed,2026-06-24 21:54:00
CHK_000058,USR_088,overwhelmed,2026-07-02 17:49:00
CHK_000059,USR_013,overwhelmed,2026-07-31 16:36:00
CHK_000060,USR_083,well,2026-07-10 15:42:00
CHK_000061,USR_008,overwhelmed,2026-07-16 07:50:00
CHK_000062,USR_036,calm_needed,2026-08-29 13:28:00
CHK_000063,USR_002,well,2026-07-04 14:06:00
CHK_000064,USR_071,calm_needed,2026-08-14 09:24:00
CHK_000065,USR_031,overwhelmed,2026-06-10 10:08:00
CHK_000066,USR_060,overwhelmed,2026-07-06 22:38:00
CHK_000067,USR_088,overwhelmed,2026-07-07 17:48:00
CHK_000068,USR_075,well,2026-06-30 22:48:00
CHK_000069,USR_084,well,2026-08-25 18:58:00
CHK_000070,USR_005,well,2026-07-31 14:18:00
CHK_000071,USR_035,well,2026-08-17 20:15:00
CHK_000072,USR_032,overwhelmed,2026-06-25 09:52:00
CHK_000073,USR_080,well,2026-07-23 15:57:00
CHK_000074,USR_056,well,2026-06-05 08:22:00
CHK_000075,USR_073,calm_needed,2026-08-15 14:09:00
CHK_000076,USR_088,well,2026-06-07 19:12:00
CHK_000077,USR_044,well,2026-06-27 07:04:00
CHK_000078,USR_025,well,2026-06-08 21:44:00
CHK_000079,USR_082,well,2026-08-10 18:03:00
CHK_000080,USR_074,overwhelmed,2026-06-19 17:53:00
CHK_000081,USR_026,well,2026-06-19 12:02:00
CHK_000082,USR_044,overwhelmed,2026-07-28 13:40:00
CHK_000083,USR_070,calm_needed,2026-08-01 22:24:00
CHK_000084,USR_024,calm_needed,2026-06-06 17:44:00
CHK_000085,USR_003,calm_needed,2026-06-21 21:53:00
CHK_000086,USR_092,calm_needed,2026-07-06 08:18:00
CHK_000087,USR_054,well,2026-07-19 19:14:00
CHK_000088,USR_065,well,2026-06-03 21:22:00
CHK_000089,USR_030,well,2026-06-16 13:37:00
CHK_000090,USR_064,well,2026-06-08 09:25:00
CHK_000091,USR_025,well,2026-06-28 10:40:00
CHK_000092,USR_049,well,2026-08-02 22:08:00
CHK_000093,USR_082,well,2026-06-29 18:45:00
CHK_000094,USR_094,well,2026-08-08 20:24:00
CHK_000095,USR_093,calm_needed,2026-06-05 06:53:00
CHK_000096,USR_098,overwhelmed,2026-07-19 16:20:00
CHK_000097,USR_043,well,2026-07-29 22:12:00
CHK_000098,USR_003,calm_needed,2026-06-01 21:54:00
CHK_000099,USR_082,overwhelmed,2026-06-05 11:02:00
CHK_000100,USR_077,well,2026-07-07 15:09:00
CHK_000101,USR_026,calm_needed,2026-08-12 19:00:00
CHK_000102,USR_063,overwhelmed,2026-08-01 06:48:00
CHK_000103,USR_004,well,2026-08-11 12:25:00
CHK_000104,USR_051,overwhelmed,2026-06-03 17:00:00
CHK_000105,USR_057,well,2026-07-27 22:47:00
CHK_000106,USR_045,calm_needed,2026-08-24 19:01:00
CHK_000107,USR_091,overwhelmed,2026-08-03 07:37:00
CHK_000108,USR_066,well,2026-08-18 07:51:00
CHK_000109,USR_049,overwhelmed,2026-08-18 15:50:00
CHK_000110,USR_081,overwhelmed,2026-06-10 22:09:00
CHK_000111,USR_008,well,2026-08-08 07:05:00
CHK_000112,USR_035,well,2026-07-13 21:10:00
CHK_000113,USR_013,well,2026-07-25 21:30:00
CHK_000114,USR_071,well,2026-06-04 13:03:00
CHK_000115,USR_090,well,2026-08-06 10:17:00
CHK_000116,USR_018,well,2026-06-21 11:00:00
CHK_000117,USR_037,well,2026-07-16 07:48:00
CHK_000118,USR_071,overwhelmed,2026-08-12 20:56:00
CHK_000119,USR_053,well,2026-08-02 21:16:00
CHK_000120,USR_081,well,2026-07-22 20:46:00
CHK_000121,USR_052,overwhelmed,2026-08-29 19:23:00
CHK_000122,USR_007,calm_needed,2026-07-29 12:02:00
CHK_000123,USR_053,well,2026-06-18 11:34:00
CHK_000124,USR_010,well,2026-06-28 15:38:00
CHK_000125,USR_023,calm_needed,2026-08-29 17:24:00
CHK_000126,USR_062,overwhelmed,2026-08-07 15:02:00
CHK_000127,USR_051,overwhelmed,2026-08-25 07:46:00
CHK_000128,USR_046,well,2026-08-22 15:40:00
CHK_000129,USR_090,well,2026-08-03 07:58:00
CHK_000130,USR_098,well,2026-07-03 11:05:00
CHK_000131,USR_017,well,2026-08-14 14:54:00
CHK_000132,USR_002,overwhelmed,2026-07-06 11:01:00
CHK_000133,USR_092,well,2026-08-18 11:53:00
CHK_000134,USR_018,well,2026-07-21 07:14:00
CHK_000135,USR_051,well,2026-07-15 17:04:00
CHK_000136,USR_035,well,2026-06-19 06:19:00
CHK_000137,USR_012,overwhelmed,2026-08-29 19:37:00
CHK_000138,USR_015,well,2026-08-16 16:02:00
CHK_000139,USR_036,well,2026-06-10 10:22:00
CHK_000140,USR_021,well,2026-07-10 07:19:00
CHK_000141,USR_070,well,2026-06-17 14:10:00
CHK_000142,USR_063,calm_needed,2026-07-05 22:04:00
CHK_000143,USR_095,well,2026-08-17 16:08:00
CHK_000144,USR_040,well,2026-06-01 13:21:00
CHK_000145,USR_079,well,2026-06-11 14:36:00
CHK_000146,USR_017,well,2026-08-24 10:04:00
CHK_000147,USR_066,calm_needed,2026-08-01 09:24:00
CHK_000148,USR_042,overwhelmed,2026-07-10 13:38:00
CHK_000149,USR_090,well,2026-07-08 06:22:00
CHK_000150,USR_060,well,2026-06-17 06:46:00
CHK_000151,USR_056,well,2026-07-21 12:50:00
CHK_000152,USR_036,well,2026-07-21 13:41:00
CHK_000153,USR_081,overwhelmed,2026-06-29 06:51:00
CHK_000154,USR_060,well,2026-06-29 11:56:00
CHK_000155,USR_026,overwhelmed,2026-07-25 06:03:00
CHK_000156,USR_077,calm_needed,2026-08-13 06:53:00
CHK_000157,USR_012,well,2026-08-27 20:28:00
CHK_000158,USR_052,overwhelmed,2026-08-07 17:44:00
CHK_000159,USR_066,well,2026-07-06 09:25:00
CHK_000160,USR_036,overwhelmed,2026-06-11 15:39:00
CHK_000161,USR_044,well,2026-07-17 19:42:00
CHK_000162,USR_061,overwhelmed,2026-08-01 06:46:00
CHK_000163,USR_062,well,2026-08-07 10:55:00
CHK_000164,USR_068,well,2026-07-01 14:53:00
CHK_000165,USR_010,well,2026-07-11 16:22:00
CHK_000166,USR_025,well,2026-08-29 19:35:00
CHK_000167,USR_092,well,2026-08-02 13:14:00
CHK_000168,USR_005,overwhelmed,2026-06-09 15:51:00
CHK_000169,USR_063,well,2026-07-05 16:37:00
CHK_000170,USR_036,well,2026-07-04 22:42:00
CHK_000171,USR_092,well,2026-07-24 12:51:00
CHK_000172,USR_092,well,2026-07-19 16:21:00
CHK_000173,USR_023,calm_needed,2026-07-19 12:16:00
CHK_000174,USR_014,well,2026-08-25 13:48:00
CHK_000175,USR_034,well,2026-08-26 22:44:00
CHK_000176,USR_085,overwhelmed,2026-06-19 06:13:00
CHK_000177,USR_054,well,2026-07-08 09:00:00
CHK_000178,USR_008,calm_needed,2026-06-03 15:09:00
CHK_000179,USR_054,well,2026-08-26 12:28:00
CHK_000180,USR_056,well,2026-08-06 13:53:00
CHK_000181,USR_060,well,2026-07-21 06:27:00
CHK_000182,USR_010,calm_needed,2026-08-27 19:31:00
CHK_000183,USR_085,well,2026-08-07 10:53:00
CHK_000184,USR_032,well,2026-07-18 12:09:00
CHK_000185,USR_022,overwhelmed,2026-06-19 21:18:00
CHK_000186,USR_045,overwhelmed,2026-06-02 06:46:00
CHK_000187,USR_036,well,2026-06-02 08:22:00
CHK_000188,USR_085,well,2026-07-07 11:29:00
CHK_000189,USR_087,well,2026-08-25 17:23:00
CHK_000190,USR_059,overwhelmed,2026-07-29 19:22:00
CHK_000191,USR_046,well,2026-08-20 19:08:00
CHK_000192,USR_066,calm_needed,2026-08-12 16:45:00
CHK_000193,USR_054,calm_needed,2026-08-26 10:10:00
CHK_000194,USR_054,well,2026-07-12 09:40:00
CHK_000195,USR_056,overwhelmed,2026-06-25 11:57:00
CHK_000196,USR_011,overwhelmed,2026-08-25 11:26:00
CHK_000197,USR_063,calm_needed,2026-07-23 12:09:00
CHK_000198,USR_045,well,2026-08-01 19:01:00
CHK_000199,USR_075,well,2026-07-21 09:50:00
CHK_000200,USR_042,overwhelmed,2026-07-10 16:35:00
CHK_000201,USR_033,overwhelmed,2026-07-24 07:54:00
CHK_000202,USR_093,well,2026-08-08 06:57:00
CHK_000203,USR_028,well,2026-08-20 18:42:00
CHK_000204,USR_077,overwhelmed,2026-08-12 14:39:00
CHK_000205,USR_052,well,2026-07-13 13:41:00
CHK_000206,USR_008,well,2026-07-14 11:33:00
CHK_000207,USR_035,calm_needed,2026-07-29 22:16:00
CHK_000208,USR_048,calm_needed,2026-07-17 17:15:00
CHK_000209,USR_075,overwhelmed,2026-06-21 22:22:00
CHK_000210,USR_066,overwhelmed,2026-08-11 17:14:00
CHK_000211,USR_004,overwhelmed,2026-06-26 20:31:00
CHK_000212,USR_093,well,2026-06-23 12:13:00
CHK_000213,USR_075,well,2026-07-18 13:49:00
CHK_000214,USR_081,well,2026-07-09 08:17:00
CHK_000215,USR_067,well,2026-06-14 08:43:00
CHK_000216,USR_008,well,2026-07-07 16:39:00
CHK_000217,USR_044,well,2026-07-09 20:55:00
CHK_000218,USR_081,well,2026-06-25 18:17:00
CHK_000219,USR_046,calm_needed,2026-08-05 08:41:00
CHK_000220,USR_001,calm_needed,2026-06-13 18:17:00
CHK_000221,USR_081,well,2026-07-09 19:51:00
CHK_000222,USR_009,overwhelmed,2026-08-01 17:56:00
CHK_000223,USR_029,overwhelmed,2026-06-10 12:19:00
CHK_000224,USR_026,well,2026-06-03 18:13:00
CHK_000225,USR_087,well,2026-06-18 10:24:00
CHK_000226,USR_092,well,2026-08-18 14:14:00
CHK_000227,USR_070,well,2026-06-12 10:36:00
CHK_000228,USR_045,well,2026-07-26 19:23:00
CHK_000229,USR_063,well,2026-06-25 12:51:00
CHK_000230,USR_044,well,2026-08-02 18:45:00
CHK_000231,USR_018,calm_needed,2026-08-29 14:48:00
CHK_000232,USR_084,calm_needed,2026-06-05 10:53:00
CHK_000233,USR_089,well,2026-06-20 22:58:00
CHK_000234,USR_077,calm_needed,2026-08-01 22:23:00
CHK_000235,USR_050,overwhelmed,2026-06-13 20:24:00
CHK_000236,USR_061,well,2026-06-11 14:55:00
CHK_000237,USR_013,calm_needed,2026-06-09 08:24:00
CHK_000238,USR_003,overwhelmed,2026-08-18 13:24:00
CHK_000239,USR_009,well,2026-08-27 20:37:00
CHK_000240,USR_075,well,2026-08-29 11:36:00
CHK_000241,USR_071,well,2026-08-08 18:16:00
CHK_000242,USR_089,overwhelmed,2026-08-01 08:55:00
CHK_000243,USR_056,calm_needed,2026-08-16 18:32:00
CHK_000244,USR_081,calm_needed,2026-07-10 06:58:00
CHK_000245,USR_074,overwhelmed,2026-07-15 15:35:00
CHK_000246,USR_076,calm_needed,2026-06-07 10:42:00
CHK_000247,USR_051,calm_needed,2026-07-01 15:09:00
CHK_000248,USR_024,calm_needed,2026-07-09 09:01:00
CHK_000249,USR_053,well,2026-07-09 07:31:00
CHK_000250,USR_035,well,2026-06-17 13:30:00
CHK_000251,USR_001,well,2026-07-05 21:05:00
CHK_000252,USR_002,overwhelmed,2026-08-02 20:29:00
CHK_000253,USR_080,calm_needed,2026-06-20 09:49:00
CHK_000254,USR_017,well,2026-06-12 22:09:00
CHK_000255,USR_006,calm_needed,2026-08-21 19:46:00
CHK_000256,USR_076,well,2026-07-22 17:06:00
CHK_000257,USR_083,well,2026-08-18 16:57:00
CHK_000258,USR_016,well,2026-06-29 09:16:00
CHK_000259,USR_087,calm_needed,2026-06-15 16:51:00
CHK_000260,USR_077,calm_needed,2026-08-23 16:26:00
CHK_000261,USR_095,calm_needed,2026-07-26 20:15:00
CHK_000262,USR_095,well,2026-06-19 10:02:00
CHK_000263,USR_035,well,2026-07-08 20:33:00
CHK_000264,USR_003,calm_needed,2026-06-25 17:17:00
CHK_000265,USR_051,calm_needed,2026-08-11 19:24:00
CHK_000266,USR_078,overwhelmed,2026-08-18 19:49:00
CHK_000267,USR_065,calm_needed,2026-08-03 17:52:00
CHK_000268,USR_096,well,2026-06-20 19:14:00
CHK_000269,USR_012,well,2026-06-17 17:19:00
CHK_000270,USR_021,well,2026-07-30 07:23:00
CHK_000271,USR_098,well,2026-08-20 13:20:00
CHK_000272,USR_042,overwhelmed,2026-07-08 16:44:00
CHK_000273,USR_095,well,2026-07-11 13:10:00
CHK_000274,USR_010,overwhelmed,2026-06-17 17:56:00
CHK_000275,USR_002,overwhelmed,2026-07-24 06:09:00
CHK_000276,USR_094,calm_needed,2026-06-02 06:32:00
CHK_000277,USR_009,calm_needed,2026-08-16 12:01:00
CHK_000278,USR_021,well,2026-06-15 07:41:00
CHK_000279,USR_010,well,2026-08-14 08:58:00
CHK_000280,USR_093,calm_needed,2026-07-02 14:49:00
CHK_000281,USR_094,well,2026-08-01 20:58:00
CHK_000282,USR_068,calm_needed,2026-08-19 09:05:00
CHK_000283,USR_049,overwhelmed,2026-06-03 14:59:00
CHK_000284,USR_009,well,2026-06-12 17:12:00
CHK_000285,USR_064,overwhelmed,2026-06-19 19:35:00
CHK_000286,USR_088,well,2026-07-23 17:17:00
CHK_000287,USR_068,overwhelmed,2026-07-07 14:58:00
CHK_000288,USR_021,calm_needed,2026-07-05 20:32:00
CHK_000289,USR_018,overwhelmed,2026-08-24 10:03:00
CHK_000290,USR_077,overwhelmed,2026-07-30 22:50:00
CHK_000291,USR_047,overwhelmed,2026-08-05 20:33:00
CHK_000292,USR_068,overwhelmed,2026-07-28 17:02:00
CHK_000293,USR_065,overwhelmed,2026-06-15 06:34:00
CHK_000294,USR_044,well,2026-08-26 15:43:00
CHK_000295,USR_053,well,2026-07-07 10:37:00
CHK_000296,USR_026,well,2026-07-30 20:13:00
CHK_000297,USR_038,overwhelmed,2026-06-02 12:05:00
CHK_000298,USR_034,overwhelmed,2026-06-28 07:34:00
CHK_000299,USR_035,well,2026-07-10 17:55:00
CHK_000300,USR_025,well,2026-07-01 16:09:00
CHK_000301,USR_018,calm_needed,2026-08-13 15:11:00
CHK_000302,USR_046,calm_needed,2026-06-20 13:42:00
CHK_000303,USR_026,well,2026-08-23 16:36:00
CHK_000304,USR_055,calm_needed,2026-07-19 22:55:00
CHK_000305,USR_061,well,2026-08-18 11:43:00
CHK_000306,USR_003,well,2026-08-17 07:08:00
CHK_000307,USR_093,well,2026-06-29 06:54:00
CHK_000308,USR_019,well,2026-07-29 10:32:00
CHK_000309,USR_003,well,2026-06-20 16:33:00
CHK_000310,USR_096,well,2026-07-09 20:42:00
CHK_000311,USR_070,overwhelmed,2026-08-23 18:51:00
CHK_000312,USR_021,overwhelmed,2026-06-08 06:54:00
CHK_000313,USR_048,well,2026-06-05 20:21:00
CHK_000314,USR_068,well,2026-08-29 16:09:00
CHK_000315,USR_026,overwhelmed,2026-06-26 13:46:00
CHK_000316,USR_003,overwhelmed,2026-08-11 19:03:00
CHK_000317,USR_023,overwhelmed,2026-08-19 19:52:00
CHK_000318,USR_060,overwhelmed,2026-08-01 07:49:00
CHK_000319,USR_035,calm_needed,2026-07-03 14:24:00
CHK_000320,USR_079,calm_needed,2026-08-16 14:10:00
CHK_000321,USR_044,calm_needed,2026-06-04 11:18:00
CHK_000322,USR_077,well,2026-06-23 18:10:00
CHK_000323,USR_033,well,2026-08-10 20:00:00
CHK_000324,USR_044,well,2026-06-21 06:48:00
CHK_000325,USR_048,well,2026-08-29 16:34:00
CHK_000326,USR_067,well,2026-08-05 19:08:00
CHK_000327,USR_087,calm_needed,2026-07-18 07:05:00
CHK_000328,USR_082,well,2026-06-25 17:04:00
CHK_000329,USR_061,well,2026-07-14 09:14:00
CHK_000330,USR_056,well,2026-07-16 17:58:00
CHK_000331,USR_083,calm_needed,2026-08-19 20:52:00
CHK_000332,USR_026,calm_needed,2026-08-14 20:03:00
CHK_000333,USR_037,well,2026-07-04 19:03:00
CHK_000334,USR_031,well,2026-06-27 20:27:00
CHK_000335,USR_034,calm_needed,2026-07-06 07:48:00
CHK_000336,USR_083,calm_needed,2026-08-14 12:30:00
CHK_000337,USR_081,overwhelmed,2026-07-01 12:55:00
CHK_000338,USR_019,well,2026-07-26 09:19:00
CHK_000339,USR_081,well,2026-06-01 17:55:00
CHK_000340,USR_012,well,2026-06-13 14:25:00
CHK_000341,USR_063,well,2026-07-12 13:23:00
CHK_000342,USR_025,overwhelmed,2026-07-07 09:49:00
CHK_000343,USR_087,well,2026-07-09 15:24:00
CHK_000344,USR_065,well,2026-07-25 10:46:00
CHK_000345,USR_088,well,2026-07-03 22:21:00
CHK_000346,USR_067,well,2026-08-10 16:09:00
CHK_000347,USR_065,overwhelmed,2026-07-27 07:34:00
CHK_000348,USR_070,overwhelmed,2026-07-12 12:40:00
CHK_000349,USR_098,overwhelmed,2026-07-30 19:18:00
CHK_000350,USR_036,well,2026-07-02 12:44:00
CHK_000351,USR_009,well,2026-07-06 08:08:00
CHK_000352,USR_024,well,2026-07-11 12:03:00
CHK_000353,USR_085,well,2026-07-30 10:43:00
CHK_000354,USR_055,well,2026-08-11 08:53:00
CHK_000355,USR_049,calm_needed,2026-08-25 11:01:00
CHK_000356,USR_068,well,2026-08-20 08:33:00
CHK_000357,USR_036,calm_needed,2026-06-22 17:57:00
CHK_000358,USR_018,well,2026-07-01 20:56:00
CHK_000359,USR_044,well,2026-06-30 21:11:00
CHK_000360,USR_069,well,2026-08-23 08:15:00
CHK_000361,USR_012,well,2026-06-05 13:55:00
CHK_000362,USR_086,well,2026-06-21 11:21:00
CHK_000363,USR_076,overwhelmed,2026-07-03 21:11:00
CHK_000364,USR_074,well,2026-06-14 09:32:00
CHK_000365,USR_036,well,2026-08-24 07:26:00
CHK_000366,USR_053,well,2026-08-06 09:17:00
CHK_000367,USR_092,overwhelmed,2026-07-13 20:21:00
CHK_000368,USR_042,well,2026-06-12 20:48:00
CHK_000369,USR_083,overwhelmed,2026-07-05 15:29:00
CHK_000370,USR_013,well,2026-06-07 19:08:00
CHK_000371,USR_002,calm_needed,2026-06-02 08:17:00
CHK_000372,USR_060,well,2026-06-10 07:24:00
CHK_000373,USR_034,calm_needed,2026-06-14 06:45:00
CHK_000374,USR_084,well,2026-07-22 08:34:00
CHK_000375,USR_014,well,2026-06-08 07:03:00
CHK_000376,USR_095,well,2026-07-30 17:31:00
CHK_000377,USR_062,well,2026-07-01 19:19:00
CHK_000378,USR_010,overwhelmed,2026-06-06 16:01:00
CHK_000379,USR_014,well,2026-06-05 07:09:00
CHK_000380,USR_052,well,2026-07-20 20:08:00
CHK_000381,USR_018,well,2026-06-21 14:27:00
CHK_000382,USR_010,overwhelmed,2026-08-19 21:59:00
CHK_000383,USR_066,overwhelmed,2026-07-10 22:36:00
CHK_000384,USR_034,calm_needed,2026-07-22 09:59:00
CHK_000385,USR_075,well,2026-08-02 08:06:00
CHK_000386,USR_052,calm_needed,2026-08-10 10:21:00
CHK_000387,USR_026,overwhelmed,2026-08-01 11:14:00
CHK_000388,USR_070,well,2026-07-09 10:00:00
CHK_000389,USR_085,well,2026-08-24 10:44:00
CHK_000390,USR_040,calm_needed,2026-07-30 16:20:00
CHK_000391,USR_010,well,2026-06-26 09:33:00
CHK_000392,USR_075,overwhelmed,2026-07-22 11:41:00
CHK_000393,USR_090,well,2026-08-03 22:55:00
CHK_000394,USR_071,well,2026-07-30 21:28:00
CHK_000395,USR_093,calm_needed,2026-07-30 13:20:00
CHK_000396,USR_052,overwhelmed,2026-06-08 13:48:00
CHK_000397,USR_008,well,2026-08-27 18:18:00
CHK_000398,USR_098,well,2026-08-26 10:07:00
CHK_000399,USR_009,calm_needed,2026-07-13 06:44:00
CHK_000400,USR_010,overwhelmed,2026-06-17 10:19:00
CHK_000401,USR_037,overwhelmed,2026-06-11 20:18:00
CHK_000402,USR_019,overwhelmed,2026-07-28 10:04:00
CHK_000403,USR_077,well,2026-08-03 15:37:00
CHK_000404,USR_054,overwhelmed,2026-08-20 13:39:00
CHK_000405,USR_041,well,2026-07-20 08:48:00
CHK_000406,USR_028,well,2026-07-11 15:20:00
CHK_000407,USR_051,calm_needed,2026-06-02 18:52:00
CHK_000408,USR_054,well,2026-07-02 07:10:00
CHK_000409,USR_012,well,2026-06-18 14:24:00
CHK_000410,USR_056,well,2026-08-28 17:31:00
CHK_000411,USR_002,calm_needed,2026-06-21 08:57:00
CHK_000412,USR_087,well,2026-06-12 14:46:00
CHK_000413,USR_076,overwhelmed,2026-06-21 13:45:00
CHK_000414,USR_078,calm_needed,2026-08-14 16:24:00
CHK_000415,USR_003,overwhelmed,2026-08-21 07:28:00
CHK_000416,USR_010,well,2026-07-20 20:50:00
CHK_000417,USR_036,overwhelmed,2026-06-22 16:36:00
CHK_000418,USR_053,overwhelmed,2026-08-02 12:43:00
CHK_000419,USR_077,well,2026-06-08 15:57:00
CHK_000420,USR_026,well,2026-06-05 08:00:00
CHK_000421,USR_020,well,2026-08-03 15:33:00
CHK_000422,USR_056,well,2026-07-16 12:26:00
CHK_000423,USR_037,well,2026-06-13 14:51:00
CHK_000424,USR_086,well,2026-07-28 17:16:00
CHK_000425,USR_076,well,2026-07-23 16:15:00
CHK_000426,USR_034,well,2026-07-26 10:57:00
CHK_000427,USR_048,well,2026-06-20 15:23:00
CHK_000428,USR_013,well,2026-08-24 13:38:00
CHK_000429,USR_064,well,2026-06-04 18:19:00
CHK_000430,USR_088,well,2026-06-14 08:23:00
CHK_000431,USR_024,calm_needed,2026-06-04 07:29:00
CHK_000432,USR_029,well,2026-07-30 22:45:00
CHK_000433,USR_071,overwhelmed,2026-08-15 11:52:00
CHK_000434,USR_054,well,2026-07-18 18:35:00
CHK_000435,USR_075,calm_needed,2026-06-18 22:58:00
CHK_000436,USR_077,well,2026-07-27 18:32:00
CHK_000437,USR_066,calm_needed,2026-07-17 20:05:00
CHK_000438,USR_076,well,2026-06-09 21:04:00
CHK_000439,USR_039,overwhelmed,2026-07-20 08:12:00
CHK_000440,USR_061,well,2026-08-09 22:58:00
CHK_000441,USR_094,well,2026-07-12 08:45:00
CHK_000442,USR_040,calm_needed,2026-08-03 10:19:00
CHK_000443,USR_049,overwhelmed,2026-06-05 09:05:00
CHK_000444,USR_004,overwhelmed,2026-07-09 08:00:00
CHK_000445,USR_001,well,2026-07-11 19:59:00
CHK_000446,USR_044,well,2026-08-23 09:20:00
CHK_000447,USR_006,well,2026-06-30 12:34:00
CHK_000448,USR_080,overwhelmed,2026-06-10 21:15:00
CHK_000449,USR_048,well,2026-08-16 11:43:00
CHK_000450,USR_087,well,2026-08-23 16:56:00
CHK_000451,USR_035,well,2026-06-07 11:14:00
CHK_000452,USR_069,calm_needed,2026-06-20 20:47:00
CHK_000453,USR_004,calm_needed,2026-06-14 10:57:00
CHK_000454,USR_014,well,2026-08-26 10:23:00
CHK_000455,USR_034,well,2026-08-24 17:56:00
CHK_000456,USR_002,calm_needed,2026-08-07 15:56:00
CHK_000457,USR_057,overwhelmed,2026-08-20 07:27:00
CHK_000458,USR_008,overwhelmed,2026-08-25 22:16:00
CHK_000459,USR_024,well,2026-08-04 15:20:00
CHK_000460,USR_069,well,2026-07-27 07:09:00
CHK_000461,USR_044,overwhelmed,2026-07-09 17:23:00
CHK_000462,USR_012,well,2026-07-29 15:34:00
CHK_000463,USR_079,well,2026-08-03 12:20:00
CHK_000464,USR_035,well,2026-08-25 20:55:00
CHK_000465,USR_068,calm_needed,2026-06-14 14:39:00
CHK_000466,USR_077,well,2026-08-02 07:24:00
CHK_000467,USR_036,well,2026-07-14 06:41:00
CHK_000468,USR_010,well,2026-07-22 16:18:00
CHK_000469,USR_020,well,2026-06-12 15:07:00
CHK_000470,USR_081,well,2026-07-06 10:20:00
CHK_000471,USR_067,well,2026-06-15 21:45:00
CHK_000472,USR_016,well,2026-08-23 11:11:00
CHK_000473,USR_064,well,2026-06-03 16:39:00
CHK_000474,USR_063,overwhelmed,2026-06-08 10:31:00
CHK_000475,USR_014,well,2026-06-04 11:45:00
CHK_000476,USR_089,well,2026-06-12 16:45:00
CHK_000477,USR_098,well,2026-06-21 18:33:00
CHK_000478,USR_089,well,2026-07-29 10:24:00
CHK_000479,USR_003,well,2026-06-20 07:25:00
CHK_000480,USR_075,calm_needed,2026-07-31 14:51:00
CHK_000481,USR_012,well,2026-07-30 17:56:00
CHK_000482,USR_083,calm_needed,2026-08-12 07:21:00
CHK_000483,USR_036,well,2026-08-29 21:20:00
CHK_000484,USR_009,calm_needed,2026-07-03 08:51:00
CHK_000485,USR_075,well,2026-08-21 16:56:00
CHK_000486,USR_060,well,2026-06-17 10:43:00
CHK_000487,USR_097,overwhelmed,2026-07-05 06:19:00
CHK_000488,USR_011,well,2026-07-10 20:38:00
CHK_000489,USR_068,well,2026-06-01 13:54:00
CHK_000490,USR_067,well,2026-06-04 20:37:00
CHK_000491,USR_008,calm_needed,2026-07-27 19:51:00
CHK_000492,USR_088,well,2026-07-09 14:34:00
CHK_000493,USR_090,well,2026-06-06 07:55:00
CHK_000494,USR_024,calm_needed,2026-08-11 08:18:00
CHK_000495,USR_012,well,2026-08-23 22:24:00
CHK_000496,USR_003,well,2026-08-26 21:56:00
CHK_000497,USR_092,well,2026-07-12 14:27:00
CHK_000498,USR_095,overwhelmed,2026-08-02 14:58:00
CHK_000499,USR_055,well,2026-06-19 20:51:00
CHK_000500,USR_073,well,2026-07-31 09:39:00
CHK_000501,USR_004,well,2026-07-03 19:10:00
CHK_000502,USR_024,well,2026-08-17 14:03:00
CHK_000503,USR_089,well,2026-06-02 14:45:00
CHK_000504,USR_098,calm_needed,2026-07-25 21:28:00
CHK_000505,USR_031,calm_needed,2026-06-12 08:10:00
CHK_000506,USR_087,calm_needed,2026-06-21 10:47:00
CHK_000507,USR_063,overwhelmed,2026-07-03 14:08:00
CHK_000508,USR_084,well,2026-08-27 06:07:00
CHK_000509,USR_046,overwhelmed,2026-08-15 17:45:00
CHK_000510,USR_063,overwhelmed,2026-06-26 13:20:00
CHK_000511,USR_062,well,2026-06-29 09:54:00
CHK_000512,USR_010,calm_needed,2026-06-22 17:44:00
CHK_000513,USR_028,overwhelmed,2026-08-27 07:26:00
CHK_000514,USR_053,calm_needed,2026-08-26 11:05:00
CHK_000515,USR_001,well,2026-07-31 17:05:00
CHK_000516,USR_013,overwhelmed,2026-08-04 18:48:00
CHK_000517,USR_051,well,2026-07-18 18:19:00
CHK_000518,USR_054,well,2026-07-19 19:48:00
CHK_000519,USR_003,well,2026-08-29 12:20:00
CHK_000520,USR_023,calm_needed,2026-07-24 14:08:00
CHK_000521,USR_031,calm_needed,2026-06-17 12:54:00
CHK_000522,USR_052,well,2026-06-11 19:18:00
CHK_000523,USR_093,well,2026-07-15 06:39:00
CHK_000524,USR_044,overwhelmed,2026-08-11 18:11:00
CHK_000525,USR_033,calm_needed,2026-08-29 12:27:00
CHK_000526,USR_001,well,2026-07-16 18:46:00
CHK_000527,USR_063,well,2026-08-21 07:03:00
CHK_000528,USR_049,overwhelmed,2026-08-21 10:18:00
CHK_000529,USR_056,calm_needed,2026-08-15 20:40:00
CHK_000530,USR_070,overwhelmed,2026-08-13 07:50:00
CHK_000531,USR_002,well,2026-08-21 14:56:00
CHK_000532,USR_018,well,2026-08-09 07:28:00
CHK_000533,USR_055,overwhelmed,2026-07-10 07:16:00
CHK_000534,USR_055,well,2026-08-04 18:14:00
CHK_000535,USR_012,well,2026-07-19 11:27:00
CHK_000536,USR_087,well,2026-07-06 08:44:00
CHK_000537,USR_034,well,2026-06-30 17:33:00
CHK_000538,USR_048,well,2026-07-14 20:40:00
CHK_000539,USR_035,overwhelmed,2026-07-18 09:59:00
CHK_000540,USR_040,well,2026-07-26 10:06:00
CHK_000541,USR_089,well,2026-08-04 20:19:00
CHK_000542,USR_054,well,2026-06-18 08:42:00
CHK_000543,USR_081,overwhelmed,2026-06-11 22:48:00
CHK_000544,USR_063,overwhelmed,2026-07-04 21:51:00
CHK_000545,USR_057,well,2026-07-01 09:48:00
CHK_000546,USR_052,well,2026-08-27 08:10:00
CHK_000547,USR_010,well,2026-07-16 16:26:00
CHK_000548,USR_002,well,2026-07-29 20:52:00
CHK_000549,USR_090,well,2026-07-07 15:59:00
CHK_000550,USR_089,well,2026-08-07 14:48:00
CHK_000551,USR_063,well,2026-06-17 18:31:00
CHK_000552,USR_056,well,2026-07-07 14:48:00
CHK_000553,USR_017,calm_needed,2026-07-23 08:41:00
CHK_000554,USR_074,well,2026-08-24 19:43:00
CHK_000555,USR_085,overwhelmed,2026-08-07 06:27:00
CHK_000556,USR_100,well,2026-06-13 20:33:00
CHK_000557,USR_044,well,2026-06-17 08:59:00
CHK_000558,USR_035,well,2026-06-24 10:38:00
CHK_000559,USR_003,calm_needed,2026-06-17 10:35:00
CHK_000560,USR_013,calm_needed,2026-06-11 18:46:00
CHK_000561,USR_013,well,2026-06-11 12:27:00
CHK_000562,USR_070,calm_needed,2026-07-11 19:57:00
CHK_000563,USR_014,well,2026-06-19 21:43:00
CHK_000564,USR_087,well,2026-07-25 09:37:00
CHK_000565,USR_058,well,2026-06-23 20:26:00
CHK_000566,USR_052,well,2026-08-20 19:26:00
CHK_000567,USR_084,well,2026-06-04 12:44:00
CHK_000568,USR_099,overwhelmed,2026-08-11 18:16:00
CHK_000569,USR_034,well,2026-08-11 11:02:00
CHK_000570,USR_053,well,2026-07-31 21:49:00
CHK_000571,USR_071,well,2026-07-13 08:53:00
CHK_000572,USR_066,calm_needed,2026-06-21 21:11:00
CHK_000573,USR_030,calm_needed,2026-07-26 20:34:00
CHK_000574,USR_070,overwhelmed,2026-08-10 12:02:00
CHK_000575,USR_085,well,2026-06-01 20:36:00
CHK_000576,USR_093,calm_needed,2026-07-30 14:00:00
CHK_000577,USR_064,well,2026-06-23 14:33:00
CHK_000578,USR_044,well,2026-06-30 11:10:00
CHK_000579,USR_012,overwhelmed,2026-07-30 18:44:00
CHK_000580,USR_001,overwhelmed,2026-08-22 11:15:00
CHK_000581,USR_012,overwhelmed,2026-07-04 15:59:00
CHK_000582,USR_004,well,2026-08-05 18:55:00
CHK_000583,USR_025,well,2026-07-09 08:07:00
CHK_000584,USR_014,calm_needed,2026-07-25 12:52:00
CHK_000585,USR_056,well,2026-06-30 18:20:00
CHK_000586,USR_045,well,2026-06-25 22:54:00
CHK_000587,USR_048,overwhelmed,2026-06-10 09:07:00
CHK_000588,USR_066,well,2026-06-14 19:51:00
CHK_000589,USR_031,calm_needed,2026-06-30 09:12:00
CHK_000590,USR_074,well,2026-06-12 19:33:00
CHK_000591,USR_065,well,2026-08-14 14:11:00
CHK_000592,USR_010,well,2026-06-26 11:16:00
CHK_000593,USR_086,calm_needed,2026-07-11 11:04:00
CHK_000594,USR_009,well,2026-06-28 16:56:00
CHK_000595,USR_029,overwhelmed,2026-06-27 07:43:00
CHK_000596,USR_092,calm_needed,2026-07-21 18:18:00
CHK_000597,USR_040,overwhelmed,2026-08-15 10:16:00
CHK_000598,USR_052,well,2026-07-03 15:46:00
CHK_000599,USR_074,well,2026-06-13 10:32:00
CHK_000600,USR_013,well,2026-08-07 20:24:00
CHK_000601,USR_010,well,2026-08-22 17:36:00
CHK_000602,USR_038,calm_needed,2026-07-18 12:27:00
CHK_000603,USR_051,well,2026-06-18 19:34:00
CHK_000604,USR_004,well,2026-06-13 10:12:00
CHK_000605,USR_074,well,2026-06-09 14:37:00
CHK_000606,USR_089,well,2026-08-26 18:44:00
CHK_000607,USR_013,overwhelmed,2026-06-07 09:17:00
CHK_000608,USR_097,well,2026-07-14 13:53:00
CHK_000609,USR_089,overwhelmed,2026-06-13 22:53:00
CHK_000610,USR_056,well,2026-07-17 15:45:00
CHK_000611,USR_092,calm_needed,2026-06-02 22:35:00
CHK_000612,USR_003,well,2026-06-03 20:37:00
CHK_000613,USR_062,calm_needed,2026-06-24 16:24:00
CHK_000614,USR_054,well,2026-08-04 21:46:00
CHK_000615,USR_013,well,2026-08-15 15:58:00
CHK_000616,USR_039,well,2026-07-07 11:06:00
CHK_000617,USR_032,overwhelmed,2026-07-03 12:51:00
CHK_000618,USR_060,overwhelmed,2026-08-19 16:52:00
CHK_000619,USR_096,calm_needed,2026-07-21 14:31:00
CHK_000620,USR_079,well,2026-08-28 13:44:00
CHK_000621,USR_034,well,2026-08-06 14:28:00
CHK_000622,USR_052,overwhelmed,2026-08-18 17:25:00
CHK_000623,USR_098,overwhelmed,2026-06-05 16:14:00
CHK_000624,USR_078,well,2026-06-17 17:06:00
CHK_000625,USR_064,well,2026-06-10 18:18:00
CHK_000626,USR_082,overwhelmed,2026-08-07 20:30:00
CHK_000627,USR_028,well,2026-07-19 20:51:00
CHK_000628,USR_075,overwhelmed,2026-07-27 20:30:00
CHK_000629,USR_007,well,2026-06-05 14:10:00
CHK_000630,USR_045,well,2026-07-08 07:14:00
CHK_000631,USR_095,well,2026-07-16 10:05:00
CHK_000632,USR_081,well,2026-08-21 19:09:00
CHK_000633,USR_049,well,2026-06-03 11:28:00
CHK_000634,USR_090,calm_needed,2026-07-03 22:47:00
CHK_000635,USR_054,well,2026-06-28 17:05:00
CHK_000636,USR_066,well,2026-07-18 17:10:00
CHK_000637,USR_092,well,2026-08-26 11:53:00
CHK_000638,USR_002,calm_needed,2026-06-29 07:16:00
CHK_000639,USR_054,well,2026-08-05 07:54:00
CHK_000640,USR_087,overwhelmed,2026-08-04 16:38:00
CHK_000641,USR_095,calm_needed,2026-08-25 17:08:00
CHK_000642,USR_079,well,2026-06-28 15:42:00
CHK_000643,USR_082,well,2026-08-05 13:47:00
CHK_000644,USR_046,well,2026-08-06 17:12:00
CHK_000645,USR_091,well,2026-07-24 07:50:00
CHK_000646,USR_053,well,2026-08-10 22:02:00
CHK_000647,USR_076,well,2026-07-05 08:48:00
CHK_000648,USR_029,well,2026-06-17 18:51:00
CHK_000649,USR_060,well,2026-08-21 09:00:00
CHK_000650,USR_020,well,2026-06-20 15:58:00
CHK_000651,USR_003,calm_needed,2026-08-04 22:21:00
CHK_000652,USR_031,overwhelmed,2026-08-07 10:10:00
CHK_000653,USR_046,well,2026-08-15 18:59:00
CHK_000654,USR_091,well,2026-06-26 13:04:00
CHK_000655,USR_079,well,2026-08-23 20:49:00
CHK_000656,USR_062,overwhelmed,2026-07-11 21:18:00
CHK_000657,USR_003,well,2026-08-07 20:34:00
CHK_000658,USR_044,overwhelmed,2026-06-24 13:35:00
CHK_000659,USR_077,calm_needed,2026-06-04 08:33:00
CHK_000660,USR_055,well,2026-06-23 18:04:00
CHK_000661,USR_056,overwhelmed,2026-07-11 11:36:00
CHK_000662,USR_021,well,2026-07-08 08:50:00
CHK_000663,USR_020,overwhelmed,2026-08-15 11:50:00
CHK_000664,USR_076,overwhelmed,2026-08-08 18:22:00
CHK_000665,USR_090,well,2026-06-25 21:26:00
CHK_000666,USR_012,well,2026-07-17 09:38:00
CHK_000667,USR_077,well,2026-07-24 13:48:00
CHK_000668,USR_045,well,2026-07-12 15:31:00
CHK_000669,USR_079,overwhelmed,2026-06-09 22:10:00
CHK_000670,USR_052,well,2026-06-17 09:47:00
CHK_000671,USR_074,overwhelmed,2026-06-21 10:37:00
CHK_000672,USR_074,calm_needed,2026-07-21 09:16:00
CHK_000673,USR_084,calm_needed,2026-06-15 12:58:00
CHK_000674,USR_012,calm_needed,2026-07-09 22:33:00
CHK_000675,USR_020,overwhelmed,2026-06-13 11:05:00
CHK_000676,USR_016,overwhelmed,2026-08-20 22:11:00
CHK_000677,USR_047,well,2026-08-03 06:16:00
CHK_000678,USR_017,well,2026-07-02 09:17:00
CHK_000679,USR_079,overwhelmed,2026-07-05 13:13:00
CHK_000680,USR_096,overwhelmed,2026-07-31 09:23:00
CHK_000681,USR_083,well,2026-07-19 13:18:00
CHK_000682,USR_034,well,2026-08-19 11:39:00
CHK_000683,USR_081,well,2026-06-19 17:15:00
CHK_000684,USR_087,well,2026-06-20 09:43:00
CHK_000685,USR_088,well,2026-07-27 10:07:00
CHK_000686,USR_065,calm_needed,2026-08-06 21:54:00
CHK_000687,USR_002,well,2026-08-19 13:59:00
CHK_000688,USR_002,well,2026-07-23 16:04:00
CHK_000689,USR_064,well,2026-06-05 19:04:00
CHK_000690,USR_079,overwhelmed,2026-08-01 21:40:00
CHK_000691,USR_036,calm_needed,2026-08-05 20:38:00
CHK_000692,USR_066,well,2026-07-24 12:14:00
CHK_000693,USR_079,calm_needed,2026-07-24 15:40:00
CHK_000694,USR_008,well,2026-06-29 15:16:00
CHK_000695,USR_056,well,2026-06-28 14:04:00
CHK_000696,USR_061,well,2026-07-19 22:11:00
CHK_000697,USR_063,overwhelmed,2026-08-28 08:15:00
CHK_000698,USR_056,well,2026-07-08 16:54:00
CHK_000699,USR_008,overwhelmed,2026-06-20 14:53:00
CHK_000700,USR_049,calm_needed,2026-08-05 07:21:00
CHK_000701,USR_026,overwhelmed,2026-06-10 14:32:00
CHK_000702,USR_061,overwhelmed,2026-07-29 09:58:00
CHK_000703,USR_088,calm_needed,2026-08-04 15:52:00
CHK_000704,USR_075,well,2026-07-18 09:33:00
CHK_000705,USR_004,overwhelmed,2026-08-04 22:44:00
CHK_000706,USR_026,well,2026-07-06 06:09:00
CHK_000707,USR_086,overwhelmed,2026-07-02 11:47:00
CHK_000708,USR_053,overwhelmed,2026-06-27 08:51:00
CHK_000709,USR_092,calm_needed,2026-06-28 20:14:00
CHK_000710,USR_053,overwhelmed,2026-06-27 22:42:00
CHK_000711,USR_026,overwhelmed,2026-08-23 18:39:00
CHK_000712,USR_083,well,2026-07-22 20:32:00
CHK_000713,USR_029,well,2026-07-18 07:39:00
CHK_000714,USR_046,overwhelmed,2026-08-01 06:10:00
CHK_000715,USR_040,well,2026-06-10 11:18:00
CHK_000716,USR_031,well,2026-07-16 08:09:00
CHK_000717,USR_026,well,2026-06-08 19:41:00
CHK_000718,USR_021,calm_needed,2026-08-28 12:48:00
CHK_000719,USR_092,overwhelmed,2026-07-07 14:17:00
CHK_000720,USR_049,overwhelmed,2026-07-31 16:58:00
CHK_000721,USR_046,overwhelmed,2026-07-06 16:36:00
CHK_000722,USR_045,well,2026-08-02 16:57:00
CHK_000723,USR_034,well,2026-06-07 16:53:00
CHK_000724,USR_022,well,2026-06-01 08:13:00
CHK_000725,USR_044,well,2026-07-08 21:28:00
CHK_000726,USR_019,calm_needed,2026-06-21 12:02:00
CHK_000727,USR_071,well,2026-07-05 09:04:00
CHK_000728,USR_093,well,2026-06-27 15:22:00
CHK_000729,USR_076,well,2026-07-22 18:54:00
CHK_000730,USR_082,well,2026-06-05 09:45:00
CHK_000731,USR_053,well,2026-07-09 21:32:00
CHK_000732,USR_091,well,2026-06-06 18:34:00
CHK_000733,USR_054,calm_needed,2026-06-05 15:22:00
CHK_000734,USR_087,well,2026-08-06 14:28:00
CHK_000735,USR_044,well,2026-07-02 19:51:00
CHK_000736,USR_012,overwhelmed,2026-06-17 13:20:00
CHK_000737,USR_075,well,2026-06-18 06:29:00
CHK_000738,USR_017,well,2026-07-12 19:57:00
CHK_000739,USR_010,well,2026-07-06 07:08:00
CHK_000740,USR_034,well,2026-07-09 20:53:00
CHK_000741,USR_036,overwhelmed,2026-06-28 13:42:00
CHK_000742,USR_045,overwhelmed,2026-08-01 06:18:00
CHK_000743,USR_044,well,2026-08-04 07:50:00
CHK_000744,USR_060,overwhelmed,2026-07-18 20:12:00
CHK_000745,USR_052,overwhelmed,2026-07-31 12:23:00
CHK_000746,USR_021,well,2026-08-08 22:02:00
CHK_000747,USR_053,overwhelmed,2026-07-23 06:48:00
CHK_000748,USR_087,overwhelmed,2026-06-03 20:28:00
CHK_000749,USR_071,overwhelmed,2026-06-16 14:55:00
CHK_000750,USR_051,well,2026-08-25 21:40:00
CHK_000751,USR_036,well,2026-08-10 19:28:00
CHK_000752,USR_087,well,2026-07-15 20:02:00
CHK_000753,USR_044,calm_needed,2026-07-27 13:17:00
CHK_000754,USR_021,well,2026-06-08 11:11:00
CHK_000755,USR_076,well,2026-08-18 22:44:00
CHK_000756,USR_053,well,2026-08-18 15:28:00
CHK_000757,USR_008,overwhelmed,2026-08-17 13:58:00
CHK_000758,USR_040,well,2026-07-30 16:57:00
CHK_000759,USR_093,overwhelmed,2026-06-30 16:01:00
CHK_000760,USR_052,well,2026-07-01 07:55:00
CHK_000761,USR_008,well,2026-06-08 14:57:00
CHK_000762,USR_054,well,2026-08-01 12:31:00
CHK_000763,USR_013,well,2026-08-22 17:28:00
CHK_000764,USR_069,overwhelmed,2026-06-06 22:15:00
CHK_000765,USR_063,overwhelmed,2026-08-03 09:41:00
CHK_000766,USR_066,well,2026-07-12 17:41:00
CHK_000767,USR_074,well,2026-06-16 13:39:00
CHK_000768,USR_026,calm_needed,2026-07-29 07:29:00
CHK_000769,USR_075,well,2026-06-11 20:15:00
CHK_000770,USR_071,well,2026-06-12 22:37:00
CHK_000771,USR_066,well,2026-08-06 06:29:00
CHK_000772,USR_020,well,2026-06-13 09:06:00
CHK_000773,USR_068,well,2026-08-18 20:03:00
CHK_000774,USR_097,well,2026-08-27 10:19:00
CHK_000775,USR_047,well,2026-06-01 10:21:00
CHK_000776,USR_089,overwhelmed,2026-07-05 20:04:00
CHK_000777,USR_087,calm_needed,2026-07-18 11:24:00
CHK_000778,USR_089,overwhelmed,2026-06-29 12:39:00
CHK_000779,USR_010,overwhelmed,2026-06-08 16:32:00
CHK_000780,USR_008,calm_needed,2026-07-18 17:42:00
CHK_000781,USR_081,calm_needed,2026-07-31 15:02:00
CHK_000782,USR_026,well,2026-06-15 21:12:00
CHK_000783,USR_002,well,2026-07-29 16:29:00
CHK_000784,USR_068,overwhelmed,2026-07-05 11:30:00
CHK_000785,USR_065,well,2026-07-02 20:42:00
CHK_000786,USR_093,overwhelmed,2026-08-08 15:18:00
CHK_000787,USR_098,overwhelmed,2026-06-19 16:01:00
CHK_000788,USR_042,calm_needed,2026-06-20 21:18:00
CHK_000789,USR_040,well,2026-07-25 10:58:00
CHK_000790,USR_048,calm_needed,2026-07-20 09:53:00
CHK_000791,USR_074,calm_needed,2026-06-25 19:10:00
CHK_000792,USR_085,overwhelmed,2026-06-27 16:20:00
CHK_000793,USR_005,well,2026-07-29 14:53:00
CHK_000794,USR_015,well,2026-08-03 12:03:00
CHK_000795,USR_021,calm_needed,2026-06-22 20:16:00
CHK_000796,USR_018,overwhelmed,2026-06-20 21:32:00
CHK_000797,USR_072,overwhelmed,2026-06-12 13:53:00
CHK_000798,USR_092,overwhelmed,2026-06-28 18:12:00
CHK_000799,USR_085,overwhelmed,2026-08-05 09:53:00
CHK_000800,USR_062,overwhelmed,2026-07-10 16:21:00
CHK_000801,USR_008,calm_needed,2026-08-29 22:19:00
CHK_000802,USR_089,well,2026-08-01 16:06:00
CHK_000803,USR_097,overwhelmed,2026-07-26 21:26:00
CHK_000804,USR_031,well,2026-08-12 08:50:00
CHK_000805,USR_090,calm_needed,2026-07-27 13:14:00
CHK_000806,USR_007,calm_needed,2026-06-20 12:52:00
CHK_000807,USR_083,well,2026-08-03 15:29:00
CHK_000808,USR_056,well,2026-07-20 12:43:00
CHK_000809,USR_051,well,2026-07-20 11:23:00
CHK_000810,USR_017,overwhelmed,2026-08-23 08:36:00
CHK_000811,USR_096,well,2026-07-10 17:55:00
CHK_000812,USR_022,well,2026-08-03 13:28:00
CHK_000813,USR_013,overwhelmed,2026-07-09 22:35:00
CHK_000814,USR_007,overwhelmed,2026-06-26 09:30:00
CHK_000815,USR_008,well,2026-08-27 07:30:00
CHK_000816,USR_058,overwhelmed,2026-08-01 10:37:00
CHK_000817,USR_034,well,2026-06-24 08:43:00
CHK_000818,USR_052,calm_needed,2026-06-17 06:54:00
CHK_000819,USR_043,well,2026-07-25 15:52:00
CHK_000820,USR_049,overwhelmed,2026-06-13 21:17:00
CHK_000821,USR_078,well,2026-06-15 15:14:00
CHK_000822,USR_012,calm_needed,2026-06-13 22:31:00
CHK_000823,USR_040,overwhelmed,2026-08-24 18:15:00
CHK_000824,USR_057,calm_needed,2026-07-08 12:56:00
CHK_000825,USR_044,well,2026-07-25 12:03:00
CHK_000826,USR_053,calm_needed,2026-06-13 18:16:00
CHK_000827,USR_053,well,2026-08-16 19:30:00
CHK_000828,USR_096,well,2026-08-11 18:31:00
CHK_000829,USR_013,well,2026-07-23 08:27:00
CHK_000830,USR_044,overwhelmed,2026-08-19 11:07:00
CHK_000831,USR_040,overwhelmed,2026-06-06 19:31:00
CHK_000832,USR_039,overwhelmed,2026-07-29 17:48:00
CHK_000833,USR_060,well,2026-08-08 14:30:00
CHK_000834,USR_088,overwhelmed,2026-06-22 09:12:00
CHK_000835,USR_063,well,2026-07-19 18:16:00
CHK_000836,USR_049,well,2026-06-15 18:16:00
CHK_000837,USR_025,well,2026-06-23 19:07:00
CHK_000838,USR_025,well,2026-07-29 18:38:00
CHK_000839,USR_077,well,2026-07-31 21:54:00
CHK_000840,USR_046,overwhelmed,2026-06-17 12:12:00
CHK_000841,USR_044,well,2026-08-21 18:42:00
CHK_000842,USR_021,well,2026-07-25 22:39:00
CHK_000843,USR_070,well,2026-07-22 15:43:00
CHK_000844,USR_004,well,2026-07-22 06:56:00
CHK_000845,USR_086,overwhelmed,2026-06-01 17:34:00
CHK_000846,USR_023,overwhelmed,2026-07-02 20:11:00
CHK_000847,USR_012,calm_needed,2026-07-27 13:07:00
CHK_000848,USR_071,well,2026-07-12 16:38:00
CHK_000849,USR_077,calm_needed,2026-07-02 13:22:00
CHK_000850,USR_039,well,2026-07-07 18:50:00
CHK_000851,USR_078,calm_needed,2026-06-11 22:20:00
CHK_000852,USR_070,overwhelmed,2026-08-22 12:27:00
CHK_000853,USR_068,calm_needed,2026-07-26 11:27:00
CHK_000854,USR_094,well,2026-08-07 22:42:00
CHK_000855,USR_049,well,2026-07-28 22:40:00
CHK_000856,USR_047,well,2026-08-22 08:45:00
CHK_000857,USR_048,calm_needed,2026-06-01 15:17:00
CHK_000858,USR_055,well,2026-08-15 13:23:00
CHK_000859,USR_093,well,2026-06-27 14:46:00
CHK_000860,USR_062,well,2026-08-27 19:44:00
CHK_000861,USR_053,overwhelmed,2026-06-24 15:08:00
CHK_000862,USR_076,calm_needed,2026-06-10 08:23:00
CHK_000863,USR_076,well,2026-08-19 22:14:00
CHK_000864,USR_087,calm_needed,2026-07-14 20:33:00
CHK_000865,USR_037,well,2026-06-12 09:22:00
CHK_000866,USR_011,calm_needed,2026-08-28 07:29:00
CHK_000867,USR_063,well,2026-08-23 22:51:00
CHK_000868,USR_075,well,2026-07-08 20:57:00
CHK_000869,USR_062,calm_needed,2026-07-16 10:05:00
CHK_000870,USR_036,calm_needed,2026-07-17 09:26:00
CHK_000871,USR_083,overwhelmed,2026-08-25 13:22:00
CHK_000872,USR_044,calm_needed,2026-06-10 22:07:00
CHK_000873,USR_081,well,2026-06-05 18:52:00
CHK_000874,USR_012,overwhelmed,2026-08-08 14:58:00
CHK_000875,USR_075,well,2026-07-30 16:27:00
CHK_000876,USR_088,well,2026-08-16 13:53:00
CHK_000877,USR_081,well,2026-07-28 20:33:00
CHK_000878,USR_004,well,2026-08-15 06:54:00
CHK_000879,USR_098,overwhelmed,2026-06-01 06:56:00
CHK_000880,USR_038,well,2026-06-21 20:16:00
CHK_000881,USR_090,well,2026-08-19 13:46:00
CHK_000882,USR_056,well,2026-06-13 22:37:00
CHK_000883,USR_052,well,2026-06-06 08:45:00
CHK_000884,USR_013,well,2026-06-15 18:48:00
CHK_000885,USR_021,calm_needed,2026-07-30 11:04:00
CHK_000886,USR_071,calm_needed,2026-08-28 07:25:00
CHK_000887,USR_034,overwhelmed,2026-06-06 11:58:00
CHK_000888,USR_096,well,2026-06-17 19:13:00
CHK_000889,USR_045,overwhelmed,2026-06-15 16:46:00
CHK_000890,USR_008,well,2026-06-19 09:34:00
CHK_000891,USR_085,well,2026-06-24 22:06:00
CHK_000892,USR_010,well,2026-07-02 09:12:00
CHK_000893,USR_055,well,2026-07-07 21:14:00
CHK_000894,USR_019,calm_needed,2026-07-29 21:27:00
CHK_000895,USR_015,overwhelmed,2026-08-29 18:01:00
CHK_000896,USR_025,well,2026-06-24 20:42:00
CHK_000897,USR_034,calm_needed,2026-08-05 13:06:00
CHK_000898,USR_092,well,2026-07-27 21:34:00
CHK_000899,USR_035,well,2026-08-08 12:59:00
CHK_000900,USR_090,well,2026-06-23 10:29:00
CHK_000901,USR_086,well,2026-06-04 11:31:00
CHK_000902,USR_026,overwhelmed,2026-08-12 10:09:00
CHK_000903,USR_035,well,2026-08-02 08:41:00
CHK_000904,USR_097,overwhelmed,2026-06-04 09:16:00
CHK_000905,USR_036,calm_needed,2026-08-25 11:34:00
CHK_000906,USR_044,overwhelmed,2026-06-11 18:58:00
CHK_000907,USR_100,well,2026-08-15 19:32:00
CHK_000908,USR_034,calm_needed,2026-08-12 15:18:00
CHK_000909,USR_045,overwhelmed,2026-08-26 07:44:00
CHK_000910,USR_048,well,2026-08-13 19:41:00
CHK_000911,USR_043,overwhelmed,2026-07-11 19:34:00
CHK_000912,USR_017,calm_needed,2026-08-14 16:20:00
CHK_000913,USR_097,well,2026-08-20 07:11:00
CHK_000914,USR_093,well,2026-08-14 21:48:00
CHK_000915,USR_087,overwhelmed,2026-07-29 21:05:00
CHK_000916,USR_034,well,2026-07-18 15:11:00
CHK_000917,USR_059,calm_needed,2026-06-02 20:07:00
CHK_000918,USR_040,well,2026-07-16 13:59:00
CHK_000919,USR_085,well,2026-06-17 22:55:00
CHK_000920,USR_009,well,2026-08-29 21:35:00
CHK_000921,USR_036,well,2026-08-15 10:29:00
CHK_000922,USR_036,well,2026-08-10 18:51:00
CHK_000923,USR_048,overwhelmed,2026-08-06 20:35:00
CHK_000924,USR_056,calm_needed,2026-08-16 15:20:00
CHK_000925,USR_077,well,2026-06-29 11:35:00
CHK_000926,USR_012,well,2026-06-18 10:53:00
CHK_000927,USR_042,well,2026-08-26 07:12:00
CHK_000928,USR_097,well,2026-06-22 20:35:00
CHK_000929,USR_012,overwhelmed,2026-07-08 11:51:00
CHK_000930,USR_083,well,2026-06-09 09:49:00
CHK_000931,USR_015,overwhelmed,2026-08-14 10:21:00
CHK_000932,USR_029,well,2026-07-04 18:41:00
CHK_000933,USR_053,well,2026-08-07 15:29:00
CHK_000934,USR_077,well,2026-08-24 07:58:00
CHK_000935,USR_046,calm_needed,2026-07-30 22:31:00
CHK_000936,USR_021,calm_needed,2026-07-01 16:23:00
CHK_000937,USR_056,well,2026-06-04 12:25:00
CHK_000938,USR_026,calm_needed,2026-08-20 06:10:00
CHK_000939,USR_033,well,2026-07-23 15:06:00
CHK_000940,USR_088,well,2026-06-19 16:39:00
CHK_000941,USR_095,overwhelmed,2026-08-06 17:02:00
CHK_000942,USR_062,well,2026-08-05 22:15:00
CHK_000943,USR_001,overwhelmed,2026-08-23 11:27:00
CHK_000944,USR_024,well,2026-07-30 15:39:00
CHK_000945,USR_068,overwhelmed,2026-07-12 20:36:00
CHK_000946,USR_023,overwhelmed,2026-07-27 16:26:00
CHK_000947,USR_036,well,2026-08-29 07:11:00
CHK_000948,USR_051,calm_needed,2026-08-12 15:31:00
CHK_000949,USR_086,overwhelmed,2026-07-09 07:00:00
CHK_000950,USR_075,calm_needed,2026-06-27 07:30:00
CHK_000951,USR_044,overwhelmed,2026-06-15 17:36:00
CHK_000952,USR_058,well,2026-06-24 15:45:00
CHK_000953,USR_063,well,2026-06-14 07:57:00
CHK_000954,USR_013,overwhelmed,2026-07-06 18:35:00
CHK_000955,USR_079,overwhelmed,2026-07-31 09:55:00
CHK_000956,USR_070,well,2026-07-06 11:02:00
CHK_000957,USR_076,well,2026-06-16 10:03:00
CHK_000958,USR_013,well,2026-08-17 11:11:00
CHK_000959,USR_069,well,2026-06-14 12:45:00
CHK_000960,USR_010,overwhelmed,2026-07-11 20:43:00
CHK_000961,USR_010,well,2026-08-26 13:58:00
CHK_000962,USR_089,overwhelmed,2026-07-01 08:16:00
CHK_000963,USR_014,calm_needed,2026-08-01 13:12:00
CHK_000964,USR_059,well,2026-08-12 11:24:00
CHK_000965,USR_070,well,2026-08-08 13:54:00
CHK_000966,USR_013,calm_needed,2026-08-14 12:46:00
CHK_000967,USR_044,calm_needed,2026-07-24 21:34:00
CHK_000968,USR_051,well,2026-07-28 20:00:00
CHK_000969,USR_070,overwhelmed,2026-08-09 13:28:00
CHK_000970,USR_039,overwhelmed,2026-07-30 08:04:00
CHK_000971,USR_071,calm_needed,2026-06-20 14:38:00
CHK_000972,USR_053,overwhelmed,2026-07-15 16:12:00
CHK_000973,USR_077,overwhelmed,2026-07-22 20:52:00
CHK_000974,USR_025,well,2026-08-11 13:41:00
CHK_000975,USR_031,well,2026-06-23 16:12:00
CHK_000976,USR_009,calm_needed,2026-08-22 21:38:00
CHK_000977,USR_051,overwhelmed,2026-07-25 19:10:00
CHK_000978,USR_083,well,2026-07-08 07:42:00
CHK_000979,USR_044,calm_needed,2026-07-12 06:34:00
CHK_000980,USR_061,calm_needed,2026-07-17 12:10:00
CHK_000981,USR_099,well,2026-06-12 11:45:00
CHK_000982,USR_094,well,2026-07-07 19:52:00
CHK_000983,USR_006,calm_needed,2026-08-28 09:10:00
CHK_000984,USR_070,overwhelmed,2026-06-11 14:22:00
CHK_000985,USR_035,well,2026-07-27 06:35:00
CHK_000986,USR_007,well,2026-06-17 08:15:00
CHK_000987,USR_094,calm_needed,2026-07-15 20:45:00
CHK_000988,USR_045,well,2026-07-17 11:22:00
CHK_000989,USR_075,well,2026-08-20 22:40:00
CHK_000990,USR_028,well,2026-07-20 11:26:00
CHK_000991,USR_013,overwhelmed,2026-07-23 07:03:00
CHK_000992,USR_022,well,2026-08-29 09:00:00
CHK_000993,USR_039,well,2026-07-31 08:07:00
CHK_000994,USR_081,overwhelmed,2026-07-20 16:26:00
CHK_000995,USR_014,well,2026-06-28 21:34:00
CHK_000996,USR_047,well,2026-06-04 10:16:00
CHK_000997,USR_035,calm_needed,2026-07-18 12:40:00
CHK_000998,USR_009,calm_needed,2026-08-14 07:43:00
CHK_000999,USR_038,well,2026-08-29 12:00:00
CHK_001000,USR_098,overwhelmed,2026-08-29 18:05:00
CHK_001001,USR_003,overwhelmed,2026-08-25 10:17:00
CHK_001002,USR_093,calm_needed,2026-07-12 06:09:00
CHK_001003,USR_095,calm_needed,2026-06-27 12:08:00
CHK_001004,USR_002,well,2026-06-29 06:42:00
CHK_001005,USR_047,well,2026-07-22 12:52:00
CHK_001006,USR_013,well,2026-06-07 16:17:00
CHK_001007,USR_023,well,2026-07-03 17:58:00
CHK_001008,USR_047,well,2026-08-21 09:48:00
CHK_001009,USR_008,well,2026-08-05 17:05:00
CHK_001010,USR_048,well,2026-08-24 21:30:00
CHK_001011,USR_063,well,2026-07-21 22:08:00
CHK_001012,USR_083,well,2026-08-08 10:41:00
CHK_001013,USR_085,well,2026-07-09 20:06:00
CHK_001014,USR_017,well,2026-08-22 15:27:00
CHK_001015,USR_063,well,2026-06-12 20:37:00
CHK_001016,USR_052,well,2026-06-08 13:54:00
CHK_001017,USR_051,overwhelmed,2026-07-21 08:44:00
CHK_001018,USR_054,overwhelmed,2026-08-06 21:08:00
CHK_001019,USR_095,well,2026-08-10 20:06:00
CHK_001020,USR_019,well,2026-06-24 22:36:00
CHK_001021,USR_035,well,2026-08-19 19:07:00
CHK_001022,USR_008,well,2026-06-12 22:59:00
CHK_001023,USR_054,well,2026-07-11 09:56:00
CHK_001024,USR_071,well,2026-08-08 16:24:00
CHK_001025,USR_041,well,2026-08-17 20:08:00
CHK_001026,USR_002,well,2026-08-07 19:56:00
CHK_001027,USR_095,calm_needed,2026-06-08 11:15:00
CHK_001028,USR_012,well,2026-07-15 18:04:00
CHK_001029,USR_019,well,2026-08-21 07:09:00
CHK_001030,USR_051,well,2026-08-02 17:46:00
CHK_001031,USR_065,calm_needed,2026-07-25 16:18:00
CHK_001032,USR_026,well,2026-06-14 18:43:00
CHK_001033,USR_065,well,2026-07-13 17:54:00
CHK_001034,USR_075,overwhelmed,2026-07-03 22:36:00
CHK_001035,USR_013,well,2026-07-10 21:37:00
CHK_001036,USR_054,overwhelmed,2026-07-24 21:27:00
CHK_001037,USR_043,overwhelmed,2026-07-16 13:43:00
CHK_001038,USR_060,calm_needed,2026-06-26 13:20:00
CHK_001039,USR_022,well,2026-06-23 16:42:00
CHK_001040,USR_038,overwhelmed,2026-06-18 20:32:00
CHK_001041,USR_021,well,2026-07-15 17:17:00
CHK_001042,USR_084,overwhelmed,2026-07-21 15:06:00
CHK_001043,USR_058,overwhelmed,2026-06-06 14:52:00
CHK_001044,USR_081,well,2026-08-29 13:47:00
CHK_001045,USR_047,well,2026-06-20 10:53:00
CHK_001046,USR_063,well,2026-07-11 07:24:00
CHK_001047,USR_045,well,2026-08-14 11:05:00
CHK_001048,USR_061,overwhelmed,2026-07-10 08:54:00
CHK_001049,USR_007,well,2026-06-19 22:51:00
CHK_001050,USR_054,well,2026-08-01 06:35:00
CHK_001051,USR_052,overwhelmed,2026-08-28 21:33:00
CHK_001052,USR_082,calm_needed,2026-06-25 21:53:00
CHK_001053,USR_060,well,2026-06-19 06:33:00
CHK_001054,USR_081,overwhelmed,2026-06-18 07:24:00
CHK_001055,USR_062,well,2026-08-09 14:47:00
CHK_001056,USR_075,well,2026-06-10 14:30:00
CHK_001057,USR_068,well,2026-06-09 18:08:00
CHK_001058,USR_028,calm_needed,2026-06-15 08:56:00
CHK_001059,USR_049,calm_needed,2026-06-20 20:17:00
CHK_001060,USR_082,overwhelmed,2026-06-04 15:44:00
CHK_001061,USR_031,well,2026-06-08 08:47:00
CHK_001062,USR_006,well,2026-06-11 08:36:00
CHK_001063,USR_087,well,2026-06-13 17:36:00
CHK_001064,USR_077,overwhelmed,2026-07-22 12:01:00
CHK_001065,USR_093,calm_needed,2026-07-10 12:20:00
CHK_001066,USR_034,well,2026-07-21 10:54:00
CHK_001067,USR_014,well,2026-06-20 17:54:00
CHK_001068,USR_070,well,2026-06-13 12:27:00
CHK_001069,USR_053,well,2026-07-28 08:17:00
CHK_001070,USR_034,calm_needed,2026-08-08 20:15:00
CHK_001071,USR_083,overwhelmed,2026-06-15 17:54:00
CHK_001072,USR_013,well,2026-08-22 11:35:00
CHK_001073,USR_036,well,2026-08-28 21:46:00
CHK_001074,USR_082,well,2026-08-21 21:51:00
CHK_001075,USR_056,calm_needed,2026-07-15 18:06:00
CHK_001076,USR_077,well,2026-06-25 11:23:00
CHK_001077,USR_087,overwhelmed,2026-06-25 22:45:00
CHK_001078,USR_053,calm_needed,2026-06-28 08:10:00
CHK_001079,USR_013,overwhelmed,2026-08-29 21:20:00
CHK_001080,USR_025,calm_needed,2026-07-29 13:50:00
CHK_001081,USR_034,calm_needed,2026-07-29 12:08:00
CHK_001082,USR_063,calm_needed,2026-08-11 09:34:00
CHK_001083,USR_017,well,2026-06-07 06:26:00
CHK_001084,USR_009,calm_needed,2026-08-26 14:58:00
CHK_001085,USR_056,well,2026-07-20 09:36:00
CHK_001086,USR_063,calm_needed,2026-07-18 10:47:00
CHK_001087,USR_074,well,2026-08-01 08:51:00
CHK_001088,USR_073,overwhelmed,2026-07-31 22:59:00
CHK_001089,USR_012,well,2026-07-20 19:49:00
CHK_001090,USR_095,well,2026-06-15 09:54:00
CHK_001091,USR_026,well,2026-07-17 18:40:00
CHK_001092,USR_097,calm_needed,2026-07-31 22:12:00
CHK_001093,USR_039,well,2026-08-17 07:17:00
CHK_001094,USR_089,calm_needed,2026-07-01 11:13:00
CHK_001095,USR_026,calm_needed,2026-08-20 10:13:00
CHK_001096,USR_054,calm_needed,2026-08-23 08:36:00
CHK_001097,USR_068,well,2026-07-13 22:15:00
CHK_001098,USR_076,overwhelmed,2026-08-24 12:33:00
CHK_001099,USR_034,calm_needed,2026-08-28 10:04:00
CHK_001100,USR_036,well,2026-07-07 13:08:00
CHK_001101,USR_023,well,2026-06-09 16:35:00
CHK_001102,USR_031,well,2026-07-04 11:58:00
CHK_001103,USR_075,well,2026-08-04 06:00:00
CHK_001104,USR_053,overwhelmed,2026-08-21 16:58:00
CHK_001105,USR_074,calm_needed,2026-07-25 09:59:00
CHK_001106,USR_025,well,2026-08-26 15:23:00
CHK_001107,USR_042,well,2026-06-18 18:48:00
CHK_001108,USR_070,overwhelmed,2026-07-12 22:14:00
CHK_001109,USR_070,well,2026-06-30 07:57:00
CHK_001110,USR_082,overwhelmed,2026-06-18 15:06:00
CHK_001111,USR_026,well,2026-08-04 09:45:00
CHK_001112,USR_087,well,2026-06-29 19:08:00
CHK_001113,USR_044,calm_needed,2026-07-21 11:19:00
CHK_001114,USR_001,well,2026-08-04 22:48:00
CHK_001115,USR_008,well,2026-08-22 08:29:00
CHK_001116,USR_097,well,2026-06-29 14:41:00
CHK_001117,USR_095,well,2026-06-18 22:37:00
CHK_001118,USR_017,well,2026-07-26 08:55:00
CHK_001119,USR_035,calm_needed,2026-07-05 06:51:00
CHK_001120,USR_012,overwhelmed,2026-08-04 06:26:00
CHK_001121,USR_013,well,2026-07-31 13:25:00
CHK_001122,USR_077,calm_needed,2026-08-13 16:16:00
CHK_001123,USR_089,well,2026-07-14 12:43:00
CHK_001124,USR_040,well,2026-08-07 19:13:00
CHK_001125,USR_062,well,2026-06-02 15:49:00
CHK_001126,USR_053,overwhelmed,2026-08-09 14:19:00
CHK_001127,USR_012,well,2026-07-28 11:18:00
CHK_001128,USR_045,well,2026-06-23 18:06:00
CHK_001129,USR_096,calm_needed,2026-08-18 09:44:00
CHK_001130,USR_012,calm_needed,2026-08-08 07:54:00
CHK_001131,USR_053,well,2026-07-08 21:13:00
CHK_001132,USR_077,calm_needed,2026-08-06 07:32:00
CHK_001133,USR_092,calm_needed,2026-06-03 16:06:00
CHK_001134,USR_058,overwhelmed,2026-07-22 11:38:00
CHK_001135,USR_083,well,2026-06-30 09:20:00
CHK_001136,USR_013,overwhelmed,2026-08-13 20:41:00
CHK_001137,USR_093,well,2026-08-19 14:31:00
CHK_001138,USR_083,calm_needed,2026-08-20 19:58:00
CHK_001139,USR_019,well,2026-07-06 12:12:00
CHK_001140,USR_071,well,2026-06-22 06:10:00
CHK_001141,USR_063,well,2026-07-13 11:40:00
CHK_001142,USR_014,well,2026-06-17 10:56:00
CHK_001143,USR_052,calm_needed,2026-08-01 14:03:00
CHK_001144,USR_017,well,2026-07-10 16:20:00
CHK_001145,USR_089,calm_needed,2026-06-24 15:44:00
CHK_001146,USR_075,well,2026-08-23 10:44:00
CHK_001147,USR_040,well,2026-07-19 09:17:00
CHK_001148,USR_061,well,2026-07-17 16:43:00
CHK_001149,USR_027,overwhelmed,2026-06-15 10:54:00
CHK_001150,USR_092,overwhelmed,2026-08-28 19:27:00
CHK_001151,USR_084,calm_needed,2026-06-03 07:32:00
CHK_001152,USR_060,well,2026-07-03 17:48:00
CHK_001153,USR_075,overwhelmed,2026-07-19 08:07:00
CHK_001154,USR_094,well,2026-06-07 19:45:00
CHK_001155,USR_003,well,2026-07-24 06:48:00
CHK_001156,USR_007,well,2026-06-16 13:28:00
CHK_001157,USR_064,overwhelmed,2026-06-20 21:06:00
CHK_001158,USR_056,well,2026-08-29 19:06:00
CHK_001159,USR_003,well,2026-08-23 08:51:00
CHK_001160,USR_043,well,2026-06-02 19:43:00
CHK_001161,USR_090,overwhelmed,2026-07-14 06:12:00
CHK_001162,USR_070,well,2026-06-26 21:35:00
CHK_001163,USR_002,overwhelmed,2026-08-26 20:12:00
CHK_001164,USR_086,well,2026-06-02 19:02:00
CHK_001165,USR_072,well,2026-08-17 21:18:00
CHK_001166,USR_068,well,2026-06-06 18:35:00
CHK_001167,USR_035,overwhelmed,2026-07-21 13:06:00
CHK_001168,USR_061,overwhelmed,2026-08-23 16:36:00
CHK_001169,USR_086,well,2026-06-11 20:02:00
CHK_001170,USR_074,well,2026-07-07 14:14:00
CHK_001171,USR_031,calm_needed,2026-06-26 13:20:00
CHK_001172,USR_073,calm_needed,2026-08-27 08:54:00
CHK_001173,USR_074,well,2026-06-12 11:43:00
CHK_001174,USR_055,overwhelmed,2026-06-10 22:16:00
CHK_001175,USR_082,overwhelmed,2026-06-01 17:38:00
CHK_001176,USR_017,overwhelmed,2026-08-24 09:17:00
CHK_001177,USR_093,well,2026-08-20 15:33:00
CHK_001178,USR_035,well,2026-06-11 17:08:00
CHK_001179,USR_030,calm_needed,2026-07-23 09:09:00
CHK_001180,USR_027,well,2026-07-06 15:11:00
CHK_001181,USR_087,well,2026-08-24 17:49:00
CHK_001182,USR_090,well,2026-08-26 12:08:00
CHK_001183,USR_075,well,2026-07-31 17:21:00
CHK_001184,USR_092,overwhelmed,2026-06-06 22:50:00
CHK_001185,USR_052,well,2026-06-10 13:20:00
CHK_001186,USR_064,overwhelmed,2026-07-09 06:58:00
CHK_001187,USR_076,well,2026-08-15 21:41:00
CHK_001188,USR_053,calm_needed,2026-07-22 15:31:00
CHK_001189,USR_051,well,2026-06-23 07:56:00
CHK_001190,USR_085,calm_needed,2026-07-01 12:39:00
CHK_001191,USR_026,well,2026-07-17 06:36:00
CHK_001192,USR_048,overwhelmed,2026-06-18 19:23:00
CHK_001193,USR_089,overwhelmed,2026-07-23 15:22:00
CHK_001194,USR_096,overwhelmed,2026-07-28 09:32:00
CHK_001195,USR_072,overwhelmed,2026-08-07 15:18:00
CHK_001196,USR_031,well,2026-07-28 21:00:00
CHK_001197,USR_045,well,2026-06-08 21:04:00
CHK_001198,USR_008,well,2026-08-22 08:25:00
CHK_001199,USR_010,overwhelmed,2026-08-15 07:10:00
CHK_001200,USR_055,well,2026-08-25 17:01:00
CHK_001201,USR_043,well,2026-08-29 17:15:00
CHK_001202,USR_076,well,2026-08-12 20:36:00
CHK_001203,USR_020,well,2026-07-22 18:40:00
CHK_001204,USR_034,overwhelmed,2026-06-07 13:27:00
CHK_001205,USR_034,well,2026-08-24 11:00:00
CHK_001206,USR_071,well,2026-07-31 10:22:00
CHK_001207,USR_051,calm_needed,2026-07-10 18:22:00
CHK_001208,USR_036,calm_needed,2026-08-07 13:15:00
CHK_001209,USR_035,calm_needed,2026-07-14 17:25:00
CHK_001210,USR_089,calm_needed,2026-06-09 17:04:00
CHK_001211,USR_042,calm_needed,2026-07-26 08:04:00
CHK_001212,USR_019,calm_needed,2026-07-28 19:10:00
CHK_001213,USR_029,overwhelmed,2026-07-03 12:55:00
CHK_001214,USR_093,overwhelmed,2026-07-21 15:42:00
CHK_001215,USR_075,calm_needed,2026-06-05 15:11:00
CHK_001216,USR_092,calm_needed,2026-08-19 13:35:00
CHK_001217,USR_040,overwhelmed,2026-07-06 10:02:00
CHK_001218,USR_087,well,2026-07-13 08:56:00
CHK_001219,USR_076,well,2026-06-04 14:44:00
CHK_001220,USR_032,well,2026-08-19 17:51:00
CHK_001221,USR_051,calm_needed,2026-07-09 22:47:00
CHK_001222,USR_088,well,2026-07-16 15:53:00
CHK_001223,USR_063,well,2026-07-08 09:48:00
CHK_001224,USR_061,overwhelmed,2026-08-26 07:48:00
CHK_001225,USR_068,well,2026-07-01 20:39:00
CHK_001226,USR_053,well,2026-07-25 22:59:00
CHK_001227,USR_055,well,2026-08-16 20:26:00
CHK_001228,USR_051,overwhelmed,2026-06-30 09:02:00
CHK_001229,USR_009,well,2026-07-19 17:54:00
CHK_001230,USR_075,calm_needed,2026-07-14 20:22:00
CHK_001231,USR_053,calm_needed,2026-08-18 22:49:00
CHK_001232,USR_068,well,2026-07-15 19:35:00
CHK_001233,USR_079,well,2026-07-14 12:56:00
CHK_001234,USR_036,well,2026-07-04 07:04:00
CHK_001235,USR_049,calm_needed,2026-07-11 18:38:00
CHK_001236,USR_050,overwhelmed,2026-07-30 13:00:00
CHK_001237,USR_031,well,2026-08-24 22:08:00
CHK_001238,USR_002,well,2026-08-01 13:37:00
CHK_001239,USR_031,overwhelmed,2026-07-20 06:12:00
CHK_001240,USR_090,well,2026-07-13 22:35:00
CHK_001241,USR_042,well,2026-06-06 06:06:00
CHK_001242,USR_064,well,2026-08-19 19:22:00
CHK_001243,USR_056,well,2026-06-25 10:55:00
CHK_001244,USR_035,overwhelmed,2026-07-27 06:00:00
CHK_001245,USR_083,well,2026-07-10 08:24:00
CHK_001246,USR_053,calm_needed,2026-07-25 17:44:00
CHK_001247,USR_051,well,2026-08-26 11:50:00
CHK_001248,USR_036,calm_needed,2026-08-12 22:01:00
CHK_001249,USR_070,calm_needed,2026-08-02 15:41:00
CHK_001250,USR_080,well,2026-06-27 20:01:00
CHK_001251,USR_071,calm_needed,2026-06-17 10:38:00
CHK_001252,USR_095,well,2026-08-10 22:38:00
CHK_001253,USR_017,well,2026-06-25 10:29:00
CHK_001254,USR_063,well,2026-08-12 09:50:00
CHK_001255,USR_033,well,2026-07-12 17:17:00
CHK_001256,USR_077,well,2026-06-23 22:00:00
CHK_001257,USR_046,overwhelmed,2026-06-15 08:21:00
CHK_001258,USR_036,well,2026-06-20 06:20:00
CHK_001259,USR_053,well,2026-07-17 12:59:00
CHK_001260,USR_086,overwhelmed,2026-07-02 12:48:00
CHK_001261,USR_088,well,2026-07-24 07:06:00
CHK_001262,USR_013,overwhelmed,2026-07-29 14:58:00
CHK_001263,USR_012,well,2026-07-21 08:17:00
CHK_001264,USR_036,well,2026-06-04 12:19:00
CHK_001265,USR_089,overwhelmed,2026-08-05 16:13:00
CHK_001266,USR_029,well,2026-06-20 11:54:00
CHK_001267,USR_042,well,2026-06-01 12:56:00
CHK_001268,USR_095,overwhelmed,2026-07-20 15:37:00
CHK_001269,USR_053,overwhelmed,2026-08-05 15:14:00
CHK_001270,USR_097,overwhelmed,2026-08-07 12:40:00
CHK_001271,USR_063,overwhelmed,2026-07-04 11:49:00
CHK_001272,USR_075,well,2026-07-04 17:14:00
CHK_001273,USR_086,well,2026-07-02 08:02:00
CHK_001274,USR_095,well,2026-08-06 17:28:00
CHK_001275,USR_064,well,2026-08-05 09:09:00
CHK_001276,USR_026,overwhelmed,2026-06-06 10:31:00
CHK_001277,USR_023,calm_needed,2026-08-22 11:03:00
CHK_001278,USR_045,overwhelmed,2026-08-07 10:39:00
CHK_001279,USR_038,overwhelmed,2026-07-26 17:24:00
CHK_001280,USR_087,overwhelmed,2026-08-17 18:26:00
CHK_001281,USR_019,well,2026-08-20 14:01:00
CHK_001282,USR_044,overwhelmed,2026-07-22 16:58:00
CHK_001283,USR_034,calm_needed,2026-07-25 08:34:00
CHK_001284,USR_097,well,2026-08-08 12:38:00
CHK_001285,USR_010,well,2026-06-12 18:55:00
CHK_001286,USR_044,well,2026-08-19 18:34:00
CHK_001287,USR_036,overwhelmed,2026-06-11 12:52:00
CHK_001288,USR_065,well,2026-07-04 08:07:00
CHK_001289,USR_048,well,2026-08-05 11:40:00
CHK_001290,USR_068,overwhelmed,2026-07-20 21:24:00
CHK_001291,USR_034,overwhelmed,2026-07-15 16:05:00
CHK_001292,USR_010,calm_needed,2026-08-09 11:01:00
CHK_001293,USR_065,well,2026-08-18 22:28:00
CHK_001294,USR_077,well,2026-07-03 20:04:00
CHK_001295,USR_066,well,2026-07-07 15:14:00
CHK_001296,USR_071,well,2026-08-21 06:15:00
CHK_001297,USR_014,overwhelmed,2026-06-28 07:29:00
CHK_001298,USR_028,overwhelmed,2026-08-08 12:44:00
CHK_001299,USR_067,well,2026-07-28 18:26:00
CHK_001300,USR_048,calm_needed,2026-07-17 11:04:00
CHK_001301,USR_063,overwhelmed,2026-06-15 21:30:00
CHK_001302,USR_093,well,2026-07-24 12:03:00
CHK_001303,USR_080,calm_needed,2026-06-29 16:32:00
CHK_001304,USR_008,well,2026-06-21 12:30:00
CHK_001305,USR_002,overwhelmed,2026-07-06 16:46:00
CHK_001306,USR_068,calm_needed,2026-07-05 12:00:00
CHK_001307,USR_047,well,2026-08-06 07:17:00
CHK_001308,USR_062,well,2026-08-13 10:08:00
CHK_001309,USR_051,well,2026-07-31 15:49:00
CHK_001310,USR_054,calm_needed,2026-07-19 20:05:00
CHK_001311,USR_097,overwhelmed,2026-06-05 19:25:00
CHK_001312,USR_069,well,2026-06-26 13:04:00
CHK_001313,USR_068,well,2026-06-01 21:36:00
CHK_001314,USR_074,well,2026-06-13 21:54:00
CHK_001315,USR_088,well,2026-06-27 11:25:00
CHK_001316,USR_045,well,2026-07-16 16:07:00
CHK_001317,USR_056,well,2026-08-03 11:20:00
CHK_001318,USR_065,overwhelmed,2026-08-24 13:57:00
CHK_001319,USR_065,overwhelmed,2026-06-09 20:29:00
CHK_001320,USR_061,well,2026-08-19 09:19:00
CHK_001321,USR_044,well,2026-08-10 14:39:00
CHK_001322,USR_054,calm_needed,2026-07-18 11:30:00
CHK_001323,USR_035,well,2026-08-12 18:25:00
CHK_001324,USR_028,well,2026-08-11 10:41:00
CHK_001325,USR_037,overwhelmed,2026-06-27 19:01:00
CHK_001326,USR_087,well,2026-06-01 15:41:00
CHK_001327,USR_010,overwhelmed,2026-08-06 11:57:00
CHK_001328,USR_079,overwhelmed,2026-08-21 07:11:00
CHK_001329,USR_052,overwhelmed,2026-06-24 21:19:00
CHK_001330,USR_034,well,2026-06-01 18:29:00
CHK_001331,USR_080,well,2026-07-25 16:23:00
CHK_001332,USR_052,well,2026-06-26 18:00:00
CHK_001333,USR_092,well,2026-06-24 09:15:00
CHK_001334,USR_076,overwhelmed,2026-07-24 20:15:00
CHK_001335,USR_037,well,2026-08-04 20:25:00
CHK_001336,USR_048,well,2026-06-13 15:10:00
CHK_001337,USR_033,well,2026-07-20 12:58:00
CHK_001338,USR_027,calm_needed,2026-07-19 06:36:00
CHK_001339,USR_021,well,2026-08-10 09:19:00
CHK_001340,USR_094,well,2026-06-28 18:00:00
CHK_001341,USR_008,overwhelmed,2026-06-30 09:56:00
CHK_001342,USR_054,well,2026-08-22 06:04:00
CHK_001343,USR_013,well,2026-07-23 09:35:00
CHK_001344,USR_025,well,2026-08-21 21:40:00
CHK_001345,USR_025,well,2026-07-14 12:46:00
CHK_001346,USR_003,well,2026-08-24 22:15:00
CHK_001347,USR_013,well,2026-08-17 22:36:00
CHK_001348,USR_001,well,2026-06-14 06:34:00
CHK_001349,USR_013,well,2026-07-21 07:50:00
CHK_001350,USR_087,overwhelmed,2026-08-21 21:03:00
CHK_001351,USR_046,overwhelmed,2026-06-12 08:04:00
CHK_001352,USR_093,calm_needed,2026-08-13 16:16:00
CHK_001353,USR_026,well,2026-07-19 06:35:00
CHK_001354,USR_028,well,2026-07-27 19:24:00
CHK_001355,USR_074,well,2026-06-29 20:28:00
CHK_001356,USR_049,well,2026-07-19 17:38:00
CHK_001357,USR_068,well,2026-08-01 15:37:00
CHK_001358,USR_092,calm_needed,2026-06-20 21:24:00
CHK_001359,USR_008,well,2026-08-17 06:27:00
CHK_001360,USR_009,well,2026-06-05 10:30:00
CHK_001361,USR_007,well,2026-07-03 08:29:00
CHK_001362,USR_079,well,2026-08-29 14:25:00
CHK_001363,USR_045,calm_needed,2026-08-07 18:38:00
CHK_001364,USR_083,well,2026-06-09 07:53:00
CHK_001365,USR_012,well,2026-07-17 07:31:00
CHK_001366,USR_086,overwhelmed,2026-07-28 15:43:00
CHK_001367,USR_097,well,2026-08-28 07:36:00
CHK_001368,USR_013,well,2026-07-25 08:12:00
CHK_001369,USR_066,well,2026-06-24 11:42:00
CHK_001370,USR_089,overwhelmed,2026-08-15 22:35:00
CHK_001371,USR_065,well,2026-08-29 09:39:00
CHK_001372,USR_067,overwhelmed,2026-07-23 16:59:00
CHK_001373,USR_089,overwhelmed,2026-08-12 13:24:00
CHK_001374,USR_036,overwhelmed,2026-08-11 13:31:00
CHK_001375,USR_049,well,2026-07-20 15:28:00
CHK_001376,USR_074,well,2026-08-22 10:18:00
CHK_001377,USR_097,well,2026-06-07 17:07:00
CHK_001378,USR_065,overwhelmed,2026-08-08 22:25:00
CHK_001379,USR_075,well,2026-06-28 06:42:00
CHK_001380,USR_052,calm_needed,2026-06-30 21:12:00
CHK_001381,USR_051,well,2026-08-04 22:37:00
CHK_001382,USR_088,overwhelmed,2026-07-20 11:41:00
CHK_001383,USR_061,well,2026-08-11 15:16:00
CHK_001384,USR_026,well,2026-08-09 19:21:00
CHK_001385,USR_052,well,2026-06-12 08:13:00
CHK_001386,USR_013,calm_needed,2026-08-10 13:49:00
CHK_001387,USR_049,well,2026-06-10 14:14:00
CHK_001388,USR_087,well,2026-07-21 07:34:00
CHK_001389,USR_009,well,2026-07-29 11:54:00
CHK_001390,USR_061,well,2026-08-06 12:08:00
CHK_001391,USR_068,calm_needed,2026-06-11 09:04:00
CHK_001392,USR_001,well,2026-06-29 17:12:00
CHK_001393,USR_002,well,2026-08-19 21:23:00
CHK_001394,USR_075,well,2026-07-28 19:28:00
CHK_001395,USR_031,well,2026-07-30 15:40:00
CHK_001396,USR_089,well,2026-08-03 07:23:00
CHK_001397,USR_070,overwhelmed,2026-06-26 08:57:00
CHK_001398,USR_064,well,2026-08-04 08:53:00
CHK_001399,USR_039,calm_needed,2026-08-26 06:20:00
CHK_001400,USR_013,calm_needed,2026-07-14 09:27:00
CHK_001401,USR_092,calm_needed,2026-07-10 08:11:00
CHK_001402,USR_023,calm_needed,2026-07-16 10:08:00
CHK_001403,USR_019,overwhelmed,2026-08-05 06:38:00
CHK_001404,USR_002,well,2026-07-30 16:22:00
CHK_001405,USR_072,overwhelmed,2026-06-27 08:01:00
CHK_001406,USR_083,well,2026-06-05 18:20:00
CHK_001407,USR_053,overwhelmed,2026-07-08 07:56:00
CHK_001408,USR_052,well,2026-08-06 06:00:00
CHK_001409,USR_088,well,2026-06-12 21:24:00
CHK_001410,USR_067,well,2026-06-05 07:21:00
CHK_001411,USR_003,calm_needed,2026-07-24 08:59:00
CHK_001412,USR_053,calm_needed,2026-08-27 13:53:00
CHK_001413,USR_054,well,2026-08-23 21:49:00
CHK_001414,USR_033,overwhelmed,2026-07-09 19:31:00
CHK_001415,USR_008,overwhelmed,2026-07-14 14:39:00
CHK_001416,USR_010,well,2026-08-16 20:35:00
CHK_001417,USR_029,calm_needed,2026-08-19 14:09:00
CHK_001418,USR_013,well,2026-06-07 09:25:00
CHK_001419,USR_031,well,2026-08-29 19:14:00
CHK_001420,USR_082,well,2026-06-17 16:16:00
CHK_001421,USR_054,well,2026-06-30 12:55:00
CHK_001422,USR_052,well,2026-07-03 12:39:00
CHK_001423,USR_036,well,2026-07-31 22:18:00
CHK_001424,USR_081,well,2026-07-04 09:09:00
CHK_001425,USR_095,overwhelmed,2026-06-16 22:15:00
CHK_001426,USR_089,well,2026-06-16 13:11:00
CHK_001427,USR_070,well,2026-07-13 09:47:00
CHK_001428,USR_026,overwhelmed,2026-08-27 07:08:00
CHK_001429,USR_002,well,2026-06-03 11:38:00
CHK_001430,USR_058,overwhelmed,2026-08-09 18:33:00
CHK_001431,USR_050,calm_needed,2026-06-14 12:45:00
CHK_001432,USR_046,well,2026-07-29 15:31:00
CHK_001433,USR_052,calm_needed,2026-07-28 21:23:00
CHK_001434,USR_097,calm_needed,2026-06-25 19:17:00
CHK_001435,USR_052,overwhelmed,2026-08-03 13:19:00
CHK_001436,USR_054,calm_needed,2026-06-30 08:42:00
CHK_001437,USR_081,well,2026-08-26 17:14:00
CHK_001438,USR_040,well,2026-08-18 16:25:00
CHK_001439,USR_064,calm_needed,2026-06-04 11:22:00
CHK_001440,USR_055,overwhelmed,2026-06-28 07:58:00
CHK_001441,USR_012,well,2026-06-18 19:53:00
CHK_001442,USR_099,well,2026-06-11 17:11:00
CHK_001443,USR_075,well,2026-07-26 16:38:00
CHK_001444,USR_076,well,2026-06-15 21:21:00
CHK_001445,USR_093,well,2026-07-20 18:04:00
CHK_001446,USR_052,overwhelmed,2026-06-09 08:36:00
CHK_001447,USR_034,calm_needed,2026-08-11 22:16:00
CHK_001448,USR_053,calm_needed,2026-08-25 19:02:00
CHK_001449,USR_060,overwhelmed,2026-08-05 07:14:00
CHK_001450,USR_022,well,2026-06-07 19:43:00
CHK_001451,USR_002,well,2026-08-09 11:26:00
CHK_001452,USR_071,calm_needed,2026-06-24 11:33:00
CHK_001453,USR_001,calm_needed,2026-08-25 06:17:00
CHK_001454,USR_022,well,2026-06-28 13:59:00
CHK_001455,USR_090,overwhelmed,2026-06-11 15:34:00
CHK_001456,USR_093,overwhelmed,2026-08-21 19:17:00
CHK_001457,USR_070,well,2026-07-23 13:03:00
CHK_001458,USR_077,well,2026-07-19 07:29:00
CHK_001459,USR_059,well,2026-06-26 10:33:00
CHK_001460,USR_044,well,2026-07-09 12:27:00
CHK_001461,USR_018,well,2026-06-04 15:17:00
CHK_001462,USR_053,well,2026-06-28 10:02:00
CHK_001463,USR_042,overwhelmed,2026-06-20 21:59:00
CHK_001464,USR_088,well,2026-06-07 12:45:00
CHK_001465,USR_075,overwhelmed,2026-06-09 21:50:00
CHK_001466,USR_017,overwhelmed,2026-06-25 19:43:00
CHK_001467,USR_090,well,2026-08-18 21:26:00
CHK_001468,USR_044,well,2026-06-19 20:13:00
CHK_001469,USR_012,calm_needed,2026-06-30 08:36:00
CHK_001470,USR_086,calm_needed,2026-06-02 17:53:00
CHK_001471,USR_036,well,2026-06-02 14:46:00
CHK_001472,USR_056,overwhelmed,2026-07-25 13:36:00
CHK_001473,USR_063,calm_needed,2026-06-06 17:39:00
CHK_001474,USR_053,well,2026-06-01 16:51:00
CHK_001475,USR_060,calm_needed,2026-08-08 22:07:00
CHK_001476,USR_049,calm_needed,2026-08-26 08:49:00
CHK_001477,USR_035,overwhelmed,2026-08-23 08:59:00
CHK_001478,USR_072,well,2026-07-16 16:47:00
CHK_001479,USR_052,overwhelmed,2026-07-19 19:37:00
CHK_001480,USR_053,overwhelmed,2026-07-10 07:31:00
CHK_001481,USR_087,overwhelmed,2026-07-03 20:45:00
CHK_001482,USR_029,well,2026-06-09 06:59:00
CHK_001483,USR_058,overwhelmed,2026-07-28 10:09:00
CHK_001484,USR_074,well,2026-06-13 06:19:00
CHK_001485,USR_009,well,2026-06-10 14:48:00
CHK_001486,USR_071,calm_needed,2026-06-10 22:48:00
CHK_001487,USR_042,well,2026-07-06 12:52:00
CHK_001488,USR_076,overwhelmed,2026-06-01 09:29:00
CHK_001489,USR_010,calm_needed,2026-07-22 11:42:00
CHK_001490,USR_083,overwhelmed,2026-06-07 16:55:00
CHK_001491,USR_074,overwhelmed,2026-06-12 12:58:00
CHK_001492,USR_092,well,2026-08-29 13:08:00
CHK_001493,USR_094,well,2026-07-25 09:24:00
CHK_001494,USR_026,well,2026-06-13 20:30:00
CHK_001495,USR_007,well,2026-07-12 17:36:00
CHK_001496,USR_093,overwhelmed,2026-06-14 18:54:00
CHK_001497,USR_084,well,2026-07-24 10:12:00
CHK_001498,USR_003,overwhelmed,2026-07-17 12:06:00
CHK_001499,USR_056,overwhelmed,2026-07-09 10:54:00
CHK_001500,USR_009,well,2026-08-20 06:45:00
CHK_001501,USR_048,well,2026-06-27 21:07:00
CHK_001502,USR_087,overwhelmed,2026-08-03 21:16:00
CHK_001503,USR_054,well,2026-06-08 11:37:00
CHK_001504,USR_094,calm_needed,2026-08-29 17:59:00
CHK_001505,USR_044,calm_needed,2026-08-12 12:41:00
CHK_001506,USR_078,well,2026-06-18 20:31:00
CHK_001507,USR_089,overwhelmed,2026-07-05 07:37:00
CHK_001508,USR_010,overwhelmed,2026-08-08 21:07:00
CHK_001509,USR_052,calm_needed,2026-08-25 16:09:00
CHK_001510,USR_054,well,2026-08-09 10:22:00
CHK_001511,USR_012,well,2026-08-19 19:21:00
CHK_001512,USR_074,well,2026-07-21 19:38:00
CHK_001513,USR_100,well,2026-07-03 17:33:00
CHK_001514,USR_010,well,2026-08-01 19:55:00
CHK_001515,USR_064,well,2026-06-03 11:19:00
CHK_001516,USR_028,well,2026-06-30 22:58:00
CHK_001517,USR_082,well,2026-06-18 18:43:00
CHK_001518,USR_028,well,2026-07-19 09:22:00
CHK_001519,USR_048,calm_needed,2026-08-09 14:46:00
CHK_001520,USR_054,overwhelmed,2026-07-24 17:20:00
CHK_001521,USR_065,well,2026-07-23 20:05:00
CHK_001522,USR_029,well,2026-07-22 21:42:00
CHK_001523,USR_074,overwhelmed,2026-06-12 18:09:00
CHK_001524,USR_025,well,2026-07-19 09:20:00
CHK_001525,USR_040,overwhelmed,2026-06-25 12:41:00
CHK_001526,USR_021,well,2026-08-10 16:08:00
CHK_001527,USR_082,well,2026-07-27 18:22:00
CHK_001528,USR_093,calm_needed,2026-08-27 21:32:00
CHK_001529,USR_081,overwhelmed,2026-07-01 18:30:00
CHK_001530,USR_097,overwhelmed,2026-08-14 07:38:00
CHK_001531,USR_051,calm_needed,2026-06-16 12:12:00
CHK_001532,USR_075,well,2026-06-19 12:37:00
CHK_001533,USR_087,well,2026-07-11 16:23:00
CHK_001534,USR_024,calm_needed,2026-08-22 11:42:00
CHK_001535,USR_049,calm_needed,2026-06-19 09:57:00
CHK_001536,USR_057,well,2026-07-31 12:08:00
CHK_001537,USR_057,overwhelmed,2026-06-06 15:27:00
CHK_001538,USR_035,well,2026-08-23 06:51:00
CHK_001539,USR_002,well,2026-07-01 22:54:00
CHK_001540,USR_031,overwhelmed,2026-06-26 22:21:00
CHK_001541,USR_044,well,2026-08-25 10:03:00
CHK_001542,USR_071,well,2026-08-16 10:54:00
CHK_001543,USR_058,well,2026-08-23 06:13:00
CHK_001544,USR_066,calm_needed,2026-07-16 21:45:00
CHK_001545,USR_029,overwhelmed,2026-06-08 08:24:00
CHK_001546,USR_092,well,2026-08-25 15:17:00
CHK_001547,USR_036,well,2026-06-13 06:04:00
CHK_001548,USR_081,overwhelmed,2026-08-17 08:46:00
CHK_001549,USR_052,well,2026-07-18 19:11:00
CHK_001550,USR_092,overwhelmed,2026-06-17 13:48:00
CHK_001551,USR_094,well,2026-08-03 16:56:00
CHK_001552,USR_012,overwhelmed,2026-08-09 09:23:00
CHK_001553,USR_020,well,2026-06-27 18:36:00
CHK_001554,USR_010,overwhelmed,2026-06-22 14:23:00
CHK_001555,USR_046,well,2026-08-11 21:37:00
CHK_001556,USR_052,well,2026-08-04 19:35:00
CHK_001557,USR_008,overwhelmed,2026-06-12 15:49:00
CHK_001558,USR_044,well,2026-07-22 06:12:00
CHK_001559,USR_066,overwhelmed,2026-06-24 14:30:00
CHK_001560,USR_009,well,2026-07-30 07:37:00
CHK_001561,USR_063,well,2026-08-09 08:55:00
CHK_001562,USR_044,calm_needed,2026-06-10 11:46:00
CHK_001563,USR_046,well,2026-06-15 14:23:00
CHK_001564,USR_061,well,2026-07-13 12:37:00
CHK_001565,USR_075,well,2026-08-04 07:55:00
CHK_001566,USR_036,overwhelmed,2026-06-20 09:11:00
CHK_001567,USR_014,calm_needed,2026-06-30 06:23:00
CHK_001568,USR_026,overwhelmed,2026-06-24 18:15:00
CHK_001569,USR_026,well,2026-06-26 07:15:00
CHK_001570,USR_089,well,2026-08-14 08:42:00
CHK_001571,USR_054,well,2026-07-24 12:41:00
CHK_001572,USR_056,well,2026-06-10 15:13:00
CHK_001573,USR_031,overwhelmed,2026-07-02 15:31:00
CHK_001574,USR_038,well,2026-06-02 22:29:00
CHK_001575,USR_001,calm_needed,2026-06-09 07:45:00
CHK_001576,USR_093,calm_needed,2026-07-23 09:59:00
CHK_001577,USR_010,calm_needed,2026-06-22 17:41:00
CHK_001578,USR_045,well,2026-08-22 21:46:00
CHK_001579,USR_032,calm_needed,2026-06-01 10:38:00
CHK_001580,USR_046,calm_needed,2026-08-20 13:32:00
CHK_001581,USR_051,well,2026-07-30 16:56:00
CHK_001582,USR_015,calm_needed,2026-07-07 09:12:00
CHK_001583,USR_001,well,2026-08-27 07:47:00
CHK_001584,USR_012,calm_needed,2026-06-28 08:56:00
CHK_001585,USR_075,overwhelmed,2026-07-12 14:59:00
CHK_001586,USR_100,overwhelmed,2026-08-08 14:57:00
CHK_001587,USR_034,well,2026-08-10 17:24:00
CHK_001588,USR_018,well,2026-07-04 14:59:00
CHK_001589,USR_063,well,2026-07-30 11:36:00
CHK_001590,USR_081,well,2026-07-28 19:35:00
CHK_001591,USR_089,well,2026-06-26 09:47:00
CHK_001592,USR_081,calm_needed,2026-08-19 17:15:00
CHK_001593,USR_016,well,2026-06-29 15:41:00
CHK_001594,USR_046,well,2026-06-21 06:14:00
CHK_001595,USR_075,calm_needed,2026-06-10 14:33:00
CHK_001596,USR_087,well,2026-07-31 15:53:00
CHK_001597,USR_011,well,2026-06-05 21:14:00
CHK_001598,USR_095,well,2026-06-17 22:33:00
CHK_001599,USR_012,overwhelmed,2026-07-12 08:58:00
CHK_001600,USR_083,well,2026-08-12 15:07:00
CHK_001601,USR_035,well,2026-08-08 11:29:00
CHK_001602,USR_070,well,2026-07-18 14:01:00
CHK_001603,USR_025,calm_needed,2026-07-24 08:08:00
CHK_001604,USR_081,calm_needed,2026-07-04 16:09:00
CHK_001605,USR_023,well,2026-06-02 07:31:00
CHK_001606,USR_070,well,2026-08-11 21:49:00
CHK_001607,USR_053,well,2026-06-08 15:45:00
CHK_001608,USR_042,well,2026-07-08 16:52:00
CHK_001609,USR_061,well,2026-08-21 15:33:00
CHK_001610,USR_092,well,2026-07-01 15:54:00
CHK_001611,USR_063,well,2026-08-17 09:25:00
CHK_001612,USR_042,well,2026-06-19 22:05:00
CHK_001613,USR_065,overwhelmed,2026-06-30 13:10:00
CHK_001614,USR_008,well,2026-06-22 15:40:00
CHK_001615,USR_074,overwhelmed,2026-08-28 07:01:00
CHK_001616,USR_095,overwhelmed,2026-07-05 14:12:00
CHK_001617,USR_036,well,2026-08-11 14:47:00
CHK_001618,USR_020,well,2026-07-10 10:40:00
CHK_001619,USR_008,well,2026-06-04 08:09:00
CHK_001620,USR_093,well,2026-06-12 18:16:00
CHK_001621,USR_053,calm_needed,2026-07-11 08:28:00
CHK_001622,USR_042,well,2026-07-04 22:53:00
CHK_001623,USR_012,overwhelmed,2026-07-28 13:27:00
CHK_001624,USR_077,calm_needed,2026-08-25 22:35:00
CHK_001625,USR_087,well,2026-08-01 17:36:00
CHK_001626,USR_093,well,2026-07-23 20:45:00
CHK_001627,USR_040,well,2026-06-27 17:39:00
CHK_001628,USR_082,well,2026-07-18 21:26:00
CHK_001629,USR_059,overwhelmed,2026-08-07 16:12:00
CHK_001630,USR_041,overwhelmed,2026-08-12 18:47:00
CHK_001631,USR_035,well,2026-08-16 12:27:00
CHK_001632,USR_005,overwhelmed,2026-08-16 18:57:00
CHK_001633,USR_041,overwhelmed,2026-08-25 18:57:00
CHK_001634,USR_055,well,2026-08-23 20:31:00
CHK_001635,USR_089,calm_needed,2026-08-01 18:58:00
CHK_001636,USR_081,well,2026-08-20 16:07:00
CHK_001637,USR_051,well,2026-08-23 21:13:00
CHK_001638,USR_070,well,2026-08-02 16:48:00
CHK_001639,USR_044,calm_needed,2026-07-29 17:14:00
CHK_001640,USR_045,well,2026-06-23 19:29:00
CHK_001641,USR_068,well,2026-08-10 20:51:00
CHK_001642,USR_060,well,2026-07-16 17:10:00
CHK_001643,USR_040,well,2026-07-22 07:21:00
CHK_001644,USR_093,well,2026-07-16 14:33:00
CHK_001645,USR_089,well,2026-07-31 13:15:00
CHK_001646,USR_087,well,2026-07-31 20:00:00
CHK_001647,USR_009,well,2026-06-14 09:17:00
CHK_001648,USR_049,overwhelmed,2026-06-10 22:38:00
CHK_001649,USR_003,well,2026-06-27 16:48:00
CHK_001650,USR_071,well,2026-06-15 08:46:00
CHK_001651,USR_026,well,2026-06-20 10:02:00
CHK_001652,USR_017,well,2026-06-26 07:22:00
CHK_001653,USR_088,well,2026-06-09 18:27:00
CHK_001654,USR_090,calm_needed,2026-08-20 11:35:00
CHK_001655,USR_095,well,2026-06-09 18:39:00
CHK_001656,USR_008,well,2026-07-14 19:03:00
CHK_001657,USR_014,overwhelmed,2026-06-10 09:19:00
CHK_001658,USR_049,calm_needed,2026-08-14 17:17:00
CHK_001659,USR_015,well,2026-08-02 17:20:00
CHK_001660,USR_068,overwhelmed,2026-07-20 08:51:00
CHK_001661,USR_081,well,2026-08-20 13:04:00
CHK_001662,USR_093,well,2026-06-23 14:53:00
CHK_001663,USR_089,calm_needed,2026-06-02 19:45:00
CHK_001664,USR_092,well,2026-06-16 20:25:00
CHK_001665,USR_047,well,2026-06-24 20:54:00
CHK_001666,USR_042,well,2026-06-02 15:34:00
CHK_001667,USR_002,well,2026-06-23 09:13:00
CHK_001668,USR_053,calm_needed,2026-08-04 09:31:00
CHK_001669,USR_060,well,2026-08-26 20:12:00
CHK_001670,USR_068,well,2026-06-24 18:23:00
CHK_001671,USR_031,well,2026-06-10 14:26:00
CHK_001672,USR_093,well,2026-06-28 06:16:00
CHK_001673,USR_034,well,2026-08-21 20:37:00
CHK_001674,USR_096,calm_needed,2026-08-15 19:43:00
CHK_001675,USR_020,overwhelmed,2026-08-18 12:57:00
CHK_001676,USR_054,well,2026-07-09 10:54:00
CHK_001677,USR_071,well,2026-08-24 10:55:00
CHK_001678,USR_035,well,2026-06-23 18:39:00
CHK_001679,USR_089,well,2026-07-28 06:15:00
CHK_001680,USR_051,well,2026-08-21 12:49:00
CHK_001681,USR_070,calm_needed,2026-06-23 15:42:00
CHK_001682,USR_065,overwhelmed,2026-08-10 14:12:00
CHK_001683,USR_068,overwhelmed,2026-06-21 07:31:00
CHK_001684,USR_065,overwhelmed,2026-06-06 18:20:00
CHK_001685,USR_077,calm_needed,2026-06-28 07:14:00
CHK_001686,USR_054,well,2026-06-15 11:51:00
CHK_001687,USR_075,well,2026-07-08 14:31:00
CHK_001688,USR_087,well,2026-08-09 19:27:00
CHK_001689,USR_092,well,2026-07-13 17:50:00
CHK_001690,USR_076,overwhelmed,2026-08-22 18:27:00
CHK_001691,USR_049,well,2026-06-29 22:03:00
CHK_001692,USR_079,calm_needed,2026-08-07 15:24:00
CHK_001693,USR_062,overwhelmed,2026-08-28 22:05:00
CHK_001694,USR_057,calm_needed,2026-08-28 06:47:00
CHK_001695,USR_056,well,2026-07-11 10:50:00
CHK_001696,USR_028,calm_needed,2026-08-22 20:25:00
CHK_001697,USR_009,well,2026-07-19 14:18:00
CHK_001698,USR_026,calm_needed,2026-08-10 12:23:00
CHK_001699,USR_088,overwhelmed,2026-07-10 11:37:00
CHK_001700,USR_010,well,2026-08-08 22:51:00
CHK_001701,USR_056,well,2026-08-18 19:12:00
CHK_001702,USR_034,well,2026-08-25 14:41:00
CHK_001703,USR_094,well,2026-06-18 16:15:00
CHK_001704,USR_077,well,2026-06-10 14:58:00
CHK_001705,USR_051,overwhelmed,2026-06-03 19:57:00
CHK_001706,USR_096,overwhelmed,2026-08-17 21:06:00
CHK_001707,USR_071,overwhelmed,2026-07-07 11:29:00
CHK_001708,USR_087,well,2026-06-26 06:55:00
CHK_001709,USR_047,overwhelmed,2026-07-20 19:21:00
CHK_001710,USR_043,well,2026-08-20 09:55:00
CHK_001711,USR_074,well,2026-06-13 14:10:00
CHK_001712,USR_083,calm_needed,2026-08-09 18:21:00
CHK_001713,USR_008,calm_needed,2026-07-17 19:46:00
CHK_001714,USR_012,well,2026-07-02 07:06:00
CHK_001715,USR_008,calm_needed,2026-08-20 18:00:00
CHK_001716,USR_068,calm_needed,2026-06-25 18:58:00
CHK_001717,USR_054,well,2026-07-11 22:47:00
CHK_001718,USR_095,calm_needed,2026-08-04 17:04:00
CHK_001719,USR_056,overwhelmed,2026-08-04 06:31:00
CHK_001720,USR_090,calm_needed,2026-06-19 16:28:00
CHK_001721,USR_081,well,2026-06-17 19:35:00
CHK_001722,USR_070,well,2026-07-30 08:42:00
CHK_001723,USR_080,well,2026-07-20 10:45:00
CHK_001724,USR_077,calm_needed,2026-06-11 11:23:00
CHK_001725,USR_003,well,2026-08-04 14:21:00
CHK_001726,USR_063,calm_needed,2026-07-31 20:29:00
CHK_001727,USR_076,overwhelmed,2026-07-31 17:45:00
CHK_001728,USR_056,well,2026-07-23 19:20:00
CHK_001729,USR_004,well,2026-07-22 16:47:00
CHK_001730,USR_085,well,2026-06-17 18:10:00
CHK_001731,USR_049,calm_needed,2026-06-22 16:47:00
CHK_001732,USR_035,well,2026-07-05 09:15:00
CHK_001733,USR_017,overwhelmed,2026-06-19 22:44:00
CHK_001734,USR_073,well,2026-08-02 06:43:00
CHK_001735,USR_087,well,2026-06-17 13:37:00
CHK_001736,USR_087,overwhelmed,2026-08-14 21:15:00
CHK_001737,USR_054,well,2026-08-11 16:41:00
CHK_001738,USR_028,well,2026-08-27 08:29:00
CHK_001739,USR_062,well,2026-06-09 18:53:00
CHK_001740,USR_098,overwhelmed,2026-08-26 07:49:00
CHK_001741,USR_031,well,2026-08-17 21:10:00
CHK_001742,USR_046,well,2026-07-01 21:45:00
CHK_001743,USR_030,well,2026-08-19 22:58:00
CHK_001744,USR_071,well,2026-08-12 22:30:00
CHK_001745,USR_051,well,2026-08-08 16:35:00
CHK_001746,USR_052,well,2026-08-27 22:38:00
CHK_001747,USR_048,well,2026-08-15 06:20:00
CHK_001748,USR_071,well,2026-07-13 08:48:00
CHK_001749,USR_074,well,2026-08-18 10:03:00
CHK_001750,USR_045,well,2026-07-21 09:14:00
CHK_001751,USR_034,overwhelmed,2026-07-17 15:55:00
CHK_001752,USR_023,calm_needed,2026-08-03 17:00:00
CHK_001753,USR_023,well,2026-06-29 06:35:00
CHK_001754,USR_066,overwhelmed,2026-06-04 22:13:00
CHK_001755,USR_095,overwhelmed,2026-07-18 08:22:00
CHK_001756,USR_027,well,2026-06-21 10:42:00
CHK_001757,USR_090,well,2026-07-08 16:40:00
CHK_001758,USR_032,well,2026-08-06 06:51:00
CHK_001759,USR_027,calm_needed,2026-07-19 19:48:00
CHK_001760,USR_039,calm_needed,2026-06-16 06:12:00
CHK_001761,USR_085,well,2026-07-21 11:38:00
CHK_001762,USR_083,well,2026-08-09 21:30:00
CHK_001763,USR_044,well,2026-08-16 15:23:00
CHK_001764,USR_088,well,2026-06-03 07:48:00
CHK_001765,USR_052,well,2026-06-13 06:33:00
CHK_001766,USR_095,calm_needed,2026-08-06 12:23:00
CHK_001767,USR_071,calm_needed,2026-06-23 12:32:00
CHK_001768,USR_023,well,2026-08-11 20:51:00
CHK_001769,USR_096,well,2026-08-08 11:33:00
CHK_001770,USR_070,well,2026-07-09 06:32:00
CHK_001771,USR_024,overwhelmed,2026-07-15 15:11:00
CHK_001772,USR_079,overwhelmed,2026-08-29 14:41:00
CHK_001773,USR_075,overwhelmed,2026-08-17 08:33:00
CHK_001774,USR_056,well,2026-06-13 07:06:00
CHK_001775,USR_042,well,2026-08-28 20:21:00
CHK_001776,USR_086,calm_needed,2026-08-24 12:19:00
CHK_001777,USR_085,overwhelmed,2026-06-25 06:01:00
CHK_001778,USR_045,well,2026-08-09 22:59:00
CHK_001779,USR_094,calm_needed,2026-08-23 08:22:00
CHK_001780,USR_044,overwhelmed,2026-08-03 13:16:00
CHK_001781,USR_048,well,2026-06-27 18:03:00
CHK_001782,USR_082,overwhelmed,2026-08-27 19:34:00
CHK_001783,USR_037,calm_needed,2026-07-01 17:10:00
CHK_001784,USR_005,calm_needed,2026-07-08 07:18:00
CHK_001785,USR_064,well,2026-07-03 15:15:00
CHK_001786,USR_017,overwhelmed,2026-07-13 21:58:00
CHK_001787,USR_070,well,2026-06-21 14:08:00
CHK_001788,USR_055,overwhelmed,2026-07-15 13:15:00
CHK_001789,USR_054,calm_needed,2026-06-01 17:05:00
CHK_001790,USR_004,calm_needed,2026-08-19 22:17:00
CHK_001791,USR_082,calm_needed,2026-06-08 08:57:00
CHK_001792,USR_030,well,2026-07-10 06:46:00
CHK_001793,USR_070,well,2026-06-16 21:46:00
CHK_001794,USR_023,calm_needed,2026-07-23 21:24:00
CHK_001795,USR_051,overwhelmed,2026-06-16 21:11:00
CHK_001796,USR_096,overwhelmed,2026-08-28 18:07:00
CHK_001797,USR_010,well,2026-06-03 08:32:00
CHK_001798,USR_068,calm_needed,2026-06-09 14:17:00
CHK_001799,USR_076,well,2026-07-15 22:55:00
CHK_001800,USR_097,calm_needed,2026-06-14 08:22:00
CHK_001801,USR_010,calm_needed,2026-07-31 15:24:00
CHK_001802,USR_004,overwhelmed,2026-07-25 10:21:00
CHK_001803,USR_053,overwhelmed,2026-07-19 14:51:00
CHK_001804,USR_008,calm_needed,2026-08-25 16:12:00
CHK_001805,USR_082,overwhelmed,2026-06-12 09:52:00
CHK_001806,USR_051,well,2026-06-07 10:04:00
CHK_001807,USR_037,overwhelmed,2026-08-28 21:20:00
CHK_001808,USR_088,well,2026-08-18 18:12:00
CHK_001809,USR_035,well,2026-08-11 16:17:00
CHK_001810,USR_061,well,2026-07-01 06:28:00
CHK_001811,USR_028,overwhelmed,2026-06-03 08:06:00
CHK_001812,USR_056,overwhelmed,2026-08-06 12:17:00
CHK_001813,USR_034,well,2026-07-10 06:28:00
CHK_001814,USR_089,overwhelmed,2026-06-19 08:35:00
CHK_001815,USR_013,well,2026-08-29 21:35:00
CHK_001816,USR_074,overwhelmed,2026-06-05 10:13:00
CHK_001817,USR_037,well,2026-08-07 12:51:00
CHK_001818,USR_001,well,2026-08-22 14:52:00
CHK_001819,USR_047,well,2026-07-16 15:47:00
CHK_001820,USR_014,overwhelmed,2026-08-09 07:44:00
CHK_001821,USR_005,well,2026-06-19 06:39:00
CHK_001822,USR_059,well,2026-08-05 13:37:00
CHK_001823,USR_046,well,2026-07-25 16:59:00
CHK_001824,USR_013,well,2026-08-11 14:25:00
CHK_001825,USR_088,well,2026-08-24 13:13:00
CHK_001826,USR_070,well,2026-07-26 14:01:00
CHK_001827,USR_076,well,2026-08-05 15:00:00
CHK_001828,USR_048,well,2026-07-06 14:27:00
CHK_001829,USR_059,well,2026-07-16 11:17:00
CHK_001830,USR_064,calm_needed,2026-08-11 18:54:00
CHK_001831,USR_088,well,2026-08-10 22:49:00
CHK_001832,USR_040,well,2026-07-27 18:46:00
CHK_001833,USR_051,well,2026-06-22 06:28:00
CHK_001834,USR_036,overwhelmed,2026-08-13 10:06:00
CHK_001835,USR_047,well,2026-06-10 07:05:00
CHK_001836,USR_089,well,2026-07-30 20:39:00
CHK_001837,USR_044,overwhelmed,2026-07-16 18:20:00
CHK_001838,USR_056,overwhelmed,2026-07-30 06:03:00
CHK_001839,USR_093,well,2026-06-28 11:05:00
CHK_001840,USR_025,overwhelmed,2026-06-16 10:40:00
CHK_001841,USR_035,overwhelmed,2026-08-08 10:30:00
CHK_001842,USR_087,well,2026-07-14 08:25:00
CHK_001843,USR_006,well,2026-07-30 06:24:00
CHK_001844,USR_054,calm_needed,2026-06-02 06:38:00
CHK_001845,USR_059,well,2026-06-18 22:33:00
CHK_001846,USR_075,well,2026-08-15 08:10:00
CHK_001847,USR_057,well,2026-06-25 21:31:00
CHK_001848,USR_082,well,2026-07-08 20:00:00
CHK_001849,USR_092,well,2026-08-03 22:13:00
CHK_001850,USR_025,well,2026-06-13 08:42:00
CHK_001851,USR_083,well,2026-07-21 21:17:00
CHK_001852,USR_002,overwhelmed,2026-07-12 14:06:00
CHK_001853,USR_033,well,2026-07-07 07:41:00
CHK_001854,USR_025,overwhelmed,2026-08-19 15:55:00
CHK_001855,USR_035,well,2026-07-02 17:09:00
CHK_001856,USR_098,calm_needed,2026-08-12 12:49:00
CHK_001857,USR_003,overwhelmed,2026-07-11 13:02:00
CHK_001858,USR_088,well,2026-07-22 09:56:00
CHK_001859,USR_005,calm_needed,2026-06-11 22:23:00
CHK_001860,USR_010,well,2026-07-05 21:14:00
CHK_001861,USR_035,well,2026-08-01 21:48:00
CHK_001862,USR_081,calm_needed,2026-07-15 08:27:00
CHK_001863,USR_097,calm_needed,2026-08-15 20:20:00
CHK_001864,USR_060,well,2026-07-21 18:43:00
CHK_001865,USR_034,calm_needed,2026-08-19 20:15:00
CHK_001866,USR_044,overwhelmed,2026-08-06 20:00:00
CHK_001867,USR_063,overwhelmed,2026-08-12 18:42:00
CHK_001868,USR_011,well,2026-08-10 17:30:00
CHK_001869,USR_008,overwhelmed,2026-07-21 22:35:00
CHK_001870,USR_010,calm_needed,2026-07-10 06:19:00
CHK_001871,USR_077,well,2026-08-18 11:32:00
CHK_001872,USR_053,well,2026-06-29 11:14:00
CHK_001873,USR_039,well,2026-06-10 14:40:00
CHK_001874,USR_041,overwhelmed,2026-07-15 17:45:00
CHK_001875,USR_069,well,2026-06-02 09:18:00
CHK_001876,USR_063,well,2026-07-08 08:37:00
CHK_001877,USR_070,overwhelmed,2026-08-10 16:57:00
CHK_001878,USR_061,calm_needed,2026-06-24 12:03:00
CHK_001879,USR_013,well,2026-07-25 10:26:00
CHK_001880,USR_028,well,2026-06-03 16:06:00
CHK_001881,USR_093,overwhelmed,2026-07-11 15:12:00
CHK_001882,USR_021,well,2026-06-27 13:31:00
CHK_001883,USR_079,overwhelmed,2026-08-02 08:53:00
CHK_001884,USR_013,well,2026-06-30 17:10:00
CHK_001885,USR_012,well,2026-06-03 21:50:00
CHK_001886,USR_092,well,2026-08-23 15:10:00
CHK_001887,USR_093,well,2026-06-23 21:19:00
CHK_001888,USR_071,overwhelmed,2026-06-27 07:56:00
CHK_001889,USR_086,well,2026-07-05 17:53:00
CHK_001890,USR_034,calm_needed,2026-06-06 15:43:00
CHK_001891,USR_053,well,2026-06-03 15:28:00
CHK_001892,USR_076,well,2026-07-04 10:19:00
CHK_001893,USR_054,overwhelmed,2026-08-09 16:43:00
CHK_001894,USR_026,well,2026-08-28 19:02:00
CHK_001895,USR_087,calm_needed,2026-06-10 17:06:00
CHK_001896,USR_028,well,2026-06-26 20:50:00
CHK_001897,USR_010,calm_needed,2026-07-17 08:00:00
CHK_001898,USR_013,overwhelmed,2026-08-22 17:12:00
CHK_001899,USR_038,well,2026-06-08 09:04:00
CHK_001900,USR_056,well,2026-06-23 09:51:00
CHK_001901,USR_044,well,2026-06-21 10:55:00
CHK_001902,USR_052,well,2026-07-19 21:16:00
CHK_001903,USR_026,overwhelmed,2026-08-14 07:32:00
CHK_001904,USR_071,overwhelmed,2026-08-26 14:21:00
CHK_001905,USR_075,well,2026-06-10 20:41:00
CHK_001906,USR_034,well,2026-06-17 14:49:00
CHK_001907,USR_071,overwhelmed,2026-07-18 06:54:00
CHK_001908,USR_004,well,2026-08-07 18:15:00
CHK_001909,USR_057,calm_needed,2026-06-26 16:23:00
CHK_001910,USR_009,calm_needed,2026-07-30 06:51:00
CHK_001911,USR_098,calm_needed,2026-06-14 13:42:00
CHK_001912,USR_063,overwhelmed,2026-07-27 09:01:00
CHK_001913,USR_071,overwhelmed,2026-06-16 16:41:00
CHK_001914,USR_044,well,2026-06-19 07:38:00
CHK_001915,USR_084,calm_needed,2026-07-24 21:17:00
CHK_001916,USR_070,well,2026-07-09 14:03:00
CHK_001917,USR_001,well,2026-07-15 09:50:00
CHK_001918,USR_059,overwhelmed,2026-06-05 10:51:00
CHK_001919,USR_008,well,2026-08-07 14:28:00
CHK_001920,USR_031,overwhelmed,2026-07-31 15:05:00
CHK_001921,USR_074,well,2026-08-09 20:24:00
CHK_001922,USR_070,calm_needed,2026-06-04 13:58:00
CHK_001923,USR_081,calm_needed,2026-07-22 08:09:00
CHK_001924,USR_012,well,2026-06-16 07:24:00
CHK_001925,USR_052,well,2026-07-17 12:53:00
CHK_001926,USR_071,overwhelmed,2026-07-29 06:03:00
CHK_001927,USR_021,well,2026-06-19 11:00:00
CHK_001928,USR_075,well,2026-08-24 20:54:00
CHK_001929,USR_001,well,2026-06-10 17:32:00
CHK_001930,USR_021,calm_needed,2026-07-31 15:30:00
CHK_001931,USR_043,well,2026-07-07 22:53:00
CHK_001932,USR_070,overwhelmed,2026-06-29 21:10:00
CHK_001933,USR_001,well,2026-07-03 10:12:00
CHK_001934,USR_077,well,2026-08-20 06:24:00
CHK_001935,USR_016,calm_needed,2026-08-23 12:55:00
CHK_001936,USR_090,well,2026-06-12 22:47:00
CHK_001937,USR_058,calm_needed,2026-06-12 15:57:00
CHK_001938,USR_017,well,2026-07-05 20:00:00
CHK_001939,USR_061,well,2026-07-29 20:21:00
CHK_001940,USR_001,well,2026-08-27 12:56:00
CHK_001941,USR_012,well,2026-07-02 10:03:00
CHK_001942,USR_001,well,2026-07-26 07:12:00
CHK_001943,USR_071,overwhelmed,2026-06-03 10:36:00
CHK_001944,USR_092,calm_needed,2026-07-22 09:32:00
CHK_001945,USR_010,overwhelmed,2026-06-17 13:06:00
CHK_001946,USR_081,well,2026-07-26 17:47:00
CHK_001947,USR_035,well,2026-08-13 12:11:00
CHK_001948,USR_063,well,2026-08-10 19:10:00
CHK_001949,USR_062,well,2026-08-12 09:47:00
CHK_001950,USR_003,well,2026-06-17 14:44:00
CHK_001951,USR_036,overwhelmed,2026-06-09 12:15:00
CHK_001952,USR_082,overwhelmed,2026-06-11 17:57:00
CHK_001953,USR_090,overwhelmed,2026-08-24 15:19:00
CHK_001954,USR_008,calm_needed,2026-08-08 10:59:00
CHK_001955,USR_064,calm_needed,2026-07-10 07:49:00
CHK_001956,USR_080,well,2026-06-09 20:04:00
CHK_001957,USR_021,overwhelmed,2026-07-08 21:30:00
CHK_001958,USR_064,overwhelmed,2026-08-21 18:57:00
CHK_001959,USR_043,well,2026-08-26 08:54:00
CHK_001960,USR_018,overwhelmed,2026-08-02 12:24:00
CHK_001961,USR_021,calm_needed,2026-07-07 21:23:00
CHK_001962,USR_087,calm_needed,2026-08-01 11:04:00
CHK_001963,USR_046,well,2026-07-20 09:07:00
CHK_001964,USR_036,overwhelmed,2026-08-24 16:47:00
CHK_001965,USR_019,well,2026-08-29 06:30:00
CHK_001966,USR_075,overwhelmed,2026-08-11 12:33:00
CHK_001967,USR_085,well,2026-07-13 14:09:00
CHK_001968,USR_020,well,2026-08-09 16:40:00
CHK_001969,USR_004,well,2026-08-28 21:51:00
CHK_001970,USR_065,well,2026-06-04 07:27:00
CHK_001971,USR_080,well,2026-06-14 12:21:00
CHK_001972,USR_051,overwhelmed,2026-06-30 20:17:00
CHK_001973,USR_042,well,2026-07-12 16:26:00
CHK_001974,USR_017,overwhelmed,2026-06-18 18:44:00
CHK_001975,USR_008,well,2026-07-19 17:27:00
CHK_001976,USR_062,overwhelmed,2026-07-21 19:06:00
CHK_001977,USR_096,overwhelmed,2026-08-22 09:50:00
CHK_001978,USR_073,well,2026-07-10 21:04:00
CHK_001979,USR_093,calm_needed,2026-07-15 19:38:00
CHK_001980,USR_087,well,2026-07-07 17:37:00
CHK_001981,USR_036,well,2026-07-14 20:34:00
CHK_001982,USR_013,overwhelmed,2026-07-22 13:42:00
CHK_001983,USR_014,well,2026-08-08 19:59:00
CHK_001984,USR_002,well,2026-07-28 09:39:00
CHK_001985,USR_098,well,2026-07-02 21:00:00
CHK_001986,USR_074,calm_needed,2026-07-23 13:24:00
CHK_001987,USR_095,well,2026-08-17 18:02:00
CHK_001988,USR_075,well,2026-08-23 20:14:00
CHK_001989,USR_021,overwhelmed,2026-06-25 15:43:00
CHK_001990,USR_059,well,2026-06-08 21:13:00
CHK_001991,USR_030,well,2026-08-18 22:50:00
CHK_001992,USR_094,well,2026-07-26 20:56:00
CHK_001993,USR_086,calm_needed,2026-06-16 13:28:00
CHK_001994,USR_091,calm_needed,2026-07-24 19:58:00
CHK_001995,USR_010,calm_needed,2026-06-27 20:15:00
CHK_001996,USR_010,well,2026-07-14 21:11:00
CHK_001997,USR_092,overwhelmed,2026-07-29 06:57:00
CHK_001998,USR_095,well,2026-08-25 18:12:00
CHK_001999,USR_045,overwhelmed,2026-07-06 18:26:00
CHK_002000,USR_010,calm_needed,2026-08-17 17:35:00
CHK_002001,USR_013,well,2026-07-10 06:51:00
CHK_002002,USR_046,well,2026-07-03 12:00:00
CHK_002003,USR_046,overwhelmed,2026-08-18 21:09:00
CHK_002004,USR_071,well,2026-06-06 22:52:00
CHK_002005,USR_096,calm_needed,2026-08-20 16:55:00
CHK_002006,USR_004,well,2026-07-18 08:19:00
CHK_002007,USR_017,well,2026-08-15 10:05:00
CHK_002008,USR_052,overwhelmed,2026-06-08 14:26:00
CHK_002009,USR_070,well,2026-06-25 12:14:00
CHK_002010,USR_056,well,2026-07-11 10:56:00
CHK_002011,USR_018,well,2026-06-14 09:52:00
CHK_002012,USR_089,calm_needed,2026-06-24 10:37:00
CHK_002013,USR_068,calm_needed,2026-06-07 09:37:00
CHK_002014,USR_081,well,2026-06-23 17:28:00
CHK_002015,USR_092,calm_needed,2026-07-19 20:13:00
CHK_002016,USR_058,well,2026-08-02 09:26:00
CHK_002017,USR_069,overwhelmed,2026-07-22 14:52:00
CHK_002018,USR_081,calm_needed,2026-07-13 12:52:00
CHK_002019,USR_090,well,2026-08-14 14:27:00
CHK_002020,USR_042,calm_needed,2026-06-04 07:45:00
CHK_002021,USR_008,well,2026-07-13 17:04:00
CHK_002022,USR_023,well,2026-08-21 08:08:00
CHK_002023,USR_002,overwhelmed,2026-06-17 07:40:00
CHK_002024,USR_055,well,2026-06-03 08:37:00
CHK_002025,USR_092,calm_needed,2026-07-29 18:58:00
CHK_002026,USR_008,well,2026-06-17 06:02:00
CHK_002027,USR_052,well,2026-06-26 15:07:00
CHK_002028,USR_044,overwhelmed,2026-06-15 14:55:00
CHK_002029,USR_089,well,2026-07-17 06:01:00
CHK_002030,USR_025,overwhelmed,2026-08-11 11:11:00
CHK_002031,USR_053,well,2026-07-16 06:59:00
CHK_002032,USR_053,well,2026-06-18 07:31:00
CHK_002033,USR_087,well,2026-08-11 20:41:00
CHK_002034,USR_003,calm_needed,2026-07-05 16:02:00
CHK_002035,USR_053,calm_needed,2026-06-11 20:25:00
CHK_002036,USR_046,well,2026-06-04 18:08:00
CHK_002037,USR_048,overwhelmed,2026-07-07 21:06:00
CHK_002038,USR_044,well,2026-06-21 16:43:00
CHK_002039,USR_024,well,2026-08-17 07:33:00
CHK_002040,USR_051,calm_needed,2026-08-29 21:09:00
CHK_002041,USR_047,overwhelmed,2026-06-06 13:13:00
CHK_002042,USR_074,calm_needed,2026-06-15 19:18:00
CHK_002043,USR_013,well,2026-06-04 07:02:00
CHK_002044,USR_035,well,2026-08-13 22:27:00
CHK_002045,USR_091,well,2026-06-13 18:42:00
CHK_002046,USR_063,well,2026-07-24 09:21:00
CHK_002047,USR_024,well,2026-07-04 06:43:00
CHK_002048,USR_081,overwhelmed,2026-06-02 15:21:00
CHK_002049,USR_095,well,2026-08-11 17:34:00
CHK_002050,USR_037,overwhelmed,2026-08-25 11:56:00
CHK_002051,USR_076,well,2026-08-16 20:21:00
CHK_002052,USR_075,calm_needed,2026-07-30 07:57:00
CHK_002053,USR_076,well,2026-06-19 13:38:00
CHK_002054,USR_071,calm_needed,2026-07-07 21:24:00
CHK_002055,USR_071,calm_needed,2026-06-02 17:32:00
CHK_002056,USR_085,well,2026-07-21 22:51:00
CHK_002057,USR_068,overwhelmed,2026-06-11 18:26:00
CHK_002058,USR_026,calm_needed,2026-08-03 13:08:00
CHK_002059,USR_042,overwhelmed,2026-07-13 13:12:00
CHK_002060,USR_063,well,2026-06-23 19:14:00
CHK_002061,USR_054,well,2026-08-03 09:02:00
CHK_002062,USR_093,well,2026-08-22 07:43:00
CHK_002063,USR_026,well,2026-08-17 15:02:00
CHK_002064,USR_035,well,2026-06-25 21:38:00
CHK_002065,USR_070,well,2026-07-01 16:21:00
CHK_002066,USR_002,well,2026-08-24 19:08:00
CHK_002067,USR_026,overwhelmed,2026-07-29 17:54:00
CHK_002068,USR_036,overwhelmed,2026-06-05 14:45:00
CHK_002069,USR_036,overwhelmed,2026-07-22 18:28:00
CHK_002070,USR_051,well,2026-07-05 08:31:00
CHK_002071,USR_095,overwhelmed,2026-07-02 11:57:00
CHK_002072,USR_047,well,2026-08-05 20:17:00
CHK_002073,USR_051,well,2026-08-22 17:39:00
CHK_002074,USR_014,well,2026-08-11 19:04:00
CHK_002075,USR_015,well,2026-08-19 18:06:00
CHK_002076,USR_086,well,2026-08-17 17:32:00
CHK_002077,USR_009,well,2026-07-06 12:31:00
CHK_002078,USR_025,calm_needed,2026-06-24 11:47:00
CHK_002079,USR_073,overwhelmed,2026-07-08 15:15:00
CHK_002080,USR_035,well,2026-08-09 06:52:00
CHK_002081,USR_044,calm_needed,2026-06-27 11:17:00
CHK_002082,USR_003,overwhelmed,2026-08-16 13:29:00
CHK_002083,USR_037,well,2026-06-13 07:35:00
CHK_002084,USR_089,well,2026-06-18 10:18:00
CHK_002085,USR_098,well,2026-07-02 15:36:00
CHK_002086,USR_052,well,2026-06-17 14:23:00
CHK_002087,USR_012,well,2026-07-07 19:40:00
CHK_002088,USR_026,overwhelmed,2026-06-26 13:45:00
CHK_002089,USR_002,well,2026-06-14 13:02:00
CHK_002090,USR_071,well,2026-06-18 08:12:00
CHK_002091,USR_010,overwhelmed,2026-08-14 16:58:00
CHK_002092,USR_092,calm_needed,2026-06-13 19:48:00
CHK_002093,USR_093,well,2026-08-01 20:15:00
CHK_002094,USR_001,well,2026-06-06 17:24:00
CHK_002095,USR_010,calm_needed,2026-08-07 07:26:00
CHK_002096,USR_052,overwhelmed,2026-06-09 14:07:00
CHK_002097,USR_008,well,2026-07-25 17:56:00
CHK_002098,USR_036,calm_needed,2026-06-04 21:58:00
CHK_002099,USR_071,calm_needed,2026-06-12 14:37:00
CHK_002100,USR_075,well,2026-07-26 19:05:00
CHK_002101,USR_009,overwhelmed,2026-08-20 17:48:00
CHK_002102,USR_012,calm_needed,2026-08-28 10:24:00
CHK_002103,USR_016,calm_needed,2026-08-26 19:05:00
CHK_002104,USR_037,overwhelmed,2026-06-12 18:35:00
CHK_002105,USR_011,calm_needed,2026-07-08 13:07:00
CHK_002106,USR_042,calm_needed,2026-07-04 17:14:00
CHK_002107,USR_012,calm_needed,2026-07-16 13:44:00
CHK_002108,USR_079,well,2026-06-13 06:15:00
CHK_002109,USR_018,calm_needed,2026-06-07 11:36:00
CHK_002110,USR_003,well,2026-08-25 10:49:00
CHK_002111,USR_079,well,2026-06-15 14:42:00
CHK_002112,USR_056,well,2026-08-24 14:54:00
CHK_002113,USR_046,overwhelmed,2026-08-26 22:03:00
CHK_002114,USR_029,overwhelmed,2026-06-30 06:40:00
CHK_002115,USR_068,well,2026-08-16 12:07:00
CHK_002116,USR_076,overwhelmed,2026-08-28 21:09:00
CHK_002117,USR_002,calm_needed,2026-08-17 17:31:00
CHK_002118,USR_062,overwhelmed,2026-06-01 09:22:00
CHK_002119,USR_010,well,2026-07-23 18:16:00
CHK_002120,USR_058,overwhelmed,2026-07-07 20:11:00
CHK_002121,USR_047,well,2026-07-04 11:16:00
CHK_002122,USR_044,overwhelmed,2026-08-12 10:22:00
CHK_002123,USR_093,well,2026-06-17 06:00:00
CHK_002124,USR_008,overwhelmed,2026-07-29 11:32:00
CHK_002125,USR_032,well,2026-06-10 09:19:00
CHK_002126,USR_088,well,2026-08-07 11:06:00
CHK_002127,USR_003,well,2026-07-22 14:19:00
CHK_002128,USR_042,well,2026-08-20 18:11:00
CHK_002129,USR_014,well,2026-06-08 07:47:00
CHK_002130,USR_003,well,2026-06-26 09:25:00
CHK_002131,USR_083,calm_needed,2026-07-25 16:49:00
CHK_002132,USR_100,calm_needed,2026-06-15 22:52:00
CHK_002133,USR_024,overwhelmed,2026-08-01 19:22:00
CHK_002134,USR_094,well,2026-08-27 21:15:00
CHK_002135,USR_083,well,2026-06-13 17:46:00
CHK_002136,USR_087,well,2026-08-20 10:42:00
CHK_002137,USR_039,well,2026-08-10 07:47:00
CHK_002138,USR_004,overwhelmed,2026-06-13 11:31:00
CHK_002139,USR_076,overwhelmed,2026-07-17 18:04:00
CHK_002140,USR_087,calm_needed,2026-07-30 15:23:00
CHK_002141,USR_012,overwhelmed,2026-07-30 09:33:00
CHK_002142,USR_081,well,2026-07-09 15:22:00
CHK_002143,USR_032,well,2026-06-17 18:00:00
CHK_002144,USR_052,well,2026-07-30 17:38:00
CHK_002145,USR_003,overwhelmed,2026-06-27 21:23:00
CHK_002146,USR_098,calm_needed,2026-06-08 17:46:00
CHK_002147,USR_051,well,2026-07-09 18:31:00
CHK_002148,USR_095,overwhelmed,2026-06-10 21:58:00
CHK_002149,USR_094,overwhelmed,2026-08-20 22:03:00
CHK_002150,USR_054,overwhelmed,2026-07-22 15:45:00
CHK_002151,USR_081,well,2026-07-25 21:28:00
CHK_002152,USR_094,well,2026-08-13 15:04:00
CHK_002153,USR_018,well,2026-06-03 13:30:00
CHK_002154,USR_008,well,2026-06-02 07:38:00
CHK_002155,USR_052,well,2026-07-12 06:03:00
CHK_002156,USR_012,well,2026-07-12 20:04:00
CHK_002157,USR_026,overwhelmed,2026-07-04 14:05:00
CHK_002158,USR_077,well,2026-07-10 22:59:00
CHK_002159,USR_029,well,2026-08-11 06:44:00
CHK_002160,USR_029,well,2026-06-05 16:16:00
CHK_002161,USR_021,calm_needed,2026-08-29 20:50:00
CHK_002162,USR_001,well,2026-06-03 06:08:00
CHK_002163,USR_012,overwhelmed,2026-08-20 07:08:00
CHK_002164,USR_075,calm_needed,2026-08-08 14:12:00
CHK_002165,USR_085,calm_needed,2026-06-04 09:51:00
CHK_002166,USR_052,well,2026-06-06 17:51:00
CHK_002167,USR_053,well,2026-08-13 20:06:00
CHK_002168,USR_089,well,2026-08-17 08:48:00
CHK_002169,USR_053,well,2026-08-25 08:11:00
CHK_002170,USR_056,overwhelmed,2026-07-03 18:34:00
CHK_002171,USR_063,well,2026-06-24 08:18:00
CHK_002172,USR_080,well,2026-07-14 15:34:00
CHK_002173,USR_032,well,2026-07-06 16:18:00
CHK_002174,USR_054,well,2026-06-12 14:24:00
CHK_002175,USR_012,overwhelmed,2026-06-28 21:02:00
CHK_002176,USR_039,well,2026-06-06 16:31:00
CHK_002177,USR_071,overwhelmed,2026-06-13 08:46:00
CHK_002178,USR_052,well,2026-06-18 19:36:00
CHK_002179,USR_034,well,2026-07-30 20:59:00
CHK_002180,USR_082,calm_needed,2026-08-29 11:18:00
CHK_002181,USR_028,overwhelmed,2026-08-26 20:58:00
CHK_002182,USR_066,well,2026-08-19 22:18:00
CHK_002183,USR_030,well,2026-08-03 19:49:00
CHK_002184,USR_054,calm_needed,2026-06-16 19:36:00
CHK_002185,USR_097,calm_needed,2026-07-18 22:46:00
CHK_002186,USR_090,calm_needed,2026-07-08 10:47:00
CHK_002187,USR_093,calm_needed,2026-07-06 19:03:00
CHK_002188,USR_044,overwhelmed,2026-06-13 19:17:00
CHK_002189,USR_048,calm_needed,2026-07-27 10:05:00
CHK_002190,USR_094,well,2026-07-03 09:32:00
CHK_002191,USR_086,overwhelmed,2026-08-11 10:31:00
CHK_002192,USR_052,well,2026-06-22 22:06:00
CHK_002193,USR_028,well,2026-07-08 16:00:00
CHK_002194,USR_056,overwhelmed,2026-07-23 16:55:00
CHK_002195,USR_094,calm_needed,2026-07-15 21:01:00
CHK_002196,USR_050,calm_needed,2026-08-20 21:05:00
CHK_002197,USR_018,overwhelmed,2026-07-08 13:14:00
CHK_002198,USR_077,overwhelmed,2026-07-13 10:04:00
CHK_002199,USR_018,well,2026-08-09 07:05:00
CHK_002200,USR_070,well,2026-07-29 14:55:00
CHK_002201,USR_026,well,2026-06-01 21:50:00
CHK_002202,USR_036,well,2026-07-25 06:25:00
CHK_002203,USR_080,calm_needed,2026-07-30 17:21:00
CHK_002204,USR_071,well,2026-06-27 12:18:00
CHK_002205,USR_074,calm_needed,2026-06-24 20:01:00
CHK_002206,USR_081,calm_needed,2026-07-18 12:39:00
CHK_002207,USR_008,well,2026-08-15 13:14:00
CHK_002208,USR_071,well,2026-08-21 18:35:00
CHK_002209,USR_018,overwhelmed,2026-06-09 12:00:00
CHK_002210,USR_004,well,2026-06-07 13:15:00
CHK_002211,USR_050,well,2026-08-10 10:30:00
CHK_002212,USR_075,overwhelmed,2026-08-25 12:56:00
CHK_002213,USR_055,overwhelmed,2026-06-04 21:18:00
CHK_002214,USR_033,well,2026-06-28 22:30:00
CHK_002215,USR_044,overwhelmed,2026-06-21 09:52:00
CHK_002216,USR_009,well,2026-07-24 22:48:00
CHK_002217,USR_051,well,2026-06-13 08:01:00
CHK_002218,USR_054,well,2026-07-15 12:04:00
CHK_002219,USR_064,calm_needed,2026-07-02 22:12:00
CHK_002220,USR_078,well,2026-07-29 21:57:00
CHK_002221,USR_029,overwhelmed,2026-07-30 12:42:00
CHK_002222,USR_032,overwhelmed,2026-08-20 21:44:00
CHK_002223,USR_071,well,2026-07-24 21:47:00
CHK_002224,USR_010,calm_needed,2026-08-17 21:22:00
CHK_002225,USR_002,overwhelmed,2026-07-14 14:31:00
CHK_002226,USR_035,overwhelmed,2026-07-22 09:07:00
CHK_002227,USR_014,calm_needed,2026-07-30 15:24:00
CHK_002228,USR_034,well,2026-07-03 15:25:00
CHK_002229,USR_075,calm_needed,2026-08-07 09:48:00
CHK_002230,USR_093,well,2026-06-04 10:44:00
CHK_002231,USR_051,well,2026-08-11 21:32:00
CHK_002232,USR_092,well,2026-08-19 10:15:00
CHK_002233,USR_008,well,2026-08-21 18:57:00
CHK_002234,USR_032,overwhelmed,2026-06-10 14:12:00
CHK_002235,USR_011,well,2026-08-20 19:06:00
CHK_002236,USR_053,well,2026-06-20 20:04:00
CHK_002237,USR_085,well,2026-08-08 22:38:00
CHK_002238,USR_008,well,2026-06-21 13:36:00
CHK_002239,USR_095,calm_needed,2026-06-12 22:36:00
CHK_002240,USR_019,overwhelmed,2026-08-17 06:37:00
CHK_002241,USR_007,well,2026-07-13 18:47:00
CHK_002242,USR_071,well,2026-08-20 16:19:00
CHK_002243,USR_074,overwhelmed,2026-08-20 15:12:00
CHK_002244,USR_094,calm_needed,2026-07-23 18:11:00
CHK_002245,USR_018,calm_needed,2026-07-27 07:22:00
CHK_002246,USR_015,well,2026-06-29 08:10:00
CHK_002247,USR_047,well,2026-08-12 19:08:00
CHK_002248,USR_062,well,2026-08-22 09:31:00
CHK_002249,USR_079,well,2026-08-21 10:22:00
CHK_002250,USR_049,well,2026-08-15 13:18:00
CHK_002251,USR_094,calm_needed,2026-06-18 07:04:00
CHK_002252,USR_011,well,2026-06-05 20:19:00
CHK_002253,USR_071,overwhelmed,2026-06-21 17:25:00
CHK_002254,USR_089,well,2026-07-10 06:58:00
CHK_002255,USR_088,well,2026-07-25 07:00:00
CHK_002256,USR_041,well,2026-06-22 15:17:00
CHK_002257,USR_026,well,2026-07-28 21:05:00
CHK_002258,USR_002,overwhelmed,2026-08-16 09:21:00
CHK_002259,USR_068,overwhelmed,2026-08-05 13:05:00
CHK_002260,USR_044,well,2026-08-26 19:29:00
CHK_002261,USR_036,well,2026-06-13 17:08:00
CHK_002262,USR_080,overwhelmed,2026-07-04 12:40:00
CHK_002263,USR_082,calm_needed,2026-07-21 12:57:00
CHK_002264,USR_051,calm_needed,2026-06-28 16:26:00
CHK_002265,USR_087,overwhelmed,2026-08-01 11:25:00
CHK_002266,USR_020,well,2026-06-21 20:50:00
CHK_002267,USR_076,overwhelmed,2026-06-03 08:18:00
CHK_002268,USR_088,well,2026-08-07 18:39:00
CHK_002269,USR_071,calm_needed,2026-08-18 07:10:00
CHK_002270,USR_029,well,2026-08-08 08:37:00
CHK_002271,USR_047,well,2026-07-20 08:23:00
CHK_002272,USR_070,well,2026-08-05 17:22:00
CHK_002273,USR_070,overwhelmed,2026-07-05 22:28:00
CHK_002274,USR_021,calm_needed,2026-06-23 06:07:00
CHK_002275,USR_051,calm_needed,2026-08-18 20:41:00
CHK_002276,USR_092,overwhelmed,2026-08-06 07:05:00
CHK_002277,USR_026,well,2026-06-03 14:23:00
CHK_002278,USR_076,overwhelmed,2026-07-15 17:26:00
CHK_002279,USR_042,overwhelmed,2026-08-22 11:44:00
CHK_002280,USR_068,well,2026-08-25 09:55:00
CHK_002281,USR_053,well,2026-06-27 12:19:00
CHK_002282,USR_053,calm_needed,2026-08-20 09:56:00
CHK_002283,USR_002,well,2026-06-03 19:46:00
CHK_002284,USR_085,well,2026-07-05 19:02:00
CHK_002285,USR_086,well,2026-08-24 08:50:00
CHK_002286,USR_076,overwhelmed,2026-06-01 13:46:00
CHK_002287,USR_023,well,2026-07-22 16:26:00
CHK_002288,USR_018,calm_needed,2026-07-16 17:48:00
CHK_002289,USR_053,well,2026-06-18 14:16:00
CHK_002290,USR_024,well,2026-06-13 10:05:00
CHK_002291,USR_029,overwhelmed,2026-06-25 16:43:00
CHK_002292,USR_050,well,2026-07-20 21:04:00
CHK_002293,USR_017,overwhelmed,2026-08-27 13:56:00
CHK_002294,USR_013,calm_needed,2026-06-12 16:02:00
CHK_002295,USR_034,well,2026-06-06 21:22:00
CHK_002296,USR_064,well,2026-06-03 13:37:00
CHK_002297,USR_087,well,2026-08-28 21:41:00
CHK_002298,USR_070,calm_needed,2026-08-16 14:06:00
CHK_002299,USR_068,overwhelmed,2026-06-02 08:57:00
CHK_002300,USR_024,well,2026-08-15 15:00:00
CHK_002301,USR_066,well,2026-07-23 14:58:00
CHK_002302,USR_096,well,2026-07-11 20:01:00
CHK_002303,USR_083,well,2026-06-06 12:34:00
CHK_002304,USR_083,well,2026-07-04 12:30:00
CHK_002305,USR_027,well,2026-08-20 10:43:00
CHK_002306,USR_046,overwhelmed,2026-07-20 14:35:00
CHK_002307,USR_003,well,2026-06-01 22:56:00
CHK_002308,USR_054,well,2026-08-05 18:08:00
CHK_002309,USR_060,calm_needed,2026-06-01 10:34:00
CHK_002310,USR_079,overwhelmed,2026-06-24 09:49:00
CHK_002311,USR_057,well,2026-08-13 08:54:00
CHK_002312,USR_062,calm_needed,2026-07-13 09:55:00
CHK_002313,USR_026,overwhelmed,2026-06-27 15:36:00
CHK_002314,USR_062,well,2026-08-06 09:41:00
CHK_002315,USR_066,well,2026-08-13 21:46:00
CHK_002316,USR_081,overwhelmed,2026-06-18 17:56:00
CHK_002317,USR_068,overwhelmed,2026-07-26 20:38:00
CHK_002318,USR_063,well,2026-06-22 09:45:00
CHK_002319,USR_080,overwhelmed,2026-08-25 21:50:00
CHK_002320,USR_044,well,2026-08-02 17:59:00
CHK_002321,USR_086,calm_needed,2026-07-25 12:08:00
CHK_002322,USR_005,calm_needed,2026-08-10 19:46:00
CHK_002323,USR_088,well,2026-06-02 13:44:00
CHK_002324,USR_044,calm_needed,2026-07-03 14:05:00
CHK_002325,USR_071,well,2026-07-07 19:36:00
CHK_002326,USR_092,well,2026-07-10 16:27:00
CHK_002327,USR_074,well,2026-07-08 07:59:00
CHK_002328,USR_006,overwhelmed,2026-07-28 16:32:00
CHK_002329,USR_060,calm_needed,2026-07-04 11:21:00
CHK_002330,USR_005,well,2026-08-19 18:25:00
CHK_002331,USR_019,well,2026-07-18 21:11:00
CHK_002332,USR_082,well,2026-06-28 21:51:00
CHK_002333,USR_074,overwhelmed,2026-06-09 14:12:00
CHK_002334,USR_045,calm_needed,2026-08-17 17:52:00
CHK_002335,USR_036,well,2026-08-06 21:19:00
CHK_002336,USR_002,overwhelmed,2026-08-19 11:07:00
CHK_002337,USR_049,well,2026-08-17 17:16:00
CHK_002338,USR_092,well,2026-07-18 18:20:00
CHK_002339,USR_054,well,2026-07-27 08:15:00
CHK_002340,USR_100,well,2026-07-11 21:30:00
CHK_002341,USR_059,well,2026-08-21 20:25:00
CHK_002342,USR_070,overwhelmed,2026-07-09 21:44:00
CHK_002343,USR_021,well,2026-07-02 18:55:00
CHK_002344,USR_046,well,2026-08-07 07:27:00
CHK_002345,USR_060,well,2026-06-26 20:25:00
CHK_002346,USR_017,overwhelmed,2026-08-23 16:57:00
CHK_002347,USR_081,overwhelmed,2026-07-11 18:17:00
CHK_002348,USR_052,overwhelmed,2026-08-05 11:27:00
CHK_002349,USR_074,well,2026-08-05 19:04:00
CHK_002350,USR_059,well,2026-07-29 07:14:00
CHK_002351,USR_048,well,2026-06-20 07:34:00
CHK_002352,USR_042,overwhelmed,2026-08-26 09:23:00
CHK_002353,USR_034,overwhelmed,2026-07-09 22:18:00
CHK_002354,USR_024,well,2026-07-17 19:46:00
CHK_002355,USR_082,well,2026-07-05 22:41:00
CHK_002356,USR_092,calm_needed,2026-06-17 22:13:00
CHK_002357,USR_094,well,2026-07-31 13:38:00
CHK_002358,USR_036,overwhelmed,2026-07-07 21:13:00
CHK_002359,USR_093,well,2026-08-12 11:16:00
CHK_002360,USR_005,overwhelmed,2026-07-27 16:21:00
CHK_002361,USR_093,overwhelmed,2026-07-29 07:10:00
CHK_002362,USR_045,well,2026-07-26 11:52:00
CHK_002363,USR_028,calm_needed,2026-06-26 13:38:00
CHK_002364,USR_001,well,2026-07-04 21:40:00
CHK_002365,USR_061,calm_needed,2026-06-22 22:26:00
CHK_002366,USR_090,well,2026-06-26 16:04:00
CHK_002367,USR_058,well,2026-06-08 11:16:00
CHK_002368,USR_024,overwhelmed,2026-08-29 13:42:00
CHK_002369,USR_025,overwhelmed,2026-07-05 12:27:00
CHK_002370,USR_090,well,2026-08-16 10:54:00
CHK_002371,USR_054,calm_needed,2026-07-04 18:47:00
CHK_002372,USR_092,well,2026-06-05 13:26:00
CHK_002373,USR_068,well,2026-08-25 18:19:00
CHK_002374,USR_090,well,2026-06-19 18:36:00
CHK_002375,USR_009,overwhelmed,2026-06-04 12:35:00
CHK_002376,USR_061,overwhelmed,2026-07-17 06:01:00
CHK_002377,USR_056,well,2026-08-18 20:30:00
CHK_002378,USR_063,well,2026-08-17 22:17:00
CHK_002379,USR_011,well,2026-08-19 13:38:00
CHK_002380,USR_040,well,2026-08-12 19:51:00
CHK_002381,USR_062,well,2026-06-17 22:48:00
CHK_002382,USR_055,calm_needed,2026-06-23 07:07:00
CHK_002383,USR_036,well,2026-07-24 20:51:00
CHK_002384,USR_070,well,2026-07-04 06:45:00
CHK_002385,USR_003,overwhelmed,2026-08-26 20:58:00
CHK_002386,USR_026,well,2026-06-18 11:58:00
CHK_002387,USR_076,overwhelmed,2026-06-27 07:32:00
CHK_002388,USR_067,well,2026-06-13 07:13:00
CHK_002389,USR_068,well,2026-08-03 12:17:00
CHK_002390,USR_065,well,2026-07-11 09:43:00
CHK_002391,USR_012,well,2026-08-23 19:55:00
CHK_002392,USR_034,calm_needed,2026-08-16 13:54:00
CHK_002393,USR_039,overwhelmed,2026-06-20 19:31:00
CHK_002394,USR_054,calm_needed,2026-06-25 09:20:00
CHK_002395,USR_026,well,2026-07-08 21:51:00
CHK_002396,USR_055,calm_needed,2026-06-16 21:34:00
CHK_002397,USR_085,well,2026-07-22 12:17:00
CHK_002398,USR_042,well,2026-07-19 20:00:00
CHK_002399,USR_088,well,2026-06-25 07:50:00
CHK_002400,USR_051,overwhelmed,2026-08-18 20:49:00
CHK_002401,USR_051,overwhelmed,2026-07-08 13:01:00
CHK_002402,USR_051,overwhelmed,2026-06-17 12:53:00
CHK_002403,USR_052,well,2026-07-21 20:35:00
CHK_002404,USR_046,well,2026-06-13 21:00:00
CHK_002405,USR_089,overwhelmed,2026-07-18 16:51:00
CHK_002406,USR_077,well,2026-06-19 16:34:00
CHK_002407,USR_087,overwhelmed,2026-08-08 14:07:00
CHK_002408,USR_017,overwhelmed,2026-08-27 22:37:00
CHK_002409,USR_090,well,2026-08-16 11:36:00
CHK_002410,USR_073,well,2026-08-18 15:02:00
CHK_002411,USR_089,overwhelmed,2026-06-08 07:40:00
CHK_002412,USR_063,well,2026-08-04 17:19:00
CHK_002413,USR_035,well,2026-06-27 20:58:00
CHK_002414,USR_096,well,2026-07-14 06:24:00
CHK_002415,USR_056,well,2026-06-29 17:42:00
CHK_002416,USR_028,overwhelmed,2026-07-01 14:19:00
CHK_002417,USR_010,well,2026-07-11 07:49:00
CHK_002418,USR_093,calm_needed,2026-07-14 15:33:00
CHK_002419,USR_002,well,2026-07-26 19:10:00
CHK_002420,USR_029,overwhelmed,2026-06-13 12:15:00
CHK_002421,USR_094,well,2026-08-09 08:43:00
CHK_002422,USR_044,calm_needed,2026-06-12 15:18:00
CHK_002423,USR_009,overwhelmed,2026-06-27 22:41:00
CHK_002424,USR_081,calm_needed,2026-07-28 20:54:00
CHK_002425,USR_084,overwhelmed,2026-08-16 06:24:00
CHK_002426,USR_017,well,2026-06-30 19:53:00
CHK_002427,USR_068,well,2026-06-11 18:11:00
CHK_002428,USR_083,well,2026-07-06 22:27:00
CHK_002429,USR_026,well,2026-06-15 16:23:00
CHK_002430,USR_039,calm_needed,2026-08-05 19:40:00
CHK_002431,USR_025,well,2026-06-13 17:11:00
CHK_002432,USR_092,overwhelmed,2026-07-18 22:52:00
CHK_002433,USR_055,overwhelmed,2026-08-11 17:52:00
CHK_002434,USR_020,calm_needed,2026-07-24 22:13:00
CHK_002435,USR_003,well,2026-07-30 12:25:00
CHK_002436,USR_025,well,2026-08-18 18:23:00
CHK_002437,USR_003,overwhelmed,2026-06-25 19:05:00
CHK_002438,USR_031,overwhelmed,2026-06-30 11:57:00
CHK_002439,USR_013,calm_needed,2026-07-06 22:33:00
CHK_002440,USR_024,well,2026-08-11 19:30:00
CHK_002441,USR_061,well,2026-07-25 19:39:00
CHK_002442,USR_035,well,2026-08-08 11:53:00
CHK_002443,USR_010,overwhelmed,2026-08-07 12:29:00
CHK_002444,USR_006,well,2026-07-05 13:32:00
CHK_002445,USR_041,overwhelmed,2026-07-27 19:35:00
CHK_002446,USR_063,well,2026-06-06 14:14:00
CHK_002447,USR_062,well,2026-06-14 07:28:00
CHK_002448,USR_081,overwhelmed,2026-06-02 22:34:00
CHK_002449,USR_026,calm_needed,2026-07-13 20:34:00
CHK_002450,USR_013,well,2026-08-24 17:31:00
CHK_002451,USR_052,well,2026-06-18 13:43:00
CHK_002452,USR_076,overwhelmed,2026-07-11 13:23:00
CHK_002453,USR_031,well,2026-07-08 17:56:00
CHK_002454,USR_020,calm_needed,2026-07-04 16:30:00
CHK_002455,USR_059,calm_needed,2026-07-13 13:46:00
CHK_002456,USR_058,well,2026-08-16 18:00:00
CHK_002457,USR_093,well,2026-07-06 18:01:00
CHK_002458,USR_016,well,2026-07-06 11:34:00
CHK_002459,USR_051,well,2026-08-13 14:37:00
CHK_002460,USR_076,well,2026-06-04 10:03:00
CHK_002461,USR_009,calm_needed,2026-06-25 19:10:00
CHK_002462,USR_068,well,2026-06-24 12:25:00
CHK_002463,USR_036,calm_needed,2026-06-16 11:58:00
CHK_002464,USR_096,overwhelmed,2026-06-08 12:26:00
CHK_002465,USR_094,well,2026-08-18 17:22:00
CHK_002466,USR_089,well,2026-06-10 15:33:00
CHK_002467,USR_014,well,2026-07-11 18:08:00
CHK_002468,USR_050,well,2026-08-12 13:38:00
CHK_002469,USR_071,well,2026-07-03 12:18:00
CHK_002470,USR_060,overwhelmed,2026-07-17 19:55:00
CHK_002471,USR_022,well,2026-07-24 22:53:00
CHK_002472,USR_052,well,2026-06-19 06:50:00
CHK_002473,USR_045,well,2026-08-08 22:42:00
CHK_002474,USR_085,well,2026-08-15 15:12:00
CHK_002475,USR_026,overwhelmed,2026-08-23 21:36:00
CHK_002476,USR_034,well,2026-07-15 13:22:00
CHK_002477,USR_003,well,2026-07-24 14:22:00
CHK_002478,USR_077,well,2026-08-24 14:45:00
CHK_002479,USR_074,well,2026-07-26 22:44:00
CHK_002480,USR_068,overwhelmed,2026-08-04 10:55:00
CHK_002481,USR_087,overwhelmed,2026-07-15 13:14:00
CHK_002482,USR_088,well,2026-08-14 08:02:00
CHK_002483,USR_074,overwhelmed,2026-06-30 11:20:00
CHK_002484,USR_087,well,2026-06-18 21:37:00
CHK_002485,USR_035,well,2026-06-18 10:59:00
CHK_002486,USR_063,well,2026-08-23 14:00:00
CHK_002487,USR_068,well,2026-06-21 14:53:00
CHK_002488,USR_041,well,2026-06-19 12:35:00
CHK_002489,USR_010,overwhelmed,2026-07-04 06:27:00
CHK_002490,USR_036,well,2026-07-10 08:30:00
CHK_002491,USR_025,well,2026-07-15 14:08:00
CHK_002492,USR_056,overwhelmed,2026-08-16 21:31:00
CHK_002493,USR_086,well,2026-07-08 07:07:00
CHK_002494,USR_029,well,2026-07-13 19:43:00
CHK_002495,USR_083,calm_needed,2026-07-03 17:06:00
CHK_002496,USR_002,well,2026-07-22 18:36:00
CHK_002497,USR_008,calm_needed,2026-07-08 08:59:00
CHK_002498,USR_052,overwhelmed,2026-08-07 10:34:00
CHK_002499,USR_052,well,2026-06-13 09:01:00
CHK_002500,USR_058,well,2026-06-09 06:12:00
CHK_002501,USR_093,overwhelmed,2026-07-13 19:53:00
CHK_002502,USR_088,well,2026-06-29 20:18:00
CHK_002503,USR_036,well,2026-07-22 09:51:00
CHK_002504,USR_018,well,2026-08-07 19:38:00
CHK_002505,USR_060,overwhelmed,2026-08-23 20:06:00
CHK_002506,USR_085,overwhelmed,2026-08-25 17:17:00
CHK_002507,USR_064,well,2026-08-18 10:15:00
CHK_002508,USR_039,well,2026-07-24 14:35:00
CHK_002509,USR_060,calm_needed,2026-06-01 13:56:00
CHK_002510,USR_023,calm_needed,2026-08-21 14:11:00
CHK_002511,USR_098,calm_needed,2026-08-08 07:38:00
CHK_002512,USR_086,calm_needed,2026-06-07 10:46:00
CHK_002513,USR_047,overwhelmed,2026-06-24 19:25:00
CHK_002514,USR_075,overwhelmed,2026-08-17 07:47:00
CHK_002515,USR_013,well,2026-07-18 15:55:00
CHK_002516,USR_045,well,2026-08-10 21:08:00
CHK_002517,USR_021,overwhelmed,2026-08-23 12:42:00
CHK_002518,USR_047,calm_needed,2026-08-02 17:38:00
CHK_002519,USR_063,well,2026-07-29 18:38:00
CHK_002520,USR_093,well,2026-08-25 07:07:00
CHK_002521,USR_081,calm_needed,2026-07-30 15:01:00
CHK_002522,USR_020,well,2026-07-26 17:31:00
CHK_002523,USR_075,well,2026-08-28 09:25:00
CHK_002524,USR_004,well,2026-06-17 12:47:00
CHK_002525,USR_085,well,2026-07-04 08:48:00
CHK_002526,USR_068,well,2026-07-20 19:13:00
CHK_002527,USR_020,well,2026-08-18 19:57:00
CHK_002528,USR_053,calm_needed,2026-08-13 15:58:00
CHK_002529,USR_017,well,2026-06-27 13:00:00
CHK_002530,USR_066,overwhelmed,2026-06-09 21:04:00
CHK_002531,USR_014,well,2026-08-28 18:23:00
CHK_002532,USR_024,overwhelmed,2026-07-07 18:26:00
CHK_002533,USR_024,well,2026-06-08 13:18:00
CHK_002534,USR_085,overwhelmed,2026-07-11 15:09:00
CHK_002535,USR_068,well,2026-08-04 22:29:00
CHK_002536,USR_031,well,2026-06-19 22:45:00
CHK_002537,USR_044,overwhelmed,2026-08-03 18:48:00
CHK_002538,USR_065,calm_needed,2026-08-04 10:56:00
CHK_002539,USR_024,well,2026-06-05 10:30:00
CHK_002540,USR_023,calm_needed,2026-06-06 20:14:00
CHK_002541,USR_017,calm_needed,2026-07-14 15:45:00
CHK_002542,USR_053,well,2026-06-03 14:10:00
CHK_002543,USR_070,calm_needed,2026-07-16 14:19:00
CHK_002544,USR_087,overwhelmed,2026-06-29 14:04:00
CHK_002545,USR_070,overwhelmed,2026-08-04 12:59:00
CHK_002546,USR_010,well,2026-08-29 11:31:00
CHK_002547,USR_094,well,2026-07-09 07:30:00
CHK_002548,USR_040,overwhelmed,2026-07-08 08:01:00
CHK_002549,USR_035,calm_needed,2026-06-25 08:34:00
CHK_002550,USR_073,overwhelmed,2026-08-14 08:30:00
CHK_002551,USR_021,well,2026-06-20 15:33:00
CHK_002552,USR_044,overwhelmed,2026-06-20 14:15:00
CHK_002553,USR_053,well,2026-07-11 18:40:00
CHK_002554,USR_096,calm_needed,2026-06-21 20:02:00
CHK_002555,USR_056,overwhelmed,2026-06-16 19:08:00
CHK_002556,USR_089,well,2026-08-24 20:51:00
CHK_002557,USR_044,overwhelmed,2026-08-08 21:06:00
CHK_002558,USR_070,well,2026-07-17 19:30:00
CHK_002559,USR_040,well,2026-06-05 16:39:00
CHK_002560,USR_031,well,2026-06-05 22:53:00
CHK_002561,USR_082,well,2026-08-03 07:55:00
CHK_002562,USR_011,calm_needed,2026-06-17 15:27:00
CHK_002563,USR_020,well,2026-06-18 18:31:00
CHK_002564,USR_039,calm_needed,2026-07-28 21:16:00
CHK_002565,USR_076,calm_needed,2026-08-08 08:18:00
CHK_002566,USR_044,well,2026-06-14 09:44:00
CHK_002567,USR_009,well,2026-07-22 11:15:00
CHK_002568,USR_062,calm_needed,2026-07-21 09:32:00
CHK_002569,USR_009,overwhelmed,2026-07-31 18:29:00
CHK_002570,USR_086,well,2026-08-27 21:43:00
CHK_002571,USR_008,calm_needed,2026-08-21 12:56:00
CHK_002572,USR_070,well,2026-07-12 09:37:00
CHK_002573,USR_017,calm_needed,2026-08-26 13:52:00
CHK_002574,USR_025,calm_needed,2026-08-14 18:13:00
CHK_002575,USR_032,well,2026-08-21 17:43:00
CHK_002576,USR_052,well,2026-07-20 17:13:00
CHK_002577,USR_096,overwhelmed,2026-06-30 17:47:00
CHK_002578,USR_023,overwhelmed,2026-07-05 15:32:00
CHK_002579,USR_088,overwhelmed,2026-07-31 08:07:00
CHK_002580,USR_045,overwhelmed,2026-06-07 07:20:00
CHK_002581,USR_087,well,2026-07-06 18:41:00
CHK_002582,USR_035,calm_needed,2026-08-26 16:48:00
CHK_002583,USR_083,calm_needed,2026-07-05 20:42:00
CHK_002584,USR_018,calm_needed,2026-06-28 16:18:00
CHK_002585,USR_044,calm_needed,2026-08-13 15:45:00
CHK_002586,USR_068,calm_needed,2026-08-16 10:19:00
CHK_002587,USR_093,overwhelmed,2026-07-02 11:54:00
CHK_002588,USR_013,well,2026-08-20 16:18:00
CHK_002589,USR_093,overwhelmed,2026-07-22 09:27:00
CHK_002590,USR_026,well,2026-06-09 17:57:00
CHK_002591,USR_023,overwhelmed,2026-06-04 10:05:00
CHK_002592,USR_064,overwhelmed,2026-06-09 20:35:00
CHK_002593,USR_085,overwhelmed,2026-08-11 20:50:00
CHK_002594,USR_027,well,2026-06-06 22:41:00
CHK_002595,USR_024,overwhelmed,2026-08-14 20:09:00
CHK_002596,USR_089,well,2026-06-03 16:19:00
CHK_002597,USR_089,calm_needed,2026-08-18 12:09:00
CHK_002598,USR_054,calm_needed,2026-06-29 15:12:00
CHK_002599,USR_073,overwhelmed,2026-06-04 22:59:00
CHK_002600,USR_003,well,2026-08-07 06:14:00
CHK_002601,USR_085,well,2026-06-19 17:00:00
CHK_002602,USR_045,well,2026-07-14 17:21:00
CHK_002603,USR_028,well,2026-06-30 17:19:00
CHK_002604,USR_096,well,2026-07-12 14:33:00
CHK_002605,USR_034,well,2026-07-07 06:53:00
CHK_002606,USR_017,well,2026-06-18 18:28:00
CHK_002607,USR_088,calm_needed,2026-08-13 09:32:00
CHK_002608,USR_017,well,2026-06-24 22:30:00
CHK_002609,USR_029,overwhelmed,2026-06-22 20:36:00
CHK_002610,USR_024,well,2026-07-23 11:01:00
CHK_002611,USR_028,calm_needed,2026-08-07 17:18:00
CHK_002612,USR_048,well,2026-06-15 07:35:00
CHK_002613,USR_076,well,2026-08-16 17:34:00
CHK_002614,USR_041,well,2026-06-09 18:22:00
CHK_002615,USR_051,well,2026-06-03 07:18:00
CHK_002616,USR_068,well,2026-06-07 14:11:00
CHK_002617,USR_036,calm_needed,2026-08-06 20:50:00
CHK_002618,USR_062,well,2026-08-08 09:13:00
CHK_002619,USR_004,well,2026-07-27 11:34:00
CHK_002620,USR_080,overwhelmed,2026-06-03 15:49:00
CHK_002621,USR_066,calm_needed,2026-06-10 06:35:00
CHK_002622,USR_046,calm_needed,2026-07-14 18:23:00
CHK_002623,USR_054,well,2026-06-21 20:11:00
CHK_002624,USR_066,calm_needed,2026-06-21 16:52:00
CHK_002625,USR_044,well,2026-07-28 19:05:00
CHK_002626,USR_088,overwhelmed,2026-08-14 08:41:00
CHK_002627,USR_058,calm_needed,2026-06-20 07:25:00
CHK_002628,USR_071,well,2026-06-10 11:22:00
CHK_002629,USR_021,overwhelmed,2026-08-17 10:54:00
CHK_002630,USR_051,well,2026-07-14 12:40:00
CHK_002631,USR_063,well,2026-07-14 20:49:00
CHK_002632,USR_064,well,2026-08-08 16:14:00
CHK_002633,USR_069,well,2026-07-06 21:22:00
CHK_002634,USR_085,well,2026-08-13 13:37:00
CHK_002635,USR_007,well,2026-08-24 21:14:00
CHK_002636,USR_086,overwhelmed,2026-08-27 17:09:00
CHK_002637,USR_062,well,2026-06-11 21:08:00
CHK_002638,USR_075,overwhelmed,2026-08-12 09:52:00
CHK_002639,USR_041,well,2026-06-24 13:18:00
CHK_002640,USR_070,overwhelmed,2026-08-25 14:57:00
CHK_002641,USR_015,overwhelmed,2026-07-18 09:36:00
CHK_002642,USR_020,well,2026-07-17 09:52:00
CHK_002643,USR_052,overwhelmed,2026-07-17 18:04:00
CHK_002644,USR_076,well,2026-07-16 10:30:00
CHK_002645,USR_027,well,2026-06-28 21:53:00
CHK_002646,USR_074,well,2026-07-04 18:26:00
CHK_002647,USR_004,well,2026-07-20 13:30:00
CHK_002648,USR_046,well,2026-08-29 11:27:00
CHK_002649,USR_046,well,2026-07-15 13:18:00
CHK_002650,USR_066,overwhelmed,2026-07-02 15:26:00
CHK_002651,USR_012,well,2026-07-29 18:02:00
CHK_002652,USR_050,well,2026-06-11 08:05:00
CHK_002653,USR_088,well,2026-06-28 18:37:00
CHK_002654,USR_037,overwhelmed,2026-08-01 19:05:00
CHK_002655,USR_096,calm_needed,2026-08-20 12:06:00
CHK_002656,USR_060,well,2026-08-28 13:04:00
CHK_002657,USR_083,well,2026-06-19 17:58:00
CHK_002658,USR_075,well,2026-07-25 17:26:00
CHK_002659,USR_066,overwhelmed,2026-07-18 12:46:00
CHK_002660,USR_077,well,2026-08-10 21:54:00
CHK_002661,USR_034,calm_needed,2026-07-05 20:27:00
CHK_002662,USR_077,calm_needed,2026-07-21 19:19:00
CHK_002663,USR_066,well,2026-07-02 12:19:00
CHK_002664,USR_047,well,2026-08-25 07:39:00
CHK_002665,USR_087,well,2026-08-16 14:08:00
CHK_002666,USR_069,well,2026-08-04 07:03:00
CHK_002667,USR_003,well,2026-08-03 19:19:00
CHK_002668,USR_094,calm_needed,2026-08-02 19:20:00
CHK_002669,USR_075,well,2026-06-16 13:41:00
CHK_002670,USR_085,well,2026-07-05 22:51:00
CHK_002671,USR_037,calm_needed,2026-08-20 13:01:00
CHK_002672,USR_002,calm_needed,2026-08-03 10:40:00
CHK_002673,USR_034,calm_needed,2026-07-25 08:16:00
CHK_002674,USR_003,calm_needed,2026-07-05 06:47:00
CHK_002675,USR_075,well,2026-06-17 13:33:00
CHK_002676,USR_087,calm_needed,2026-06-27 21:57:00
CHK_002677,USR_053,well,2026-06-16 17:10:00
CHK_002678,USR_095,calm_needed,2026-08-06 17:29:00
CHK_002679,USR_063,well,2026-07-07 06:41:00
CHK_002680,USR_029,well,2026-07-21 13:59:00
CHK_002681,USR_012,well,2026-07-01 12:46:00
CHK_002682,USR_003,well,2026-08-21 09:46:00
CHK_002683,USR_076,overwhelmed,2026-07-17 11:32:00
CHK_002684,USR_026,overwhelmed,2026-06-26 13:49:00
CHK_002685,USR_008,well,2026-07-07 17:19:00
CHK_002686,USR_076,calm_needed,2026-06-29 17:51:00
CHK_002687,USR_042,overwhelmed,2026-07-29 22:09:00
CHK_002688,USR_071,well,2026-07-23 06:23:00
CHK_002689,USR_063,overwhelmed,2026-07-01 07:18:00
CHK_002690,USR_034,overwhelmed,2026-06-22 20:25:00
CHK_002691,USR_035,well,2026-07-10 12:55:00
CHK_002692,USR_085,overwhelmed,2026-06-27 09:14:00
CHK_002693,USR_020,well,2026-08-12 12:40:00
CHK_002694,USR_012,calm_needed,2026-08-07 11:23:00
CHK_002695,USR_070,well,2026-06-24 12:08:00
CHK_002696,USR_077,overwhelmed,2026-08-24 08:14:00
CHK_002697,USR_027,well,2026-07-29 11:01:00
CHK_002698,USR_062,well,2026-07-31 09:58:00
CHK_002699,USR_051,well,2026-07-30 14:22:00
CHK_002700,USR_095,well,2026-08-04 20:33:00
CHK_002701,USR_090,calm_needed,2026-08-03 10:33:00
CHK_002702,USR_066,well,2026-08-27 08:44:00
CHK_002703,USR_077,well,2026-08-18 15:31:00
CHK_002704,USR_054,well,2026-06-14 09:19:00
CHK_002705,USR_051,overwhelmed,2026-08-16 06:51:00
CHK_002706,USR_035,overwhelmed,2026-07-02 14:27:00
CHK_002707,USR_003,overwhelmed,2026-08-26 18:54:00
CHK_002708,USR_087,calm_needed,2026-08-14 08:27:00
CHK_002709,USR_047,well,2026-08-16 15:51:00
CHK_002710,USR_098,calm_needed,2026-06-28 11:12:00
CHK_002711,USR_063,overwhelmed,2026-06-15 19:52:00
CHK_002712,USR_017,overwhelmed,2026-07-22 15:29:00
CHK_002713,USR_052,well,2026-07-23 21:42:00
CHK_002714,USR_056,well,2026-07-21 06:17:00
CHK_002715,USR_100,well,2026-06-01 22:42:00
CHK_002716,USR_053,well,2026-07-17 19:53:00
CHK_002717,USR_036,overwhelmed,2026-07-09 16:54:00
CHK_002718,USR_087,well,2026-06-29 19:59:00
CHK_002719,USR_081,well,2026-06-29 10:48:00
CHK_002720,USR_074,well,2026-06-16 21:30:00
CHK_002721,USR_060,calm_needed,2026-08-01 13:42:00
CHK_002722,USR_056,well,2026-07-19 22:43:00
CHK_002723,USR_012,well,2026-07-15 07:31:00
CHK_002724,USR_037,calm_needed,2026-07-09 09:06:00
CHK_002725,USR_052,calm_needed,2026-06-01 21:04:00
CHK_002726,USR_056,calm_needed,2026-07-25 12:08:00
CHK_002727,USR_070,well,2026-07-25 14:14:00
CHK_002728,USR_036,calm_needed,2026-08-23 13:31:00
CHK_002729,USR_045,well,2026-06-19 11:03:00
CHK_002730,USR_036,well,2026-06-01 17:54:00
CHK_002731,USR_076,well,2026-07-28 12:16:00
CHK_002732,USR_031,overwhelmed,2026-06-03 08:57:00
CHK_002733,USR_092,well,2026-07-22 19:34:00
CHK_002734,USR_026,overwhelmed,2026-06-07 12:30:00
CHK_002735,USR_053,well,2026-07-22 19:35:00
CHK_002736,USR_054,well,2026-07-23 18:21:00
CHK_002737,USR_033,well,2026-08-03 09:10:00
CHK_002738,USR_013,calm_needed,2026-06-15 11:54:00
CHK_002739,USR_013,calm_needed,2026-08-12 16:58:00
CHK_002740,USR_040,calm_needed,2026-06-27 14:04:00
CHK_002741,USR_013,calm_needed,2026-06-30 08:05:00
CHK_002742,USR_085,overwhelmed,2026-08-01 08:21:00
CHK_002743,USR_035,well,2026-06-30 13:32:00
CHK_002744,USR_008,well,2026-07-28 12:45:00
CHK_002745,USR_077,well,2026-07-02 06:35:00
CHK_002746,USR_061,overwhelmed,2026-06-08 15:15:00
CHK_002747,USR_089,overwhelmed,2026-06-01 17:56:00
CHK_002748,USR_052,calm_needed,2026-08-20 06:31:00
CHK_002749,USR_053,well,2026-08-02 16:45:00
CHK_002750,USR_010,well,2026-08-13 09:24:00
CHK_002751,USR_082,well,2026-08-13 19:44:00
CHK_002752,USR_018,well,2026-08-07 22:09:00
CHK_002753,USR_082,calm_needed,2026-07-30 17:30:00
CHK_002754,USR_065,well,2026-07-11 19:44:00
CHK_002755,USR_034,well,2026-07-06 22:50:00
CHK_002756,USR_003,well,2026-08-16 14:26:00
CHK_002757,USR_092,well,2026-07-20 07:13:00
CHK_002758,USR_012,well,2026-06-03 07:39:00
CHK_002759,USR_017,well,2026-08-29 14:29:00
CHK_002760,USR_094,overwhelmed,2026-06-25 11:57:00
CHK_002761,USR_010,well,2026-08-01 17:25:00
CHK_002762,USR_060,well,2026-08-15 14:22:00
CHK_002763,USR_051,well,2026-06-20 16:26:00
CHK_002764,USR_013,well,2026-08-10 15:22:00
CHK_002765,USR_066,well,2026-06-04 06:33:00
CHK_002766,USR_002,well,2026-06-28 19:33:00
CHK_002767,USR_021,well,2026-07-25 07:33:00
CHK_002768,USR_077,overwhelmed,2026-08-15 08:19:00
CHK_002769,USR_060,well,2026-08-02 15:00:00
CHK_002770,USR_074,overwhelmed,2026-08-23 09:12:00
CHK_002771,USR_067,overwhelmed,2026-07-26 18:26:00
CHK_002772,USR_062,well,2026-07-08 06:39:00
CHK_002773,USR_001,calm_needed,2026-07-20 12:47:00
CHK_002774,USR_074,well,2026-07-15 09:52:00
CHK_002775,USR_044,well,2026-08-04 21:17:00
CHK_002776,USR_009,overwhelmed,2026-08-05 14:03:00
CHK_002777,USR_012,well,2026-07-13 13:38:00
CHK_002778,USR_069,well,2026-06-18 20:59:00
CHK_002779,USR_001,well,2026-06-15 15:45:00
CHK_002780,USR_002,well,2026-06-10 10:51:00
CHK_002781,USR_087,calm_needed,2026-06-23 18:08:00
CHK_002782,USR_073,overwhelmed,2026-07-27 10:23:00
CHK_002783,USR_075,calm_needed,2026-07-18 17:08:00
CHK_002784,USR_001,well,2026-06-14 12:58:00
CHK_002785,USR_088,well,2026-06-11 15:01:00
CHK_002786,USR_043,overwhelmed,2026-08-20 13:22:00
CHK_002787,USR_090,well,2026-07-08 09:34:00
CHK_002788,USR_096,overwhelmed,2026-07-16 17:47:00
CHK_002789,USR_082,well,2026-08-16 13:56:00
CHK_002790,USR_076,overwhelmed,2026-07-31 21:51:00
CHK_002791,USR_047,well,2026-08-26 18:36:00
CHK_002792,USR_026,well,2026-06-22 12:22:00
CHK_002793,USR_081,well,2026-06-18 19:09:00
CHK_002794,USR_010,calm_needed,2026-06-07 10:00:00
CHK_002795,USR_028,well,2026-06-08 15:31:00
CHK_002796,USR_046,calm_needed,2026-07-18 13:50:00
CHK_002797,USR_082,well,2026-08-02 13:30:00
CHK_002798,USR_055,well,2026-07-15 20:17:00
CHK_002799,USR_055,overwhelmed,2026-08-14 11:55:00
CHK_002800,USR_084,overwhelmed,2026-08-05 18:32:00
CHK_002801,USR_013,overwhelmed,2026-06-04 07:20:00
CHK_002802,USR_098,well,2026-08-06 22:36:00
CHK_002803,USR_003,calm_needed,2026-06-23 17:58:00
CHK_002804,USR_046,well,2026-08-20 07:16:00
CHK_002805,USR_072,well,2026-06-04 18:03:00
CHK_002806,USR_074,calm_needed,2026-08-26 06:32:00
CHK_002807,USR_048,well,2026-07-04 20:34:00
CHK_002808,USR_053,well,2026-06-17 18:02:00
CHK_002809,USR_057,overwhelmed,2026-06-07 16:23:00
CHK_002810,USR_054,calm_needed,2026-07-14 15:38:00
CHK_002811,USR_099,well,2026-07-22 20:36:00
CHK_002812,USR_045,calm_needed,2026-06-21 16:59:00
CHK_002813,USR_064,calm_needed,2026-06-18 17:58:00
CHK_002814,USR_100,well,2026-06-12 07:37:00
CHK_002815,USR_010,well,2026-06-04 18:41:00
CHK_002816,USR_035,well,2026-07-17 13:54:00
CHK_002817,USR_071,well,2026-08-20 12:12:00
CHK_002818,USR_019,well,2026-08-29 15:44:00
CHK_002819,USR_052,well,2026-08-25 17:31:00
CHK_002820,USR_028,well,2026-07-22 12:40:00
CHK_002821,USR_029,well,2026-07-14 13:52:00
CHK_002822,USR_071,overwhelmed,2026-07-13 21:45:00
CHK_002823,USR_085,calm_needed,2026-08-07 10:09:00
CHK_002824,USR_053,well,2026-08-05 17:26:00
CHK_002825,USR_013,well,2026-07-03 09:58:00
CHK_002826,USR_049,overwhelmed,2026-08-27 22:52:00
CHK_002827,USR_010,well,2026-08-05 09:50:00
CHK_002828,USR_087,overwhelmed,2026-08-09 14:04:00
CHK_002829,USR_082,well,2026-08-11 13:53:00
CHK_002830,USR_062,well,2026-08-09 08:04:00
CHK_002831,USR_002,calm_needed,2026-06-05 16:14:00
CHK_002832,USR_003,calm_needed,2026-06-07 13:05:00
CHK_002833,USR_034,well,2026-06-30 12:02:00
CHK_002834,USR_077,well,2026-08-06 13:56:00
CHK_002835,USR_091,calm_needed,2026-08-08 18:42:00
CHK_002836,USR_083,well,2026-06-26 21:08:00
CHK_002837,USR_021,well,2026-06-23 16:44:00
CHK_002838,USR_008,calm_needed,2026-07-10 21:52:00
CHK_002839,USR_047,well,2026-06-03 19:59:00
CHK_002840,USR_040,well,2026-08-25 08:49:00
CHK_002841,USR_036,well,2026-06-01 17:14:00
CHK_002842,USR_004,calm_needed,2026-06-27 17:11:00
CHK_002843,USR_056,overwhelmed,2026-08-05 12:33:00
CHK_002844,USR_049,overwhelmed,2026-07-13 16:13:00
CHK_002845,USR_010,calm_needed,2026-08-20 21:02:00
CHK_002846,USR_017,calm_needed,2026-07-10 08:38:00
CHK_002847,USR_075,well,2026-07-16 19:10:00
CHK_002848,USR_024,calm_needed,2026-06-27 11:21:00
CHK_002849,USR_081,well,2026-08-05 08:08:00
CHK_002850,USR_003,calm_needed,2026-07-13 17:02:00
CHK_002851,USR_087,well,2026-06-06 18:21:00
CHK_002852,USR_095,well,2026-06-23 17:51:00
CHK_002853,USR_056,well,2026-08-12 18:39:00
CHK_002854,USR_061,well,2026-06-17 07:34:00
CHK_002855,USR_065,well,2026-06-21 15:52:00
CHK_002856,USR_029,overwhelmed,2026-06-06 15:54:00
CHK_002857,USR_087,calm_needed,2026-08-08 16:09:00
CHK_002858,USR_004,overwhelmed,2026-06-21 06:13:00
CHK_002859,USR_034,calm_needed,2026-07-30 07:35:00
CHK_002860,USR_047,well,2026-07-12 06:31:00
CHK_002861,USR_074,calm_needed,2026-07-09 12:21:00
CHK_002862,USR_008,calm_needed,2026-08-11 15:13:00
CHK_002863,USR_089,overwhelmed,2026-08-14 11:20:00
CHK_002864,USR_096,well,2026-08-27 08:51:00
CHK_002865,USR_098,well,2026-07-23 07:21:00
CHK_002866,USR_029,calm_needed,2026-06-08 06:58:00
CHK_002867,USR_025,well,2026-06-28 15:44:00
CHK_002868,USR_087,well,2026-06-05 15:09:00
CHK_002869,USR_078,overwhelmed,2026-06-21 06:02:00
CHK_002870,USR_003,overwhelmed,2026-07-19 13:16:00
CHK_002871,USR_071,well,2026-06-21 12:06:00
CHK_002872,USR_081,well,2026-06-08 14:27:00
CHK_002873,USR_008,well,2026-08-21 15:53:00
CHK_002874,USR_094,well,2026-06-14 17:45:00
CHK_002875,USR_064,overwhelmed,2026-08-19 10:51:00
CHK_002876,USR_039,well,2026-07-08 12:55:00
CHK_002877,USR_064,well,2026-08-29 18:43:00
CHK_002878,USR_063,overwhelmed,2026-07-25 06:07:00
CHK_002879,USR_086,calm_needed,2026-08-25 10:48:00
CHK_002880,USR_093,well,2026-08-26 06:54:00
CHK_002881,USR_047,well,2026-08-10 11:48:00
CHK_002882,USR_096,well,2026-06-04 13:36:00
CHK_002883,USR_032,well,2026-08-29 16:07:00
CHK_002884,USR_018,well,2026-06-05 13:16:00
CHK_002885,USR_090,well,2026-06-02 22:30:00
CHK_002886,USR_064,well,2026-07-21 14:09:00
CHK_002887,USR_052,well,2026-07-17 06:29:00
CHK_002888,USR_008,well,2026-08-28 11:17:00
CHK_002889,USR_036,well,2026-06-17 21:07:00
CHK_002890,USR_027,well,2026-08-28 14:11:00
CHK_002891,USR_018,overwhelmed,2026-07-24 16:59:00
CHK_002892,USR_064,calm_needed,2026-07-31 22:01:00
CHK_002893,USR_010,calm_needed,2026-06-16 19:15:00
CHK_002894,USR_010,well,2026-07-26 11:00:00
CHK_002895,USR_022,well,2026-08-02 08:00:00
CHK_002896,USR_040,well,2026-06-30 06:47:00
CHK_002897,USR_060,calm_needed,2026-06-04 17:24:00
CHK_002898,USR_044,overwhelmed,2026-08-13 08:54:00
CHK_002899,USR_048,well,2026-08-04 06:09:00
CHK_002900,USR_063,calm_needed,2026-08-11 14:20:00
CHK_002901,USR_003,calm_needed,2026-06-06 19:32:00
CHK_002902,USR_064,well,2026-08-26 21:50:00
CHK_002903,USR_075,overwhelmed,2026-07-09 17:03:00
CHK_002904,USR_079,calm_needed,2026-06-30 19:34:00
CHK_002905,USR_044,well,2026-08-06 20:16:00
CHK_002906,USR_046,well,2026-08-15 10:23:00
CHK_002907,USR_034,well,2026-07-17 11:43:00
CHK_002908,USR_053,overwhelmed,2026-07-11 09:04:00
CHK_002909,USR_064,well,2026-06-07 19:29:00
CHK_002910,USR_050,well,2026-06-05 08:22:00
CHK_002911,USR_001,calm_needed,2026-08-18 13:30:00
CHK_002912,USR_001,well,2026-08-26 13:03:00
CHK_002913,USR_061,well,2026-08-26 06:51:00
CHK_002914,USR_010,well,2026-06-07 06:55:00
CHK_002915,USR_081,well,2026-07-01 18:56:00
CHK_002916,USR_086,well,2026-08-04 06:58:00
CHK_002917,USR_068,well,2026-07-29 10:40:00
CHK_002918,USR_092,well,2026-06-11 06:18:00
CHK_002919,USR_035,well,2026-08-10 07:18:00
CHK_002920,USR_081,well,2026-06-08 16:40:00
CHK_002921,USR_035,well,2026-06-09 13:59:00
CHK_002922,USR_085,well,2026-08-02 13:26:00
CHK_002923,USR_044,well,2026-08-24 09:48:00
CHK_002924,USR_093,well,2026-08-29 08:05:00
CHK_002925,USR_090,well,2026-07-09 07:41:00
CHK_002926,USR_028,overwhelmed,2026-08-05 22:27:00
CHK_002927,USR_049,well,2026-06-20 21:07:00
CHK_002928,USR_095,well,2026-07-19 15:11:00
CHK_002929,USR_041,well,2026-06-12 20:39:00
CHK_002930,USR_055,well,2026-07-04 21:16:00
CHK_002931,USR_044,well,2026-07-06 20:59:00
CHK_002932,USR_060,calm_needed,2026-06-19 16:38:00
CHK_002933,USR_068,well,2026-07-17 17:35:00
CHK_002934,USR_044,calm_needed,2026-07-21 21:42:00
CHK_002935,USR_074,well,2026-06-18 18:04:00
CHK_002936,USR_051,well,2026-07-29 11:32:00
CHK_002937,USR_056,calm_needed,2026-08-26 16:23:00
CHK_002938,USR_004,well,2026-06-20 15:24:00
CHK_002939,USR_095,calm_needed,2026-06-15 17:39:00
CHK_002940,USR_034,well,2026-08-05 17:57:00
CHK_002941,USR_015,well,2026-07-01 21:40:00
CHK_002942,USR_053,well,2026-06-12 10:54:00
CHK_002943,USR_050,well,2026-07-06 20:37:00
CHK_002944,USR_083,well,2026-07-29 09:32:00
CHK_002945,USR_046,overwhelmed,2026-06-03 20:26:00
CHK_002946,USR_098,well,2026-08-25 08:53:00
CHK_002947,USR_062,overwhelmed,2026-06-01 12:35:00
CHK_002948,USR_049,well,2026-07-29 14:18:00
CHK_002949,USR_044,overwhelmed,2026-06-15 13:14:00
CHK_002950,USR_042,well,2026-06-18 21:01:00
CHK_002951,USR_075,calm_needed,2026-06-30 07:34:00
CHK_002952,USR_061,well,2026-06-02 07:33:00
CHK_002953,USR_008,well,2026-07-20 19:59:00
CHK_002954,USR_074,well,2026-08-01 12:11:00
CHK_002955,USR_068,well,2026-07-24 21:54:00
CHK_002956,USR_051,well,2026-07-08 18:50:00
CHK_002957,USR_040,well,2026-07-07 12:10:00
CHK_002958,USR_051,well,2026-07-20 09:32:00
CHK_002959,USR_086,well,2026-08-22 10:35:00
CHK_002960,USR_062,well,2026-07-01 20:29:00
CHK_002961,USR_020,overwhelmed,2026-07-11 18:09:00
CHK_002962,USR_044,well,2026-08-24 18:52:00
CHK_002963,USR_087,overwhelmed,2026-08-23 18:54:00
CHK_002964,USR_064,well,2026-07-02 11:29:00
CHK_002965,USR_081,well,2026-08-08 18:23:00
CHK_002966,USR_075,well,2026-07-30 14:20:00
CHK_002967,USR_069,overwhelmed,2026-08-18 15:10:00
CHK_002968,USR_079,well,2026-06-27 07:37:00
CHK_002969,USR_070,overwhelmed,2026-06-03 08:27:00
CHK_002970,USR_090,overwhelmed,2026-07-24 10:48:00
CHK_002971,USR_013,well,2026-07-27 22:07:00
CHK_002972,USR_012,well,2026-06-29 14:10:00
CHK_002973,USR_056,calm_needed,2026-06-19 10:47:00
CHK_002974,USR_076,well,2026-07-22 08:50:00
CHK_002975,USR_022,well,2026-06-03 18:42:00
CHK_002976,USR_052,well,2026-07-01 12:47:00
CHK_002977,USR_078,well,2026-07-30 06:55:00
CHK_002978,USR_060,calm_needed,2026-06-04 09:03:00
CHK_002979,USR_049,calm_needed,2026-06-17 22:32:00
CHK_002980,USR_078,well,2026-06-27 16:02:00
CHK_002981,USR_028,overwhelmed,2026-08-28 15:48:00
CHK_002982,USR_009,overwhelmed,2026-06-21 12:23:00
CHK_002983,USR_075,overwhelmed,2026-06-26 14:19:00
CHK_002984,USR_045,calm_needed,2026-07-06 14:21:00
CHK_002985,USR_060,well,2026-08-22 13:41:00
CHK_002986,USR_008,well,2026-07-13 17:36:00
CHK_002987,USR_074,overwhelmed,2026-08-27 12:20:00
CHK_002988,USR_044,well,2026-06-02 09:07:00
CHK_002989,USR_004,overwhelmed,2026-08-16 18:39:00
CHK_002990,USR_008,well,2026-07-23 06:51:00
CHK_002991,USR_025,well,2026-07-21 18:30:00
CHK_002992,USR_081,overwhelmed,2026-08-06 19:38:00
CHK_002993,USR_068,overwhelmed,2026-06-29 11:42:00
CHK_002994,USR_035,well,2026-08-20 07:37:00
CHK_002995,USR_087,well,2026-06-02 17:34:00
CHK_002996,USR_077,overwhelmed,2026-06-21 19:34:00
CHK_002997,USR_044,calm_needed,2026-06-06 20:16:00
CHK_002998,USR_066,well,2026-06-22 19:14:00
CHK_002999,USR_062,overwhelmed,2026-06-09 07:35:00
CHK_003000,USR_014,well,2026-08-23 13:57:00
CHK_003001,USR_075,overwhelmed,2026-06-16 16:41:00
CHK_003002,USR_074,well,2026-06-18 08:42:00
CHK_003003,USR_081,well,2026-07-29 19:05:00
CHK_003004,USR_066,well,2026-08-18 15:53:00
CHK_003005,USR_008,overwhelmed,2026-06-15 17:24:00
CHK_003006,USR_018,calm_needed,2026-07-27 08:52:00
CHK_003007,USR_084,well,2026-07-30 15:01:00
CHK_003008,USR_042,well,2026-08-26 07:40:00
CHK_003009,USR_051,calm_needed,2026-08-05 20:55:00
CHK_003010,USR_009,overwhelmed,2026-06-27 12:05:00
CHK_003011,USR_077,well,2026-07-19 22:45:00
CHK_003012,USR_010,well,2026-07-16 12:05:00
CHK_003013,USR_012,well,2026-08-28 20:32:00
CHK_003014,USR_005,overwhelmed,2026-06-05 09:16:00
CHK_003015,USR_070,well,2026-06-29 13:33:00
CHK_003016,USR_014,well,2026-07-21 10:28:00
CHK_003017,USR_047,calm_needed,2026-07-22 17:51:00
CHK_003018,USR_034,overwhelmed,2026-07-13 12:16:00
CHK_003019,USR_018,well,2026-07-08 16:28:00
CHK_003020,USR_018,well,2026-08-08 20:20:00
CHK_003021,USR_026,overwhelmed,2026-06-21 06:14:00
CHK_003022,USR_071,calm_needed,2026-07-29 07:05:00
CHK_003023,USR_017,well,2026-08-08 12:32:00
CHK_003024,USR_076,overwhelmed,2026-06-13 16:26:00
CHK_003025,USR_047,well,2026-08-28 06:39:00
CHK_003026,USR_076,well,2026-07-28 11:58:00
CHK_003027,USR_063,well,2026-07-15 09:16:00
CHK_003028,USR_099,well,2026-06-05 19:14:00
CHK_003029,USR_021,well,2026-06-10 21:16:00
CHK_003030,USR_087,overwhelmed,2026-06-15 17:45:00
CHK_003031,USR_002,well,2026-08-09 09:57:00
CHK_003032,USR_018,calm_needed,2026-07-14 08:27:00
CHK_003033,USR_044,overwhelmed,2026-07-21 15:48:00
CHK_003034,USR_049,well,2026-06-15 21:07:00
CHK_003035,USR_094,well,2026-07-23 17:47:00
CHK_003036,USR_081,well,2026-06-07 22:02:00
CHK_003037,USR_036,well,2026-06-15 12:42:00
CHK_003038,USR_068,overwhelmed,2026-06-18 13:23:00
CHK_003039,USR_036,overwhelmed,2026-07-13 08:30:00
CHK_003040,USR_074,well,2026-08-12 06:32:00
CHK_003041,USR_095,overwhelmed,2026-07-01 06:19:00
CHK_003042,USR_056,calm_needed,2026-08-19 09:07:00
CHK_003043,USR_056,well,2026-06-28 14:01:00
CHK_003044,USR_028,well,2026-06-09 07:23:00
CHK_003045,USR_010,well,2026-08-13 11:47:00
CHK_003046,USR_011,well,2026-07-20 06:59:00
CHK_003047,USR_036,well,2026-06-21 10:14:00
CHK_003048,USR_003,overwhelmed,2026-06-09 17:38:00
CHK_003049,USR_060,well,2026-08-29 13:21:00
CHK_003050,USR_060,well,2026-06-09 15:47:00
CHK_003051,USR_087,calm_needed,2026-07-30 16:37:00
CHK_003052,USR_070,calm_needed,2026-07-15 10:13:00
CHK_003053,USR_026,well,2026-07-14 19:18:00
CHK_003054,USR_012,calm_needed,2026-07-22 22:24:00
CHK_003055,USR_081,well,2026-06-28 10:53:00
CHK_003056,USR_054,well,2026-07-27 20:11:00
CHK_003057,USR_076,calm_needed,2026-06-15 17:40:00
CHK_003058,USR_071,overwhelmed,2026-08-16 13:58:00
CHK_003059,USR_003,well,2026-06-21 17:43:00
CHK_003060,USR_012,overwhelmed,2026-08-18 22:41:00
CHK_003061,USR_055,well,2026-08-18 21:52:00
CHK_003062,USR_083,well,2026-06-18 19:01:00
CHK_003063,USR_046,well,2026-06-03 19:38:00
CHK_003064,USR_053,well,2026-06-22 19:47:00
CHK_003065,USR_097,well,2026-06-06 06:20:00
CHK_003066,USR_017,well,2026-06-30 07:18:00
CHK_003067,USR_010,well,2026-06-25 20:37:00
CHK_003068,USR_090,well,2026-07-27 20:51:00
CHK_003069,USR_092,well,2026-06-14 08:32:00
CHK_003070,USR_094,calm_needed,2026-06-24 15:03:00
CHK_003071,USR_052,well,2026-06-09 12:15:00
CHK_003072,USR_094,calm_needed,2026-08-13 21:02:00
CHK_003073,USR_017,well,2026-06-08 14:14:00
CHK_003074,USR_086,calm_needed,2026-06-30 18:43:00
CHK_003075,USR_066,well,2026-06-19 12:47:00
CHK_003076,USR_026,calm_needed,2026-07-07 15:17:00
CHK_003077,USR_070,well,2026-08-21 16:21:00
CHK_003078,USR_026,well,2026-07-04 06:54:00
CHK_003079,USR_038,well,2026-07-08 12:48:00
CHK_003080,USR_028,well,2026-07-22 06:03:00
CHK_003081,USR_066,well,2026-08-03 13:39:00
CHK_003082,USR_067,overwhelmed,2026-06-15 11:41:00
CHK_003083,USR_014,well,2026-07-31 13:58:00
CHK_003084,USR_013,well,2026-08-22 17:43:00
CHK_003085,USR_003,overwhelmed,2026-07-06 14:53:00
CHK_003086,USR_031,well,2026-07-06 14:25:00
CHK_003087,USR_077,calm_needed,2026-06-06 16:30:00
CHK_003088,USR_070,calm_needed,2026-08-20 22:23:00
CHK_003089,USR_010,well,2026-07-01 20:33:00
CHK_003090,USR_071,well,2026-08-11 12:11:00
CHK_003091,USR_087,calm_needed,2026-06-15 19:47:00
CHK_003092,USR_038,well,2026-07-20 11:48:00
CHK_003093,USR_026,well,2026-06-20 18:26:00
CHK_003094,USR_092,well,2026-07-26 07:40:00
CHK_003095,USR_097,well,2026-06-29 08:44:00
CHK_003096,USR_034,overwhelmed,2026-07-24 20:48:00
CHK_003097,USR_066,calm_needed,2026-08-02 11:34:00
CHK_003098,USR_094,well,2026-08-04 19:28:00
CHK_003099,USR_009,well,2026-08-04 21:09:00
CHK_003100,USR_035,well,2026-06-10 13:22:00
CHK_003101,USR_068,calm_needed,2026-07-12 08:01:00
CHK_003102,USR_053,well,2026-07-22 20:17:00
CHK_003103,USR_093,well,2026-06-21 13:29:00
CHK_003104,USR_028,well,2026-08-07 11:22:00
CHK_003105,USR_089,well,2026-08-11 12:12:00
CHK_003106,USR_041,overwhelmed,2026-06-27 20:51:00
CHK_003107,USR_094,calm_needed,2026-08-26 21:48:00
CHK_003108,USR_082,well,2026-07-14 10:16:00
CHK_003109,USR_026,overwhelmed,2026-06-06 11:51:00
CHK_003110,USR_073,well,2026-07-26 13:06:00
CHK_003111,USR_056,well,2026-08-03 18:46:00
CHK_003112,USR_020,well,2026-06-13 16:12:00
CHK_003113,USR_086,well,2026-06-29 10:34:00
CHK_003114,USR_034,well,2026-07-14 19:37:00
CHK_003115,USR_060,calm_needed,2026-07-10 18:04:00
CHK_003116,USR_025,calm_needed,2026-06-03 11:13:00
CHK_003117,USR_085,overwhelmed,2026-08-12 11:46:00
CHK_003118,USR_057,calm_needed,2026-06-25 21:51:00
CHK_003119,USR_014,well,2026-08-06 10:16:00
CHK_003120,USR_053,well,2026-07-08 06:06:00
CHK_003121,USR_092,calm_needed,2026-07-22 16:54:00
CHK_003122,USR_009,overwhelmed,2026-06-27 14:40:00
CHK_003123,USR_008,calm_needed,2026-07-04 14:18:00
CHK_003124,USR_077,overwhelmed,2026-06-16 13:09:00
CHK_003125,USR_090,overwhelmed,2026-06-28 06:03:00
CHK_003126,USR_026,well,2026-06-18 11:52:00
CHK_003127,USR_084,calm_needed,2026-06-09 15:33:00
CHK_003128,USR_025,overwhelmed,2026-06-29 09:49:00
CHK_003129,USR_093,well,2026-07-31 19:45:00
CHK_003130,USR_044,overwhelmed,2026-06-05 12:53:00
CHK_003131,USR_012,calm_needed,2026-06-07 13:07:00
CHK_003132,USR_046,well,2026-08-21 11:53:00
CHK_003133,USR_010,well,2026-07-20 14:07:00
CHK_003134,USR_020,well,2026-07-27 09:30:00
CHK_003135,USR_071,calm_needed,2026-07-13 15:11:00
CHK_003136,USR_047,overwhelmed,2026-08-21 14:46:00
CHK_003137,USR_074,overwhelmed,2026-06-23 16:09:00
CHK_003138,USR_013,well,2026-06-29 11:58:00
CHK_003139,USR_040,overwhelmed,2026-08-23 10:19:00
CHK_003140,USR_095,overwhelmed,2026-07-18 18:23:00
CHK_003141,USR_076,well,2026-07-04 13:02:00
CHK_003142,USR_001,calm_needed,2026-07-28 14:07:00
CHK_003143,USR_075,overwhelmed,2026-08-19 15:20:00
CHK_003144,USR_068,overwhelmed,2026-07-08 22:47:00
CHK_003145,USR_066,calm_needed,2026-06-04 07:28:00
CHK_003146,USR_053,overwhelmed,2026-08-24 21:20:00
CHK_003147,USR_053,well,2026-06-02 14:54:00
CHK_003148,USR_075,overwhelmed,2026-07-18 15:40:00
CHK_003149,USR_093,well,2026-07-28 09:41:00
CHK_003150,USR_052,calm_needed,2026-07-11 08:49:00
CHK_003151,USR_049,well,2026-07-15 12:18:00
CHK_003152,USR_087,calm_needed,2026-08-16 21:28:00
CHK_003153,USR_034,well,2026-08-14 14:37:00
CHK_003154,USR_082,overwhelmed,2026-07-14 13:02:00
CHK_003155,USR_033,well,2026-07-19 21:35:00
CHK_003156,USR_090,well,2026-08-16 22:30:00
CHK_003157,USR_070,calm_needed,2026-06-05 12:17:00
CHK_003158,USR_034,well,2026-08-29 10:44:00
CHK_003159,USR_040,well,2026-08-07 18:23:00
CHK_003160,USR_086,calm_needed,2026-07-18 18:54:00
CHK_003161,USR_026,well,2026-06-18 22:07:00
CHK_003162,USR_081,overwhelmed,2026-06-23 07:05:00
CHK_003163,USR_077,overwhelmed,2026-08-03 07:17:00
CHK_003164,USR_008,calm_needed,2026-07-14 22:58:00
CHK_003165,USR_089,well,2026-07-12 07:33:00
CHK_003166,USR_044,well,2026-08-03 06:11:00
CHK_003167,USR_018,well,2026-08-13 22:49:00
CHK_003168,USR_075,overwhelmed,2026-06-12 20:30:00
CHK_003169,USR_039,overwhelmed,2026-08-04 17:56:00
CHK_003170,USR_077,calm_needed,2026-07-08 17:50:00
CHK_003171,USR_012,well,2026-07-06 10:32:00
CHK_003172,USR_092,well,2026-06-02 10:25:00
CHK_003173,USR_034,calm_needed,2026-06-13 17:04:00
CHK_003174,USR_071,overwhelmed,2026-06-10 18:43:00
CHK_003175,USR_028,well,2026-07-27 15:21:00
CHK_003176,USR_091,well,2026-06-08 19:32:00
CHK_003177,USR_052,well,2026-06-22 14:44:00
CHK_003178,USR_076,overwhelmed,2026-06-27 11:31:00
CHK_003179,USR_065,calm_needed,2026-06-18 19:14:00
CHK_003180,USR_020,well,2026-07-02 12:27:00
CHK_003181,USR_052,calm_needed,2026-08-16 20:17:00
CHK_003182,USR_002,well,2026-07-02 13:19:00
CHK_003183,USR_062,overwhelmed,2026-07-05 10:34:00
CHK_003184,USR_035,well,2026-06-24 22:17:00
CHK_003185,USR_086,well,2026-08-28 07:27:00
CHK_003186,USR_051,well,2026-07-01 12:09:00
CHK_003187,USR_003,well,2026-06-25 09:17:00
CHK_003188,USR_087,overwhelmed,2026-08-11 21:18:00
CHK_003189,USR_010,well,2026-07-18 06:43:00
CHK_003190,USR_030,well,2026-06-19 14:06:00
CHK_003191,USR_068,well,2026-07-11 12:08:00
CHK_003192,USR_044,calm_needed,2026-06-06 13:20:00
CHK_003193,USR_073,well,2026-07-26 14:39:00
CHK_003194,USR_068,calm_needed,2026-06-29 07:33:00
CHK_003195,USR_071,well,2026-07-09 17:37:00
CHK_003196,USR_094,calm_needed,2026-07-15 07:07:00
CHK_003197,USR_027,calm_needed,2026-08-03 09:30:00
CHK_003198,USR_100,overwhelmed,2026-07-18 15:44:00
CHK_003199,USR_087,well,2026-06-19 17:12:00
CHK_003200,USR_013,well,2026-07-12 12:29:00
CHK_003201,USR_040,well,2026-06-21 12:49:00
CHK_003202,USR_028,calm_needed,2026-08-19 07:50:00
CHK_003203,USR_023,overwhelmed,2026-07-22 10:47:00
CHK_003204,USR_087,well,2026-08-06 07:55:00
CHK_003205,USR_073,well,2026-08-18 14:26:00
CHK_003206,USR_020,overwhelmed,2026-08-22 15:19:00
CHK_003207,USR_075,calm_needed,2026-06-26 17:10:00
CHK_003208,USR_095,well,2026-06-07 11:10:00
CHK_003209,USR_074,well,2026-06-27 16:15:00
CHK_003210,USR_079,calm_needed,2026-07-10 08:01:00
CHK_003211,USR_070,well,2026-06-24 20:45:00
CHK_003212,USR_077,well,2026-08-21 07:00:00
CHK_003213,USR_092,calm_needed,2026-08-14 11:43:00
CHK_003214,USR_096,well,2026-08-26 06:40:00
CHK_003215,USR_071,overwhelmed,2026-06-04 15:50:00
CHK_003216,USR_060,well,2026-06-08 11:16:00
CHK_003217,USR_076,well,2026-07-01 08:01:00
CHK_003218,USR_089,well,2026-07-26 18:50:00
CHK_003219,USR_013,calm_needed,2026-06-12 06:19:00
CHK_003220,USR_040,well,2026-07-22 12:40:00
CHK_003221,USR_087,well,2026-08-25 12:06:00
CHK_003222,USR_052,calm_needed,2026-06-24 13:47:00
CHK_003223,USR_045,well,2026-06-09 08:53:00
CHK_003224,USR_068,overwhelmed,2026-08-27 09:19:00
CHK_003225,USR_073,well,2026-08-29 10:10:00
CHK_003226,USR_051,well,2026-07-18 20:42:00
CHK_003227,USR_019,overwhelmed,2026-08-01 07:43:00
CHK_003228,USR_054,calm_needed,2026-08-17 21:31:00
CHK_003229,USR_031,calm_needed,2026-07-18 14:23:00
CHK_003230,USR_039,well,2026-06-29 21:22:00
CHK_003231,USR_077,overwhelmed,2026-07-19 18:03:00
CHK_003232,USR_051,well,2026-07-29 17:33:00
CHK_003233,USR_008,well,2026-06-08 19:06:00
CHK_003234,USR_010,overwhelmed,2026-06-17 17:21:00
CHK_003235,USR_040,well,2026-06-14 14:50:00
CHK_003236,USR_094,well,2026-07-04 12:17:00
CHK_003237,USR_031,well,2026-08-27 21:46:00
CHK_003238,USR_087,well,2026-06-01 22:46:00
CHK_003239,USR_065,well,2026-07-29 11:48:00
CHK_003240,USR_042,calm_needed,2026-06-15 16:04:00
CHK_003241,USR_046,overwhelmed,2026-08-09 13:01:00
CHK_003242,USR_026,calm_needed,2026-08-12 20:39:00
CHK_003243,USR_001,well,2026-07-17 18:08:00
CHK_003244,USR_023,calm_needed,2026-06-08 22:31:00
CHK_003245,USR_044,calm_needed,2026-08-24 19:31:00
CHK_003246,USR_082,well,2026-07-16 19:56:00
CHK_003247,USR_035,overwhelmed,2026-07-21 08:16:00
CHK_003248,USR_019,well,2026-08-07 16:46:00
CHK_003249,USR_014,well,2026-07-13 07:22:00
CHK_003250,USR_068,well,2026-08-10 12:41:00
CHK_003251,USR_048,overwhelmed,2026-06-13 16:17:00
CHK_003252,USR_070,well,2026-06-01 16:49:00
CHK_003253,USR_095,well,2026-07-30 06:50:00
CHK_003254,USR_051,calm_needed,2026-07-03 14:33:00
CHK_003255,USR_081,overwhelmed,2026-06-06 10:39:00
CHK_003256,USR_077,well,2026-06-07 18:12:00
CHK_003257,USR_090,calm_needed,2026-06-03 17:00:00
CHK_003258,USR_093,overwhelmed,2026-06-17 13:31:00
CHK_003259,USR_022,well,2026-07-05 08:37:00
CHK_003260,USR_037,well,2026-07-20 19:47:00
CHK_003261,USR_083,overwhelmed,2026-08-28 10:26:00
CHK_003262,USR_071,overwhelmed,2026-06-10 17:24:00
CHK_003263,USR_077,well,2026-06-15 18:49:00
CHK_003264,USR_076,calm_needed,2026-08-05 07:34:00
CHK_003265,USR_001,well,2026-08-18 17:08:00
CHK_003266,USR_043,well,2026-07-23 21:42:00
CHK_003267,USR_029,well,2026-07-18 08:01:00
CHK_003268,USR_018,well,2026-06-16 09:09:00
CHK_003269,USR_095,overwhelmed,2026-07-02 09:08:00
CHK_003270,USR_094,well,2026-06-21 20:55:00
CHK_003271,USR_013,well,2026-06-28 09:30:00
CHK_003272,USR_071,well,2026-08-20 19:48:00
CHK_003273,USR_012,calm_needed,2026-06-27 08:59:00
CHK_003274,USR_097,overwhelmed,2026-07-02 12:18:00
CHK_003275,USR_085,calm_needed,2026-07-10 21:47:00
CHK_003276,USR_093,well,2026-07-07 16:09:00
CHK_003277,USR_063,well,2026-07-11 06:19:00
CHK_003278,USR_089,calm_needed,2026-08-01 09:26:00
CHK_003279,USR_076,well,2026-06-10 13:12:00
CHK_003280,USR_002,well,2026-07-29 17:58:00
CHK_003281,USR_060,calm_needed,2026-08-16 06:53:00
CHK_003282,USR_044,well,2026-07-23 06:10:00
CHK_003283,USR_070,well,2026-08-25 08:59:00
CHK_003284,USR_053,overwhelmed,2026-07-01 13:04:00
CHK_003285,USR_014,well,2026-06-17 11:08:00
CHK_003286,USR_071,overwhelmed,2026-06-26 22:26:00
CHK_003287,USR_090,overwhelmed,2026-08-19 06:02:00
CHK_003288,USR_012,well,2026-08-03 20:40:00
CHK_003289,USR_082,calm_needed,2026-08-08 13:02:00
CHK_003290,USR_003,overwhelmed,2026-07-10 07:18:00
CHK_003291,USR_061,well,2026-07-15 22:34:00
CHK_003292,USR_077,well,2026-06-17 21:30:00
CHK_003293,USR_004,well,2026-06-15 15:37:00
CHK_003294,USR_003,overwhelmed,2026-07-07 17:27:00
CHK_003295,USR_002,well,2026-08-26 21:24:00
CHK_003296,USR_097,well,2026-07-10 16:24:00
CHK_003297,USR_092,calm_needed,2026-08-16 10:26:00
CHK_003298,USR_037,calm_needed,2026-06-30 10:17:00
CHK_003299,USR_008,calm_needed,2026-08-11 12:51:00
CHK_003300,USR_100,overwhelmed,2026-07-21 06:52:00
CHK_003301,USR_008,well,2026-07-11 14:20:00
CHK_003302,USR_053,calm_needed,2026-08-14 06:19:00
CHK_003303,USR_003,calm_needed,2026-06-12 06:09:00
CHK_003304,USR_093,well,2026-08-08 10:17:00
CHK_003305,USR_056,overwhelmed,2026-07-04 09:17:00
CHK_003306,USR_020,well,2026-08-25 20:32:00
CHK_003307,USR_077,well,2026-08-13 21:07:00
CHK_003308,USR_095,calm_needed,2026-08-28 12:18:00
CHK_003309,USR_013,well,2026-06-01 18:02:00
CHK_003310,USR_021,calm_needed,2026-06-15 09:52:00
CHK_003311,USR_046,overwhelmed,2026-06-05 15:07:00
CHK_003312,USR_008,overwhelmed,2026-07-29 08:26:00
CHK_003313,USR_021,overwhelmed,2026-08-17 18:56:00
CHK_003314,USR_097,well,2026-06-01 11:40:00
CHK_003315,USR_022,calm_needed,2026-08-17 16:06:00
CHK_003316,USR_048,well,2026-07-04 19:37:00
CHK_003317,USR_037,well,2026-07-08 15:22:00
CHK_003318,USR_050,well,2026-07-03 15:02:00
CHK_003319,USR_008,overwhelmed,2026-08-01 21:00:00
CHK_003320,USR_031,well,2026-07-29 19:41:00
CHK_003321,USR_048,well,2026-07-12 14:02:00
CHK_003322,USR_008,overwhelmed,2026-06-20 22:22:00
CHK_003323,USR_070,overwhelmed,2026-07-07 18:32:00
CHK_003324,USR_024,well,2026-06-05 19:14:00
CHK_003325,USR_068,well,2026-07-26 12:53:00
CHK_003326,USR_089,calm_needed,2026-08-22 12:39:00
CHK_003327,USR_034,overwhelmed,2026-08-14 14:54:00
CHK_003328,USR_023,overwhelmed,2026-07-10 17:01:00
CHK_003329,USR_001,overwhelmed,2026-08-20 20:51:00
CHK_003330,USR_012,calm_needed,2026-08-22 13:00:00
CHK_003331,USR_096,well,2026-08-29 15:43:00
CHK_003332,USR_076,well,2026-08-07 18:16:00
CHK_003333,USR_003,well,2026-08-27 22:49:00
CHK_003334,USR_012,overwhelmed,2026-07-16 16:11:00
CHK_003335,USR_096,well,2026-06-09 07:13:00
CHK_003336,USR_084,overwhelmed,2026-08-15 21:09:00
CHK_003337,USR_033,calm_needed,2026-06-05 08:09:00
CHK_003338,USR_012,well,2026-07-13 09:23:00
CHK_003339,USR_031,well,2026-08-22 18:53:00
CHK_003340,USR_051,overwhelmed,2026-07-08 07:32:00
CHK_003341,USR_040,well,2026-07-07 20:46:00
CHK_003342,USR_097,overwhelmed,2026-08-29 22:14:00
CHK_003343,USR_030,well,2026-08-20 22:13:00
CHK_003344,USR_051,well,2026-08-29 18:29:00
CHK_003345,USR_014,well,2026-07-08 09:34:00
CHK_003346,USR_073,well,2026-06-26 10:26:00
CHK_003347,USR_054,calm_needed,2026-08-19 16:52:00
CHK_003348,USR_051,overwhelmed,2026-07-26 14:22:00
CHK_003349,USR_085,overwhelmed,2026-08-22 20:50:00
CHK_003350,USR_070,well,2026-08-02 07:50:00
CHK_003351,USR_052,well,2026-07-21 06:42:00
CHK_003352,USR_037,calm_needed,2026-08-08 17:35:00
CHK_003353,USR_079,calm_needed,2026-08-12 17:25:00
CHK_003354,USR_035,calm_needed,2026-07-23 12:56:00
CHK_003355,USR_063,well,2026-07-10 11:56:00
CHK_003356,USR_058,well,2026-06-07 09:34:00
CHK_003357,USR_093,well,2026-06-20 22:31:00
CHK_003358,USR_007,overwhelmed,2026-06-26 09:42:00
CHK_003359,USR_010,overwhelmed,2026-08-15 06:35:00
CHK_003360,USR_075,calm_needed,2026-07-15 20:30:00
CHK_003361,USR_077,well,2026-06-23 19:11:00
CHK_003362,USR_028,well,2026-07-21 18:56:00
CHK_003363,USR_095,calm_needed,2026-06-28 11:40:00
CHK_003364,USR_042,overwhelmed,2026-06-03 16:55:00
CHK_003365,USR_098,well,2026-07-25 08:13:00
CHK_003366,USR_055,overwhelmed,2026-08-06 07:57:00
CHK_003367,USR_073,well,2026-06-27 14:30:00
CHK_003368,USR_090,well,2026-06-09 15:35:00
CHK_003369,USR_053,calm_needed,2026-07-09 12:03:00
CHK_003370,USR_087,well,2026-08-12 08:07:00
CHK_003371,USR_003,calm_needed,2026-06-19 12:09:00
CHK_003372,USR_010,well,2026-07-28 17:50:00
CHK_003373,USR_031,calm_needed,2026-08-09 15:01:00
CHK_003374,USR_010,well,2026-08-26 21:10:00
CHK_003375,USR_074,well,2026-08-26 16:06:00
CHK_003376,USR_090,well,2026-07-02 18:11:00
CHK_003377,USR_020,overwhelmed,2026-06-14 20:42:00
CHK_003378,USR_060,well,2026-08-07 12:00:00
CHK_003379,USR_060,calm_needed,2026-08-27 20:16:00
CHK_003380,USR_073,well,2026-08-02 08:22:00
CHK_003381,USR_023,well,2026-06-26 06:13:00
CHK_003382,USR_024,well,2026-08-04 10:02:00
CHK_003383,USR_073,well,2026-07-27 21:01:00
CHK_003384,USR_068,overwhelmed,2026-08-11 16:07:00
CHK_003385,USR_089,well,2026-07-01 17:08:00
CHK_003386,USR_068,calm_needed,2026-08-26 16:19:00
CHK_003387,USR_074,well,2026-08-13 18:51:00
CHK_003388,USR_065,calm_needed,2026-07-06 12:50:00
CHK_003389,USR_012,well,2026-08-16 17:54:00
CHK_003390,USR_089,overwhelmed,2026-08-06 11:13:00
CHK_003391,USR_098,well,2026-06-08 20:13:00
CHK_003392,USR_097,well,2026-08-22 06:35:00
CHK_003393,USR_014,calm_needed,2026-07-04 09:46:00
CHK_003394,USR_071,well,2026-06-18 12:46:00
CHK_003395,USR_037,calm_needed,2026-07-10 06:34:00
CHK_003396,USR_035,overwhelmed,2026-08-24 14:42:00
CHK_003397,USR_054,well,2026-07-24 20:56:00
CHK_003398,USR_076,well,2026-07-23 10:31:00
CHK_003399,USR_018,overwhelmed,2026-07-08 18:01:00
CHK_003400,USR_049,calm_needed,2026-07-07 14:37:00
CHK_003401,USR_061,well,2026-06-07 10:46:00
CHK_003402,USR_063,overwhelmed,2026-06-07 16:08:00
CHK_003403,USR_039,calm_needed,2026-08-25 13:50:00
CHK_003404,USR_060,well,2026-08-10 18:34:00
CHK_003405,USR_063,well,2026-07-22 21:38:00
CHK_003406,USR_003,overwhelmed,2026-08-04 22:01:00
CHK_003407,USR_054,well,2026-07-13 13:24:00
CHK_003408,USR_070,overwhelmed,2026-08-02 17:40:00
CHK_003409,USR_024,well,2026-08-19 21:40:00
CHK_003410,USR_084,well,2026-06-10 12:08:00
CHK_003411,USR_031,well,2026-07-16 17:27:00
CHK_003412,USR_052,calm_needed,2026-08-27 18:39:00
CHK_003413,USR_090,overwhelmed,2026-08-15 12:50:00
CHK_003414,USR_003,well,2026-07-18 16:49:00
CHK_003415,USR_081,well,2026-07-21 18:35:00
CHK_003416,USR_085,calm_needed,2026-07-24 10:02:00
CHK_003417,USR_052,calm_needed,2026-06-19 19:14:00
CHK_003418,USR_018,well,2026-08-09 20:30:00
CHK_003419,USR_044,overwhelmed,2026-06-05 14:19:00
CHK_003420,USR_077,well,2026-08-25 13:33:00
CHK_003421,USR_087,calm_needed,2026-08-21 21:20:00
CHK_003422,USR_065,overwhelmed,2026-06-22 19:56:00
CHK_003423,USR_004,well,2026-07-30 11:59:00
CHK_003424,USR_054,well,2026-07-20 07:14:00
CHK_003425,USR_045,well,2026-08-24 22:33:00
CHK_003426,USR_004,well,2026-06-23 08:36:00
CHK_003427,USR_003,well,2026-06-25 19:36:00
CHK_003428,USR_088,well,2026-06-19 14:04:00
CHK_003429,USR_077,overwhelmed,2026-06-30 09:47:00
CHK_003430,USR_076,well,2026-06-18 06:02:00
CHK_003431,USR_071,well,2026-08-04 12:06:00
CHK_003432,USR_098,well,2026-07-19 16:37:00
CHK_003433,USR_025,well,2026-08-05 09:49:00
CHK_003434,USR_015,well,2026-07-10 10:51:00
CHK_003435,USR_075,well,2026-06-11 17:21:00
CHK_003436,USR_046,well,2026-07-31 08:12:00
CHK_003437,USR_072,well,2026-08-24 12:16:00
CHK_003438,USR_052,overwhelmed,2026-08-14 18:00:00
CHK_003439,USR_026,well,2026-07-07 14:44:00
CHK_003440,USR_063,well,2026-06-14 21:05:00
CHK_003441,USR_054,overwhelmed,2026-07-16 11:07:00
CHK_003442,USR_034,overwhelmed,2026-06-01 07:44:00
CHK_003443,USR_097,overwhelmed,2026-06-10 17:53:00
CHK_003444,USR_012,well,2026-08-27 15:30:00
CHK_003445,USR_084,calm_needed,2026-07-26 07:17:00
CHK_003446,USR_089,well,2026-08-28 11:00:00
CHK_003447,USR_094,well,2026-08-07 11:46:00
CHK_003448,USR_036,well,2026-06-08 06:12:00
CHK_003449,USR_019,overwhelmed,2026-08-25 19:10:00
CHK_003450,USR_098,calm_needed,2026-06-17 19:41:00
CHK_003451,USR_013,calm_needed,2026-07-27 09:10:00
CHK_003452,USR_083,calm_needed,2026-06-11 08:14:00
CHK_003453,USR_093,well,2026-06-21 06:28:00
CHK_003454,USR_010,well,2026-08-23 21:08:00
CHK_003455,USR_077,overwhelmed,2026-08-03 21:22:00
CHK_003456,USR_053,overwhelmed,2026-08-14 07:11:00
CHK_003457,USR_055,overwhelmed,2026-06-27 17:12:00
CHK_003458,USR_052,overwhelmed,2026-06-29 08:59:00
CHK_003459,USR_013,well,2026-07-31 07:32:00
CHK_003460,USR_085,well,2026-07-29 13:52:00
CHK_003461,USR_089,overwhelmed,2026-08-18 18:20:00
CHK_003462,USR_019,well,2026-07-09 19:42:00
CHK_003463,USR_076,overwhelmed,2026-07-28 07:50:00
CHK_003464,USR_080,overwhelmed,2026-08-11 10:06:00
CHK_003465,USR_083,calm_needed,2026-07-01 10:31:00
CHK_003466,USR_012,overwhelmed,2026-08-03 17:39:00
CHK_003467,USR_003,calm_needed,2026-07-13 17:14:00
CHK_003468,USR_086,well,2026-08-04 08:43:00
CHK_003469,USR_052,well,2026-08-13 21:58:00
CHK_003470,USR_092,calm_needed,2026-08-22 07:17:00
CHK_003471,USR_022,calm_needed,2026-08-04 20:41:00
CHK_003472,USR_004,well,2026-07-17 07:51:00
CHK_003473,USR_088,overwhelmed,2026-08-29 16:57:00
CHK_003474,USR_034,well,2026-08-13 19:13:00
CHK_003475,USR_036,overwhelmed,2026-07-30 09:26:00
CHK_003476,USR_095,overwhelmed,2026-06-19 12:11:00
CHK_003477,USR_020,well,2026-08-11 19:35:00
CHK_003478,USR_021,overwhelmed,2026-08-11 17:09:00
CHK_003479,USR_039,well,2026-08-08 06:00:00
CHK_003480,USR_026,calm_needed,2026-08-14 17:02:00
CHK_003481,USR_066,well,2026-07-15 16:07:00
CHK_003482,USR_055,calm_needed,2026-07-16 21:16:00
CHK_003483,USR_020,well,2026-06-05 21:47:00
CHK_003484,USR_026,well,2026-08-11 19:24:00
CHK_003485,USR_093,well,2026-07-04 14:01:00
CHK_003486,USR_034,calm_needed,2026-08-08 13:31:00
CHK_003487,USR_088,overwhelmed,2026-08-21 22:40:00
CHK_003488,USR_081,well,2026-06-04 17:58:00
CHK_003489,USR_049,overwhelmed,2026-07-25 20:39:00
CHK_003490,USR_044,well,2026-07-26 22:39:00
CHK_003491,USR_047,overwhelmed,2026-08-09 21:25:00
CHK_003492,USR_002,well,2026-07-17 22:56:00
CHK_003493,USR_060,well,2026-06-22 10:18:00
CHK_003494,USR_049,calm_needed,2026-08-05 19:51:00
CHK_003495,USR_088,calm_needed,2026-08-13 12:27:00
CHK_003496,USR_075,well,2026-06-28 07:16:00
CHK_003497,USR_087,overwhelmed,2026-08-21 08:50:00
CHK_003498,USR_042,overwhelmed,2026-08-11 08:01:00
CHK_003499,USR_075,calm_needed,2026-06-10 22:42:00
CHK_003500,USR_049,calm_needed,2026-08-16 16:54:00
CHK_003501,USR_031,calm_needed,2026-06-07 21:22:00
CHK_003502,USR_024,calm_needed,2026-08-08 11:50:00
CHK_003503,USR_013,well,2026-06-18 18:32:00
CHK_003504,USR_084,well,2026-07-15 21:23:00
CHK_003505,USR_052,overwhelmed,2026-08-22 07:59:00
CHK_003506,USR_048,overwhelmed,2026-06-28 13:15:00
CHK_003507,USR_023,overwhelmed,2026-08-07 17:15:00
CHK_003508,USR_083,calm_needed,2026-08-01 14:04:00
CHK_003509,USR_048,overwhelmed,2026-07-23 12:35:00
CHK_003510,USR_047,overwhelmed,2026-08-14 08:58:00
CHK_003511,USR_089,well,2026-08-18 22:47:00
CHK_003512,USR_061,calm_needed,2026-07-24 18:15:00
CHK_003513,USR_062,overwhelmed,2026-07-17 21:42:00
CHK_003514,USR_073,well,2026-08-24 14:07:00
CHK_003515,USR_087,well,2026-06-17 10:13:00
CHK_003516,USR_087,overwhelmed,2026-08-20 08:39:00
CHK_003517,USR_012,calm_needed,2026-06-10 08:43:00
CHK_003518,USR_076,well,2026-06-30 13:16:00
CHK_003519,USR_042,overwhelmed,2026-07-09 06:39:00
CHK_003520,USR_002,overwhelmed,2026-08-13 17:55:00
CHK_003521,USR_036,calm_needed,2026-06-04 09:08:00
CHK_003522,USR_052,well,2026-08-29 12:31:00
CHK_003523,USR_021,well,2026-07-02 14:13:00
CHK_003524,USR_010,well,2026-08-22 21:11:00
CHK_003525,USR_017,well,2026-06-24 11:11:00
CHK_003526,USR_017,overwhelmed,2026-06-01 16:54:00
CHK_003527,USR_082,well,2026-07-18 06:03:00
CHK_003528,USR_056,overwhelmed,2026-08-23 20:06:00
CHK_003529,USR_063,overwhelmed,2026-07-04 20:32:00
CHK_003530,USR_039,overwhelmed,2026-07-31 18:43:00
CHK_003531,USR_092,well,2026-07-07 12:07:00
CHK_003532,USR_060,well,2026-07-31 19:09:00
CHK_003533,USR_013,overwhelmed,2026-08-19 16:21:00
CHK_003534,USR_092,well,2026-08-17 07:53:00
CHK_003535,USR_094,overwhelmed,2026-07-24 09:20:00
CHK_003536,USR_037,calm_needed,2026-06-04 20:00:00
CHK_003537,USR_075,well,2026-06-20 06:16:00
CHK_003538,USR_065,overwhelmed,2026-07-09 18:43:00
CHK_003539,USR_014,well,2026-08-26 11:23:00
CHK_003540,USR_013,well,2026-08-15 19:49:00
CHK_003541,USR_077,well,2026-06-15 13:40:00
CHK_003542,USR_053,well,2026-08-06 10:32:00
CHK_003543,USR_063,overwhelmed,2026-08-04 12:46:00
CHK_003544,USR_075,well,2026-08-29 07:25:00
CHK_003545,USR_021,well,2026-07-08 20:22:00
CHK_003546,USR_055,overwhelmed,2026-06-30 16:03:00
CHK_003547,USR_049,calm_needed,2026-07-02 16:36:00
CHK_003548,USR_057,overwhelmed,2026-08-28 06:02:00
CHK_003549,USR_025,calm_needed,2026-07-16 06:37:00
CHK_003550,USR_059,overwhelmed,2026-08-13 17:09:00
CHK_003551,USR_026,overwhelmed,2026-06-28 18:15:00
CHK_003552,USR_009,well,2026-07-13 19:31:00
CHK_003553,USR_059,overwhelmed,2026-07-27 06:04:00
CHK_003554,USR_063,well,2026-07-06 11:59:00
CHK_003555,USR_003,overwhelmed,2026-06-24 22:10:00
CHK_003556,USR_092,overwhelmed,2026-07-26 06:33:00
CHK_003557,USR_010,well,2026-07-10 06:46:00
CHK_003558,USR_068,overwhelmed,2026-06-10 16:04:00
CHK_003559,USR_094,calm_needed,2026-08-07 15:38:00
CHK_003560,USR_025,calm_needed,2026-07-19 12:32:00
CHK_003561,USR_096,well,2026-07-25 16:34:00
CHK_003562,USR_066,well,2026-08-25 08:20:00
CHK_003563,USR_051,well,2026-06-07 16:54:00
CHK_003564,USR_065,well,2026-06-21 19:34:00
CHK_003565,USR_076,well,2026-06-16 08:06:00
CHK_003566,USR_047,well,2026-06-01 11:50:00
CHK_003567,USR_061,overwhelmed,2026-06-18 18:32:00
CHK_003568,USR_013,well,2026-08-10 09:27:00
CHK_003569,USR_064,well,2026-08-19 19:54:00
CHK_003570,USR_030,well,2026-07-04 21:40:00
CHK_003571,USR_070,well,2026-06-08 21:29:00
CHK_003572,USR_010,well,2026-07-18 09:05:00
CHK_003573,USR_060,well,2026-06-18 08:05:00
CHK_003574,USR_044,well,2026-07-31 20:26:00
CHK_003575,USR_057,well,2026-08-03 12:21:00
CHK_003576,USR_006,calm_needed,2026-07-05 18:25:00
CHK_003577,USR_008,well,2026-06-28 09:48:00
CHK_003578,USR_077,well,2026-07-04 22:02:00
CHK_003579,USR_028,well,2026-06-29 10:09:00
CHK_003580,USR_035,well,2026-08-24 18:09:00
CHK_003581,USR_053,well,2026-07-22 07:41:00
CHK_003582,USR_087,calm_needed,2026-08-11 06:07:00
CHK_003583,USR_096,well,2026-08-10 18:53:00
CHK_003584,USR_029,overwhelmed,2026-06-14 16:01:00
CHK_003585,USR_097,well,2026-06-17 19:24:00
CHK_003586,USR_071,overwhelmed,2026-06-17 10:11:00
CHK_003587,USR_093,calm_needed,2026-07-07 11:40:00
CHK_003588,USR_095,overwhelmed,2026-08-29 17:40:00
CHK_003589,USR_026,well,2026-07-25 18:30:00
CHK_003590,USR_075,well,2026-08-19 07:44:00
CHK_003591,USR_016,overwhelmed,2026-08-16 09:18:00
CHK_003592,USR_079,calm_needed,2026-07-06 09:55:00
CHK_003593,USR_081,well,2026-07-28 21:58:00
CHK_003594,USR_054,overwhelmed,2026-07-06 18:27:00
CHK_003595,USR_053,well,2026-08-20 07:15:00
CHK_003596,USR_053,well,2026-06-01 08:20:00
CHK_003597,USR_031,well,2026-06-22 20:56:00
CHK_003598,USR_083,well,2026-07-15 09:22:00
CHK_003599,USR_066,well,2026-08-07 12:42:00
CHK_003600,USR_052,calm_needed,2026-08-16 14:08:00
CHK_003601,USR_018,calm_needed,2026-08-28 17:28:00
CHK_003602,USR_032,calm_needed,2026-06-26 19:15:00
CHK_003603,USR_010,calm_needed,2026-07-06 15:25:00
CHK_003604,USR_066,calm_needed,2026-08-12 20:08:00
CHK_003605,USR_001,well,2026-07-30 19:21:00
CHK_003606,USR_056,overwhelmed,2026-07-05 16:31:00
CHK_003607,USR_042,calm_needed,2026-08-23 13:57:00
CHK_003608,USR_097,well,2026-08-09 20:15:00
CHK_003609,USR_099,overwhelmed,2026-06-06 06:14:00
CHK_003610,USR_046,well,2026-06-05 21:16:00
CHK_003611,USR_014,overwhelmed,2026-07-08 18:32:00
CHK_003612,USR_096,overwhelmed,2026-06-15 14:25:00
CHK_003613,USR_070,calm_needed,2026-08-01 10:09:00
CHK_003614,USR_035,overwhelmed,2026-06-25 19:21:00
CHK_003615,USR_081,well,2026-07-12 08:21:00
CHK_003616,USR_076,well,2026-06-24 11:16:00
CHK_003617,USR_068,well,2026-07-25 14:09:00
CHK_003618,USR_064,well,2026-07-13 16:32:00
CHK_003619,USR_076,well,2026-06-01 14:55:00
CHK_003620,USR_085,calm_needed,2026-06-04 06:50:00
CHK_003621,USR_026,overwhelmed,2026-07-06 19:04:00
CHK_003622,USR_042,overwhelmed,2026-06-25 21:15:00
CHK_003623,USR_097,well,2026-08-08 14:19:00
CHK_003624,USR_063,well,2026-07-28 21:17:00
CHK_003625,USR_099,well,2026-06-16 08:46:00
CHK_003626,USR_030,well,2026-06-04 22:03:00
CHK_003627,USR_025,well,2026-06-24 16:24:00
CHK_003628,USR_070,calm_needed,2026-06-10 22:35:00
CHK_003629,USR_024,well,2026-06-06 12:37:00
CHK_003630,USR_097,calm_needed,2026-08-02 07:24:00
CHK_003631,USR_061,calm_needed,2026-08-12 11:01:00
CHK_003632,USR_003,well,2026-08-28 20:28:00
CHK_003633,USR_073,well,2026-07-08 08:22:00
CHK_003634,USR_013,overwhelmed,2026-07-17 12:06:00
CHK_003635,USR_024,well,2026-08-05 20:00:00
CHK_003636,USR_070,overwhelmed,2026-07-14 11:37:00
CHK_003637,USR_093,calm_needed,2026-08-13 19:14:00
CHK_003638,USR_004,calm_needed,2026-07-27 06:07:00
CHK_003639,USR_028,overwhelmed,2026-08-09 10:45:00
CHK_003640,USR_014,well,2026-08-21 13:47:00
CHK_003641,USR_085,well,2026-06-16 06:09:00
CHK_003642,USR_093,calm_needed,2026-07-06 09:10:00
CHK_003643,USR_035,calm_needed,2026-08-19 14:10:00
CHK_003644,USR_084,calm_needed,2026-08-15 13:47:00
CHK_003645,USR_014,overwhelmed,2026-07-26 13:09:00
CHK_003646,USR_031,overwhelmed,2026-06-27 15:31:00
CHK_003647,USR_052,well,2026-06-27 08:32:00
CHK_003648,USR_081,well,2026-07-03 12:14:00
CHK_003649,USR_035,overwhelmed,2026-06-27 12:06:00
CHK_003650,USR_089,overwhelmed,2026-06-30 13:23:00
CHK_003651,USR_014,well,2026-07-06 11:56:00
CHK_003652,USR_037,well,2026-08-22 22:49:00
CHK_003653,USR_010,overwhelmed,2026-06-12 07:58:00
CHK_003654,USR_008,overwhelmed,2026-07-06 21:13:00
CHK_003655,USR_097,calm_needed,2026-08-26 18:08:00
CHK_003656,USR_042,well,2026-06-16 21:58:00
CHK_003657,USR_072,overwhelmed,2026-07-27 19:51:00
CHK_003658,USR_061,well,2026-07-08 18:47:00
CHK_003659,USR_035,well,2026-07-29 08:09:00
CHK_003660,USR_021,calm_needed,2026-07-26 15:39:00
CHK_003661,USR_053,well,2026-06-06 12:46:00
CHK_003662,USR_020,well,2026-07-12 09:19:00
CHK_003663,USR_083,overwhelmed,2026-07-14 20:12:00
CHK_003664,USR_090,calm_needed,2026-08-04 22:15:00
CHK_003665,USR_005,well,2026-06-10 11:43:00
CHK_003666,USR_053,well,2026-07-21 11:27:00
CHK_003667,USR_070,well,2026-06-12 13:56:00
CHK_003668,USR_010,calm_needed,2026-07-24 07:07:00
CHK_003669,USR_087,well,2026-08-02 13:50:00
CHK_003670,USR_073,well,2026-08-28 17:54:00
CHK_003671,USR_020,calm_needed,2026-07-15 18:30:00
CHK_003672,USR_071,calm_needed,2026-06-19 08:45:00
CHK_003673,USR_039,overwhelmed,2026-06-18 17:48:00
CHK_003674,USR_079,well,2026-07-26 20:08:00
CHK_003675,USR_071,well,2026-06-28 13:09:00
CHK_003676,USR_051,calm_needed,2026-07-20 16:08:00
CHK_003677,USR_074,overwhelmed,2026-07-23 19:34:00
CHK_003678,USR_024,calm_needed,2026-08-02 20:18:00
CHK_003679,USR_087,calm_needed,2026-08-10 17:47:00
CHK_003680,USR_010,well,2026-06-02 21:35:00
CHK_003681,USR_092,overwhelmed,2026-06-22 15:45:00
CHK_003682,USR_063,overwhelmed,2026-08-23 08:00:00
CHK_003683,USR_067,calm_needed,2026-08-02 07:15:00
CHK_003684,USR_052,calm_needed,2026-06-13 06:18:00
CHK_003685,USR_046,calm_needed,2026-07-30 17:42:00
CHK_003686,USR_090,well,2026-07-25 12:43:00
CHK_003687,USR_034,well,2026-06-07 19:56:00
CHK_003688,USR_025,calm_needed,2026-06-04 08:24:00
CHK_003689,USR_075,calm_needed,2026-07-08 20:39:00
CHK_003690,USR_020,well,2026-07-04 06:11:00
CHK_003691,USR_068,well,2026-08-17 15:40:00
CHK_003692,USR_021,calm_needed,2026-08-28 18:53:00
CHK_003693,USR_053,well,2026-07-26 09:16:00
CHK_003694,USR_063,overwhelmed,2026-06-02 08:13:00
CHK_003695,USR_068,well,2026-06-02 21:42:00
CHK_003696,USR_086,well,2026-06-27 07:57:00
CHK_003697,USR_096,well,2026-08-19 18:47:00
CHK_003698,USR_022,well,2026-07-26 18:24:00
CHK_003699,USR_098,calm_needed,2026-07-25 11:40:00
CHK_003700,USR_097,overwhelmed,2026-07-14 08:26:00
CHK_003701,USR_100,calm_needed,2026-07-21 09:09:00
CHK_003702,USR_075,overwhelmed,2026-07-07 21:19:00
CHK_003703,USR_036,well,2026-06-19 11:55:00
CHK_003704,USR_089,overwhelmed,2026-07-24 10:18:00
CHK_003705,USR_044,calm_needed,2026-07-14 11:18:00
CHK_003706,USR_076,calm_needed,2026-08-03 21:03:00
CHK_003707,USR_031,overwhelmed,2026-07-31 22:46:00
CHK_003708,USR_063,well,2026-06-06 17:24:00
CHK_003709,USR_025,well,2026-06-08 12:46:00
CHK_003710,USR_021,calm_needed,2026-08-12 10:54:00
CHK_003711,USR_026,well,2026-07-26 18:00:00
CHK_003712,USR_052,calm_needed,2026-06-18 21:51:00
CHK_003713,USR_056,well,2026-08-05 22:09:00
CHK_003714,USR_093,calm_needed,2026-06-09 22:08:00
CHK_003715,USR_082,well,2026-08-14 13:24:00
CHK_003716,USR_087,well,2026-06-24 21:15:00
CHK_003717,USR_001,well,2026-06-06 11:31:00
CHK_003718,USR_063,calm_needed,2026-08-06 14:55:00
CHK_003719,USR_018,overwhelmed,2026-08-06 07:11:00
CHK_003720,USR_032,well,2026-06-27 21:23:00
CHK_003721,USR_056,well,2026-06-21 07:55:00
CHK_003722,USR_003,well,2026-07-24 08:23:00
CHK_003723,USR_004,well,2026-07-13 13:04:00
CHK_003724,USR_003,well,2026-06-28 19:03:00
CHK_003725,USR_089,well,2026-07-31 22:33:00
CHK_003726,USR_093,well,2026-07-13 15:29:00
CHK_003727,USR_077,well,2026-07-27 19:42:00
CHK_003728,USR_051,well,2026-08-20 08:46:00
CHK_003729,USR_044,calm_needed,2026-06-10 07:13:00
CHK_003730,USR_040,well,2026-07-27 20:36:00
CHK_003731,USR_076,well,2026-06-02 18:30:00
CHK_003732,USR_074,overwhelmed,2026-06-15 19:30:00
CHK_003733,USR_066,well,2026-06-20 08:57:00
CHK_003734,USR_009,well,2026-06-16 09:10:00
CHK_003735,USR_042,overwhelmed,2026-08-06 09:24:00
CHK_003736,USR_049,overwhelmed,2026-08-19 22:41:00
CHK_003737,USR_008,well,2026-08-25 11:06:00
CHK_003738,USR_068,well,2026-06-05 10:19:00
CHK_003739,USR_077,calm_needed,2026-08-29 06:56:00
CHK_003740,USR_097,well,2026-08-12 08:57:00
CHK_003741,USR_058,well,2026-06-14 21:28:00
CHK_003742,USR_071,well,2026-06-10 12:24:00
CHK_003743,USR_074,well,2026-06-09 12:58:00
CHK_003744,USR_036,well,2026-08-20 13:01:00
CHK_003745,USR_021,calm_needed,2026-06-03 13:58:00
CHK_003746,USR_071,well,2026-07-19 10:19:00
CHK_003747,USR_029,well,2026-06-22 11:42:00
CHK_003748,USR_012,calm_needed,2026-06-12 17:15:00
CHK_003749,USR_025,overwhelmed,2026-08-15 18:46:00
CHK_003750,USR_090,well,2026-07-03 21:32:00
CHK_003751,USR_020,overwhelmed,2026-08-17 07:23:00
CHK_003752,USR_060,calm_needed,2026-06-05 17:58:00
CHK_003753,USR_061,well,2026-08-08 12:05:00
CHK_003754,USR_075,well,2026-08-13 06:20:00
CHK_003755,USR_081,calm_needed,2026-07-01 22:22:00
CHK_003756,USR_090,well,2026-06-20 19:52:00
CHK_003757,USR_063,well,2026-06-03 16:09:00
CHK_003758,USR_054,overwhelmed,2026-08-16 19:32:00
CHK_003759,USR_016,well,2026-07-01 09:33:00
CHK_003760,USR_087,well,2026-06-24 18:43:00
CHK_003761,USR_093,overwhelmed,2026-07-21 15:43:00
CHK_003762,USR_027,calm_needed,2026-08-23 09:37:00
CHK_003763,USR_053,well,2026-06-05 15:31:00
CHK_003764,USR_035,calm_needed,2026-08-17 17:26:00
CHK_003765,USR_035,well,2026-08-13 21:51:00
CHK_003766,USR_008,well,2026-08-23 22:18:00
CHK_003767,USR_034,well,2026-06-29 19:16:00
CHK_003768,USR_045,calm_needed,2026-08-02 19:32:00
CHK_003769,USR_003,overwhelmed,2026-07-16 19:46:00
CHK_003770,USR_029,well,2026-08-27 07:49:00
CHK_003771,USR_054,well,2026-08-12 15:25:00
CHK_003772,USR_065,well,2026-08-23 22:47:00
CHK_003773,USR_021,overwhelmed,2026-07-03 09:54:00
CHK_003774,USR_080,well,2026-06-28 08:05:00
CHK_003775,USR_060,overwhelmed,2026-07-31 09:00:00
CHK_003776,USR_003,well,2026-07-21 09:23:00
CHK_003777,USR_002,well,2026-06-25 15:34:00
CHK_003778,USR_039,well,2026-06-12 09:41:00
CHK_003779,USR_013,well,2026-08-04 14:52:00
CHK_003780,USR_026,well,2026-06-28 21:34:00
CHK_003781,USR_062,well,2026-07-12 11:05:00
CHK_003782,USR_070,well,2026-07-30 18:45:00
CHK_003783,USR_018,well,2026-06-12 06:27:00
CHK_003784,USR_082,well,2026-07-24 13:01:00
CHK_003785,USR_097,well,2026-08-28 18:46:00
CHK_003786,USR_020,overwhelmed,2026-06-21 17:36:00
CHK_003787,USR_028,well,2026-06-02 21:58:00
CHK_003788,USR_061,well,2026-06-26 21:05:00
CHK_003789,USR_072,well,2026-07-07 13:05:00
CHK_003790,USR_008,well,2026-07-02 22:37:00
CHK_003791,USR_026,overwhelmed,2026-07-31 22:12:00
CHK_003792,USR_034,well,2026-06-07 11:13:00
CHK_003793,USR_008,well,2026-08-24 15:41:00
CHK_003794,USR_060,calm_needed,2026-08-06 10:06:00
CHK_003795,USR_001,overwhelmed,2026-07-25 09:30:00
CHK_003796,USR_054,well,2026-07-01 07:30:00
CHK_003797,USR_054,well,2026-08-22 19:24:00
CHK_003798,USR_098,well,2026-07-16 06:31:00
CHK_003799,USR_085,calm_needed,2026-06-14 18:12:00
CHK_003800,USR_052,well,2026-07-02 13:55:00
CHK_003801,USR_068,well,2026-07-20 11:42:00
CHK_003802,USR_089,well,2026-07-24 07:46:00
CHK_003803,USR_046,well,2026-07-18 22:33:00
CHK_003804,USR_082,well,2026-08-09 12:33:00
CHK_003805,USR_058,well,2026-08-07 19:04:00
CHK_003806,USR_066,overwhelmed,2026-08-22 16:19:00
CHK_003807,USR_099,overwhelmed,2026-07-28 11:24:00
CHK_003808,USR_077,well,2026-08-04 06:50:00
CHK_003809,USR_018,well,2026-06-10 17:27:00
CHK_003810,USR_013,well,2026-06-26 15:49:00
CHK_003811,USR_071,well,2026-08-09 17:53:00
CHK_003812,USR_023,calm_needed,2026-08-15 21:01:00
CHK_003813,USR_037,overwhelmed,2026-07-29 11:24:00
CHK_003814,USR_008,well,2026-06-09 17:09:00
CHK_003815,USR_089,well,2026-08-08 21:36:00
CHK_003816,USR_052,overwhelmed,2026-06-06 15:46:00
CHK_003817,USR_071,well,2026-06-11 18:26:00
CHK_003818,USR_051,overwhelmed,2026-06-16 12:43:00
CHK_003819,USR_012,overwhelmed,2026-08-04 13:45:00
CHK_003820,USR_004,well,2026-06-08 09:41:00
CHK_003821,USR_036,well,2026-07-26 09:24:00
CHK_003822,USR_040,calm_needed,2026-08-20 21:59:00
CHK_003823,USR_002,calm_needed,2026-07-22 09:39:00
CHK_003824,USR_041,overwhelmed,2026-08-29 07:54:00
CHK_003825,USR_093,well,2026-06-24 18:28:00
CHK_003826,USR_012,overwhelmed,2026-07-13 15:30:00
CHK_003827,USR_094,well,2026-06-14 08:44:00
CHK_003828,USR_036,well,2026-08-06 20:07:00
CHK_003829,USR_087,well,2026-06-30 14:56:00
CHK_003830,USR_089,overwhelmed,2026-06-18 10:17:00
CHK_003831,USR_014,well,2026-06-27 10:05:00
CHK_003832,USR_079,overwhelmed,2026-08-28 19:03:00
CHK_003833,USR_063,calm_needed,2026-06-15 15:10:00
CHK_003834,USR_051,overwhelmed,2026-06-27 13:20:00
CHK_003835,USR_087,overwhelmed,2026-07-28 18:08:00
CHK_003836,USR_074,well,2026-07-28 22:08:00
CHK_003837,USR_050,well,2026-08-15 11:43:00
CHK_003838,USR_071,well,2026-06-03 07:07:00
CHK_003839,USR_085,well,2026-07-12 16:08:00
CHK_003840,USR_098,overwhelmed,2026-06-04 07:50:00
CHK_003841,USR_055,overwhelmed,2026-08-14 06:45:00
CHK_003842,USR_079,well,2026-06-07 07:14:00
CHK_003843,USR_057,well,2026-07-17 13:41:00
CHK_003844,USR_071,calm_needed,2026-07-11 11:07:00
CHK_003845,USR_012,overwhelmed,2026-08-13 09:47:00
CHK_003846,USR_097,overwhelmed,2026-08-26 10:20:00
CHK_003847,USR_060,calm_needed,2026-08-28 18:16:00
CHK_003848,USR_026,overwhelmed,2026-06-26 08:01:00
CHK_003849,USR_095,well,2026-06-04 22:37:00
CHK_003850,USR_074,calm_needed,2026-07-22 09:25:00
CHK_003851,USR_095,well,2026-06-18 20:56:00
CHK_003852,USR_021,calm_needed,2026-08-25 20:16:00
CHK_003853,USR_035,well,2026-06-28 15:16:00
CHK_003854,USR_004,well,2026-06-07 10:39:00
CHK_003855,USR_076,overwhelmed,2026-07-21 14:22:00
CHK_003856,USR_093,well,2026-06-17 21:38:00
CHK_003857,USR_040,well,2026-08-03 13:36:00
CHK_003858,USR_041,overwhelmed,2026-07-26 18:37:00
CHK_003859,USR_009,well,2026-06-05 16:10:00
CHK_003860,USR_066,overwhelmed,2026-07-14 08:20:00
CHK_003861,USR_061,calm_needed,2026-07-10 10:53:00
CHK_003862,USR_064,well,2026-07-06 16:08:00
CHK_003863,USR_083,calm_needed,2026-07-07 17:44:00
CHK_003864,USR_010,well,2026-07-03 16:47:00
CHK_003865,USR_068,well,2026-07-21 12:22:00
CHK_003866,USR_089,well,2026-06-23 21:38:00
CHK_003867,USR_045,calm_needed,2026-08-26 12:27:00
CHK_003868,USR_034,calm_needed,2026-08-01 09:25:00
CHK_003869,USR_095,well,2026-08-12 13:01:00
CHK_003870,USR_079,overwhelmed,2026-07-13 09:45:00
CHK_003871,USR_002,calm_needed,2026-07-29 06:35:00
CHK_003872,USR_068,calm_needed,2026-06-22 09:47:00
CHK_003873,USR_077,overwhelmed,2026-08-25 16:00:00
CHK_003874,USR_044,well,2026-08-02 22:06:00
CHK_003875,USR_002,overwhelmed,2026-08-13 06:01:00
CHK_003876,USR_053,well,2026-07-05 22:11:00
CHK_003877,USR_097,well,2026-08-23 15:06:00
CHK_003878,USR_010,calm_needed,2026-08-10 22:29:00
CHK_003879,USR_040,well,2026-07-16 16:01:00
CHK_003880,USR_088,well,2026-08-19 08:51:00
CHK_003881,USR_035,well,2026-07-21 06:25:00
CHK_003882,USR_002,well,2026-06-11 14:04:00
CHK_003883,USR_046,well,2026-08-29 17:13:00
CHK_003884,USR_054,well,2026-07-22 07:03:00
CHK_003885,USR_070,overwhelmed,2026-08-12 15:26:00
CHK_003886,USR_013,well,2026-08-25 11:32:00
CHK_003887,USR_012,calm_needed,2026-07-26 09:54:00
CHK_003888,USR_061,calm_needed,2026-08-23 13:10:00
CHK_003889,USR_054,well,2026-08-16 22:37:00
CHK_003890,USR_026,overwhelmed,2026-07-28 16:12:00
CHK_003891,USR_044,overwhelmed,2026-06-01 12:26:00
CHK_003892,USR_044,well,2026-06-15 11:24:00
CHK_003893,USR_074,well,2026-07-01 09:08:00
CHK_003894,USR_008,well,2026-07-13 06:43:00
CHK_003895,USR_079,overwhelmed,2026-06-09 18:27:00
CHK_003896,USR_055,overwhelmed,2026-08-13 15:21:00
CHK_003897,USR_071,well,2026-07-07 12:19:00
CHK_003898,USR_088,calm_needed,2026-07-23 18:14:00
CHK_003899,USR_087,well,2026-06-12 16:37:00
CHK_003900,USR_063,well,2026-08-03 09:04:00
CHK_003901,USR_098,well,2026-06-24 15:51:00
CHK_003902,USR_014,well,2026-06-03 13:04:00
CHK_003903,USR_036,overwhelmed,2026-06-11 13:36:00
CHK_003904,USR_054,well,2026-07-18 19:27:00
CHK_003905,USR_009,well,2026-08-21 11:57:00
CHK_003906,USR_086,calm_needed,2026-07-19 20:57:00
CHK_003907,USR_037,well,2026-07-08 16:51:00
CHK_003908,USR_041,well,2026-07-18 19:35:00
CHK_003909,USR_023,calm_needed,2026-06-23 13:38:00
CHK_003910,USR_034,well,2026-06-25 22:41:00
CHK_003911,USR_036,well,2026-07-27 13:13:00
CHK_003912,USR_039,well,2026-08-14 11:19:00
CHK_003913,USR_007,overwhelmed,2026-06-04 16:49:00
CHK_003914,USR_008,well,2026-07-14 06:53:00
CHK_003915,USR_065,well,2026-07-01 08:38:00
CHK_003916,USR_052,well,2026-06-08 13:21:00
CHK_003917,USR_012,well,2026-08-27 18:42:00
CHK_003918,USR_044,well,2026-07-29 18:53:00
CHK_003919,USR_070,overwhelmed,2026-07-28 09:36:00
CHK_003920,USR_082,overwhelmed,2026-06-10 22:50:00
CHK_003921,USR_066,well,2026-08-10 20:38:00
CHK_003922,USR_046,well,2026-07-12 15:24:00
CHK_003923,USR_035,calm_needed,2026-07-09 15:36:00
CHK_003924,USR_075,calm_needed,2026-06-08 14:10:00
CHK_003925,USR_065,overwhelmed,2026-08-16 16:59:00
CHK_003926,USR_053,overwhelmed,2026-07-08 06:45:00
CHK_003927,USR_092,well,2026-06-22 08:13:00
CHK_003928,USR_035,well,2026-07-08 06:45:00
CHK_003929,USR_024,overwhelmed,2026-06-25 07:10:00
CHK_003930,USR_087,well,2026-07-27 19:58:00
CHK_003931,USR_084,calm_needed,2026-07-09 15:20:00
CHK_003932,USR_040,well,2026-07-29 19:35:00
CHK_003933,USR_087,calm_needed,2026-08-20 16:59:00
CHK_003934,USR_068,well,2026-07-11 21:34:00
CHK_003935,USR_019,well,2026-06-19 06:22:00
CHK_003936,USR_021,well,2026-06-22 08:34:00
CHK_003937,USR_056,well,2026-06-17 12:12:00
CHK_003938,USR_051,well,2026-06-24 11:23:00
CHK_003939,USR_025,well,2026-07-06 08:05:00
CHK_003940,USR_023,well,2026-06-26 16:51:00
CHK_003941,USR_079,well,2026-08-06 17:50:00
CHK_003942,USR_060,overwhelmed,2026-08-28 22:37:00
CHK_003943,USR_029,well,2026-07-27 07:16:00
CHK_003944,USR_002,calm_needed,2026-07-31 09:53:00
CHK_003945,USR_008,overwhelmed,2026-07-25 20:26:00
CHK_003946,USR_031,well,2026-06-22 15:24:00
CHK_003947,USR_097,well,2026-07-14 17:15:00
CHK_003948,USR_035,well,2026-07-25 20:12:00
CHK_003949,USR_063,overwhelmed,2026-06-08 15:06:00
CHK_003950,USR_001,well,2026-08-02 16:02:00
CHK_003951,USR_088,well,2026-07-26 16:23:00
CHK_003952,USR_065,well,2026-06-02 15:22:00
CHK_003953,USR_070,overwhelmed,2026-06-17 19:16:00
CHK_003954,USR_064,well,2026-07-02 11:33:00
CHK_003955,USR_003,overwhelmed,2026-08-10 06:03:00
CHK_003956,USR_009,well,2026-06-18 09:48:00
CHK_003957,USR_054,well,2026-06-20 16:14:00
CHK_003958,USR_068,well,2026-08-15 15:27:00
CHK_003959,USR_079,overwhelmed,2026-06-22 07:30:00
CHK_003960,USR_008,well,2026-06-14 09:35:00
CHK_003961,USR_060,calm_needed,2026-07-24 06:41:00
CHK_003962,USR_096,overwhelmed,2026-06-16 13:45:00
CHK_003963,USR_035,calm_needed,2026-07-04 09:29:00
CHK_003964,USR_093,well,2026-08-07 11:50:00
CHK_003965,USR_047,well,2026-06-22 09:49:00
CHK_003966,USR_065,well,2026-07-30 10:53:00
CHK_003967,USR_004,overwhelmed,2026-06-12 14:59:00
CHK_003968,USR_090,well,2026-06-27 22:04:00
CHK_003969,USR_079,well,2026-07-12 20:14:00
CHK_003970,USR_054,calm_needed,2026-06-13 16:03:00
CHK_003971,USR_023,well,2026-08-14 21:41:00
CHK_003972,USR_081,overwhelmed,2026-07-15 11:05:00
CHK_003973,USR_020,overwhelmed,2026-08-13 20:44:00
CHK_003974,USR_046,well,2026-06-16 18:50:00
CHK_003975,USR_007,well,2026-07-26 19:04:00
CHK_003976,USR_081,overwhelmed,2026-07-18 18:49:00
CHK_003977,USR_061,calm_needed,2026-06-19 07:58:00
CHK_003978,USR_068,well,2026-06-10 07:38:00
CHK_003979,USR_068,well,2026-07-26 19:35:00
CHK_003980,USR_039,well,2026-06-17 12:25:00
CHK_003981,USR_052,well,2026-07-16 11:30:00
CHK_003982,USR_056,well,2026-08-20 17:35:00
CHK_003983,USR_096,well,2026-08-13 12:09:00
CHK_003984,USR_008,well,2026-06-18 14:53:00
CHK_003985,USR_072,well,2026-08-20 09:35:00
CHK_003986,USR_055,well,2026-07-30 21:32:00
CHK_003987,USR_056,well,2026-08-09 11:28:00
CHK_003988,USR_061,well,2026-07-19 22:53:00
CHK_003989,USR_054,well,2026-08-17 22:53:00
CHK_003990,USR_080,well,2026-08-27 07:07:00
CHK_003991,USR_008,well,2026-06-28 21:09:00
CHK_003992,USR_056,overwhelmed,2026-08-18 09:31:00
CHK_003993,USR_085,overwhelmed,2026-06-04 14:08:00
CHK_003994,USR_010,overwhelmed,2026-07-17 14:01:00
CHK_003995,USR_002,overwhelmed,2026-07-18 10:09:00
CHK_003996,USR_066,well,2026-08-26 18:15:00
CHK_003997,USR_089,well,2026-08-20 22:34:00
CHK_003998,USR_049,overwhelmed,2026-07-18 22:24:00
CHK_003999,USR_099,well,2026-06-17 15:05:00
CHK_004000,USR_034,well,2026-08-03 07:17:00
CHK_004001,USR_066,overwhelmed,2026-07-28 12:20:00
CHK_004002,USR_070,overwhelmed,2026-07-17 20:42:00
CHK_004003,USR_093,overwhelmed,2026-06-28 20:15:00
CHK_004004,USR_093,well,2026-07-13 16:48:00
CHK_004005,USR_046,well,2026-08-05 12:59:00
CHK_004006,USR_081,overwhelmed,2026-07-12 22:19:00
CHK_004007,USR_061,calm_needed,2026-07-19 11:52:00
CHK_004008,USR_031,well,2026-08-11 16:46:00
CHK_004009,USR_097,well,2026-07-19 18:34:00
CHK_004010,USR_090,overwhelmed,2026-08-10 17:35:00
CHK_004011,USR_094,well,2026-07-29 16:45:00
CHK_004012,USR_036,overwhelmed,2026-06-16 16:53:00
CHK_004013,USR_081,calm_needed,2026-08-26 07:47:00
CHK_004014,USR_053,well,2026-06-08 08:58:00
CHK_004015,USR_081,well,2026-06-02 08:16:00
CHK_004016,USR_076,well,2026-08-27 14:45:00
CHK_004017,USR_048,calm_needed,2026-07-04 10:06:00
CHK_004018,USR_048,well,2026-06-23 17:41:00
CHK_004019,USR_012,calm_needed,2026-08-18 19:40:00
CHK_004020,USR_065,overwhelmed,2026-08-10 09:20:00
CHK_004021,USR_054,well,2026-06-15 22:33:00
CHK_004022,USR_021,overwhelmed,2026-08-17 10:29:00
CHK_004023,USR_061,calm_needed,2026-07-05 18:09:00
CHK_004024,USR_071,overwhelmed,2026-06-24 17:31:00
CHK_004025,USR_096,well,2026-06-03 11:31:00
CHK_004026,USR_054,well,2026-08-12 18:54:00
CHK_004027,USR_035,well,2026-08-19 15:19:00
CHK_004028,USR_095,well,2026-08-19 19:52:00
CHK_004029,USR_033,overwhelmed,2026-06-07 18:33:00
CHK_004030,USR_026,well,2026-07-05 12:20:00
CHK_004031,USR_086,well,2026-08-19 15:22:00
CHK_004032,USR_023,overwhelmed,2026-07-25 16:49:00
CHK_004033,USR_036,calm_needed,2026-07-25 12:11:00
CHK_004034,USR_047,well,2026-07-23 07:40:00
CHK_004035,USR_082,overwhelmed,2026-08-17 08:56:00
CHK_004036,USR_012,well,2026-07-18 15:14:00
CHK_004037,USR_010,well,2026-06-27 22:44:00
CHK_004038,USR_002,overwhelmed,2026-07-24 06:07:00
CHK_004039,USR_081,well,2026-06-05 10:46:00
CHK_004040,USR_054,well,2026-06-12 16:12:00
CHK_004041,USR_085,calm_needed,2026-06-18 13:05:00
CHK_004042,USR_062,well,2026-08-08 12:21:00
CHK_004043,USR_074,well,2026-08-07 18:32:00
CHK_004044,USR_026,calm_needed,2026-07-11 13:31:00
CHK_004045,USR_056,well,2026-07-22 07:32:00
CHK_004046,USR_098,well,2026-07-31 17:48:00
CHK_004047,USR_002,calm_needed,2026-08-13 17:10:00
CHK_004048,USR_025,well,2026-07-24 18:33:00
CHK_004049,USR_004,well,2026-08-01 08:28:00
CHK_004050,USR_013,well,2026-07-05 10:59:00
CHK_004051,USR_008,overwhelmed,2026-07-12 15:12:00
CHK_004052,USR_070,well,2026-08-03 09:45:00
CHK_004053,USR_083,well,2026-06-03 10:47:00
CHK_004054,USR_031,overwhelmed,2026-08-21 13:49:00
CHK_004055,USR_053,calm_needed,2026-06-29 07:59:00
CHK_004056,USR_087,well,2026-07-01 16:47:00
CHK_004057,USR_076,calm_needed,2026-07-21 21:33:00
CHK_004058,USR_076,calm_needed,2026-07-21 16:17:00
CHK_004059,USR_068,well,2026-08-23 15:29:00
CHK_004060,USR_056,overwhelmed,2026-07-05 08:55:00
CHK_004061,USR_024,well,2026-07-22 06:51:00
CHK_004062,USR_060,well,2026-06-07 16:10:00
CHK_004063,USR_082,well,2026-08-02 10:23:00
CHK_004064,USR_040,calm_needed,2026-08-23 14:57:00
CHK_004065,USR_074,well,2026-06-27 11:34:00
CHK_004066,USR_047,overwhelmed,2026-07-02 21:27:00
CHK_004067,USR_075,calm_needed,2026-07-19 11:37:00
CHK_004068,USR_060,overwhelmed,2026-06-20 20:18:00
CHK_004069,USR_079,well,2026-08-11 18:53:00
CHK_004070,USR_075,well,2026-08-17 12:16:00
CHK_004071,USR_066,overwhelmed,2026-06-19 15:01:00
CHK_004072,USR_037,well,2026-08-10 12:26:00
CHK_004073,USR_095,well,2026-08-10 11:05:00
CHK_004074,USR_074,well,2026-08-22 11:01:00
CHK_004075,USR_070,calm_needed,2026-06-23 20:05:00
CHK_004076,USR_034,well,2026-07-27 22:50:00
CHK_004077,USR_020,well,2026-06-21 22:58:00
CHK_004078,USR_033,well,2026-08-02 21:05:00
CHK_004079,USR_002,well,2026-08-28 18:59:00
CHK_004080,USR_056,well,2026-08-15 08:21:00
CHK_004081,USR_053,well,2026-06-21 06:03:00
CHK_004082,USR_012,overwhelmed,2026-07-16 20:16:00
CHK_004083,USR_009,well,2026-07-21 08:49:00
CHK_004084,USR_087,well,2026-06-26 08:43:00
CHK_004085,USR_026,overwhelmed,2026-07-08 20:29:00
CHK_004086,USR_096,calm_needed,2026-08-01 16:14:00
CHK_004087,USR_044,overwhelmed,2026-07-10 18:42:00
CHK_004088,USR_010,well,2026-06-16 18:54:00
CHK_004089,USR_075,well,2026-07-20 15:16:00
CHK_004090,USR_015,overwhelmed,2026-06-30 12:09:00
CHK_004091,USR_026,calm_needed,2026-07-09 10:59:00
CHK_004092,USR_096,well,2026-08-25 11:13:00
CHK_004093,USR_053,calm_needed,2026-07-13 08:40:00
CHK_004094,USR_082,well,2026-08-02 06:14:00
CHK_004095,USR_076,well,2026-08-14 20:02:00
CHK_004096,USR_056,calm_needed,2026-06-16 21:39:00
CHK_004097,USR_054,well,2026-07-12 07:38:00
CHK_004098,USR_039,overwhelmed,2026-06-15 12:44:00
CHK_004099,USR_076,overwhelmed,2026-06-06 17:29:00
CHK_004100,USR_035,well,2026-07-24 19:26:00
CHK_004101,USR_052,calm_needed,2026-08-11 07:13:00
CHK_004102,USR_026,overwhelmed,2026-06-16 10:51:00
CHK_004103,USR_089,well,2026-07-12 22:12:00
CHK_004104,USR_051,calm_needed,2026-06-15 17:27:00
CHK_004105,USR_007,calm_needed,2026-07-05 15:10:00
CHK_004106,USR_043,well,2026-06-07 17:11:00
CHK_004107,USR_053,calm_needed,2026-08-01 17:06:00
CHK_004108,USR_044,well,2026-06-10 16:04:00
CHK_004109,USR_053,well,2026-07-25 11:00:00
CHK_004110,USR_079,overwhelmed,2026-08-27 15:43:00
CHK_004111,USR_018,calm_needed,2026-06-16 17:30:00
CHK_004112,USR_001,well,2026-06-01 15:24:00
CHK_004113,USR_075,overwhelmed,2026-07-08 10:48:00
CHK_004114,USR_062,overwhelmed,2026-08-12 17:51:00
CHK_004115,USR_066,overwhelmed,2026-06-10 19:38:00
CHK_004116,USR_068,well,2026-08-20 18:05:00
CHK_004117,USR_024,well,2026-07-02 16:16:00
CHK_004118,USR_076,overwhelmed,2026-06-21 15:16:00
CHK_004119,USR_096,overwhelmed,2026-08-05 22:35:00
CHK_004120,USR_023,well,2026-07-30 06:58:00
CHK_004121,USR_070,well,2026-06-18 07:00:00
CHK_004122,USR_051,overwhelmed,2026-06-22 21:27:00
CHK_004123,USR_076,well,2026-08-09 15:01:00
CHK_004124,USR_077,well,2026-06-20 17:01:00
CHK_004125,USR_074,calm_needed,2026-08-15 14:26:00
CHK_004126,USR_089,well,2026-07-30 21:21:00
CHK_004127,USR_047,overwhelmed,2026-08-27 11:11:00
CHK_004128,USR_076,well,2026-07-02 15:24:00
CHK_004129,USR_052,well,2026-08-15 21:43:00
CHK_004130,USR_040,well,2026-07-11 17:37:00
CHK_004131,USR_048,calm_needed,2026-07-31 19:27:00
CHK_004132,USR_019,overwhelmed,2026-06-18 17:50:00
CHK_004133,USR_035,well,2026-07-08 19:01:00
CHK_004134,USR_098,calm_needed,2026-06-19 12:38:00
CHK_004135,USR_063,well,2026-07-16 16:27:00
CHK_004136,USR_044,calm_needed,2026-06-19 22:55:00
CHK_004137,USR_051,overwhelmed,2026-08-26 21:17:00
CHK_004138,USR_071,well,2026-06-23 12:32:00
CHK_004139,USR_001,well,2026-08-23 06:30:00
CHK_004140,USR_035,well,2026-08-13 06:20:00
CHK_004141,USR_098,well,2026-07-16 19:09:00
CHK_004142,USR_025,overwhelmed,2026-08-12 21:19:00
CHK_004143,USR_040,calm_needed,2026-08-24 11:46:00
CHK_004144,USR_039,calm_needed,2026-07-31 15:45:00
CHK_004145,USR_054,well,2026-07-05 13:27:00
CHK_004146,USR_089,calm_needed,2026-07-22 20:02:00
CHK_004147,USR_072,well,2026-07-04 06:08:00
CHK_004148,USR_049,well,2026-07-24 06:08:00
CHK_004149,USR_042,calm_needed,2026-08-21 21:07:00
CHK_004150,USR_005,calm_needed,2026-06-03 20:37:00
CHK_004151,USR_062,calm_needed,2026-06-23 16:02:00
CHK_004152,USR_026,overwhelmed,2026-07-28 19:56:00
CHK_004153,USR_070,well,2026-07-26 20:43:00
CHK_004154,USR_009,well,2026-07-04 19:23:00
CHK_004155,USR_008,well,2026-06-05 10:42:00
CHK_004156,USR_093,overwhelmed,2026-07-20 19:43:00
CHK_004157,USR_004,well,2026-08-23 07:06:00
CHK_004158,USR_056,calm_needed,2026-08-20 16:33:00
CHK_004159,USR_092,well,2026-06-04 14:58:00
CHK_004160,USR_066,calm_needed,2026-08-01 21:19:00
CHK_004161,USR_013,well,2026-07-03 20:40:00
CHK_004162,USR_063,well,2026-06-22 16:31:00
CHK_004163,USR_074,calm_needed,2026-08-20 10:48:00
CHK_004164,USR_056,well,2026-08-10 21:17:00
CHK_004165,USR_041,well,2026-08-16 15:52:00
CHK_004166,USR_037,well,2026-08-05 13:55:00
CHK_004167,USR_054,calm_needed,2026-08-19 15:04:00
CHK_004168,USR_056,overwhelmed,2026-07-22 21:23:00
CHK_004169,USR_090,calm_needed,2026-06-09 09:18:00
CHK_004170,USR_005,overwhelmed,2026-06-01 08:09:00
CHK_004171,USR_003,overwhelmed,2026-08-13 06:29:00
CHK_004172,USR_025,overwhelmed,2026-08-21 14:15:00
CHK_004173,USR_035,calm_needed,2026-07-15 12:47:00
CHK_004174,USR_094,calm_needed,2026-06-13 22:40:00
CHK_004175,USR_053,overwhelmed,2026-06-05 12:32:00
CHK_004176,USR_019,calm_needed,2026-06-16 10:21:00
CHK_004177,USR_087,well,2026-07-05 13:16:00
CHK_004178,USR_079,calm_needed,2026-08-15 06:22:00
CHK_004179,USR_061,overwhelmed,2026-07-05 13:02:00
CHK_004180,USR_039,well,2026-08-20 08:44:00
CHK_004181,USR_058,well,2026-07-12 21:17:00
CHK_004182,USR_063,well,2026-08-13 10:28:00
CHK_004183,USR_028,overwhelmed,2026-06-25 17:43:00
CHK_004184,USR_066,well,2026-07-07 21:30:00
CHK_004185,USR_063,well,2026-08-12 10:52:00
CHK_004186,USR_049,well,2026-07-14 07:57:00
CHK_004187,USR_087,well,2026-06-19 11:36:00
CHK_004188,USR_036,calm_needed,2026-07-15 07:01:00
CHK_004189,USR_008,calm_needed,2026-06-27 21:29:00
CHK_004190,USR_034,well,2026-08-28 11:17:00
CHK_004191,USR_060,calm_needed,2026-06-25 19:37:00
CHK_004192,USR_009,calm_needed,2026-08-21 15:34:00
CHK_004193,USR_010,overwhelmed,2026-08-28 06:17:00
CHK_004194,USR_013,well,2026-08-23 22:56:00
CHK_004195,USR_077,calm_needed,2026-06-25 15:44:00
CHK_004196,USR_068,overwhelmed,2026-07-22 21:47:00
CHK_004197,USR_071,well,2026-06-03 07:05:00
CHK_004198,USR_095,overwhelmed,2026-07-03 16:44:00
CHK_004199,USR_012,calm_needed,2026-08-21 20:19:00
CHK_004200,USR_071,well,2026-07-10 18:25:00
CHK_004201,USR_002,overwhelmed,2026-08-02 11:19:00
CHK_004202,USR_100,well,2026-07-29 22:52:00
CHK_004203,USR_014,well,2026-07-28 09:09:00
CHK_004204,USR_094,overwhelmed,2026-08-11 08:39:00
CHK_004205,USR_063,overwhelmed,2026-07-15 20:06:00
CHK_004206,USR_087,well,2026-06-30 19:51:00
CHK_004207,USR_036,overwhelmed,2026-06-25 16:07:00
CHK_004208,USR_090,calm_needed,2026-07-30 15:49:00
CHK_004209,USR_076,overwhelmed,2026-08-24 11:55:00
CHK_004210,USR_018,overwhelmed,2026-07-14 06:52:00
CHK_004211,USR_019,well,2026-06-15 14:13:00
CHK_004212,USR_053,well,2026-06-08 09:19:00
CHK_004213,USR_044,calm_needed,2026-06-28 11:29:00
CHK_004214,USR_037,well,2026-07-24 12:45:00
CHK_004215,USR_012,calm_needed,2026-07-18 17:43:00
CHK_004216,USR_087,well,2026-08-17 11:06:00
CHK_004217,USR_035,well,2026-06-09 18:08:00
CHK_004218,USR_077,overwhelmed,2026-06-13 17:35:00
CHK_004219,USR_018,calm_needed,2026-06-19 13:05:00
CHK_004220,USR_020,well,2026-07-16 18:20:00
CHK_004221,USR_047,calm_needed,2026-07-17 22:54:00
CHK_004222,USR_027,well,2026-07-05 10:12:00
CHK_004223,USR_070,overwhelmed,2026-07-19 08:57:00
CHK_004224,USR_083,overwhelmed,2026-08-15 13:39:00
CHK_004225,USR_026,well,2026-06-16 19:06:00
CHK_004226,USR_096,overwhelmed,2026-07-24 08:35:00
CHK_004227,USR_092,calm_needed,2026-08-14 21:41:00
CHK_004228,USR_094,calm_needed,2026-06-06 19:01:00
CHK_004229,USR_049,well,2026-08-17 15:44:00
CHK_004230,USR_028,calm_needed,2026-06-12 22:23:00
CHK_004231,USR_044,well,2026-07-02 18:48:00
CHK_004232,USR_068,well,2026-07-11 22:02:00
CHK_004233,USR_070,overwhelmed,2026-06-18 08:48:00
CHK_004234,USR_023,well,2026-08-20 12:33:00
CHK_004235,USR_040,calm_needed,2026-07-10 18:25:00
CHK_004236,USR_046,overwhelmed,2026-08-19 20:15:00
CHK_004237,USR_087,calm_needed,2026-08-21 19:01:00
CHK_004238,USR_087,well,2026-07-26 13:10:00
CHK_004239,USR_037,overwhelmed,2026-08-27 22:55:00
CHK_004240,USR_024,calm_needed,2026-08-25 12:09:00
CHK_004241,USR_025,overwhelmed,2026-07-26 19:13:00
CHK_004242,USR_044,well,2026-07-22 20:22:00
CHK_004243,USR_032,overwhelmed,2026-08-15 07:31:00
CHK_004244,USR_066,calm_needed,2026-06-05 17:06:00
CHK_004245,USR_095,overwhelmed,2026-07-14 11:26:00
CHK_004246,USR_025,well,2026-08-12 10:34:00
CHK_004247,USR_032,well,2026-07-24 22:42:00
CHK_004248,USR_036,well,2026-07-02 16:41:00
CHK_004249,USR_009,calm_needed,2026-08-27 20:38:00
CHK_004250,USR_060,well,2026-06-22 07:41:00
CHK_004251,USR_042,well,2026-07-15 16:53:00
CHK_004252,USR_093,well,2026-07-24 06:57:00
CHK_004253,USR_093,calm_needed,2026-06-13 18:51:00
CHK_004254,USR_011,well,2026-08-15 13:08:00
CHK_004255,USR_054,calm_needed,2026-08-14 20:40:00
CHK_004256,USR_078,well,2026-06-19 14:30:00
CHK_004257,USR_068,calm_needed,2026-08-02 20:00:00
CHK_004258,USR_076,well,2026-06-26 07:18:00
CHK_004259,USR_006,calm_needed,2026-07-18 20:19:00
CHK_004260,USR_089,overwhelmed,2026-07-02 22:41:00
CHK_004261,USR_060,well,2026-06-19 12:45:00
CHK_004262,USR_060,overwhelmed,2026-06-01 07:17:00
CHK_004263,USR_054,overwhelmed,2026-08-05 09:15:00
CHK_004264,USR_073,calm_needed,2026-08-24 07:02:00
CHK_004265,USR_026,well,2026-06-07 09:43:00
CHK_004266,USR_052,calm_needed,2026-06-04 14:25:00
CHK_004267,USR_012,overwhelmed,2026-08-13 20:53:00
CHK_004268,USR_039,overwhelmed,2026-08-19 12:47:00
CHK_004269,USR_076,well,2026-07-20 12:24:00
CHK_004270,USR_014,overwhelmed,2026-06-25 16:04:00
CHK_004271,USR_003,overwhelmed,2026-06-16 08:10:00
CHK_004272,USR_076,overwhelmed,2026-08-08 13:12:00
CHK_004273,USR_083,well,2026-08-27 13:20:00
CHK_004274,USR_056,calm_needed,2026-06-23 06:07:00
CHK_004275,USR_037,well,2026-07-11 15:13:00
CHK_004276,USR_065,well,2026-08-06 21:51:00
CHK_004277,USR_034,well,2026-06-07 22:19:00
CHK_004278,USR_007,overwhelmed,2026-07-29 07:26:00
CHK_004279,USR_095,overwhelmed,2026-06-11 12:20:00
CHK_004280,USR_086,well,2026-06-14 09:59:00
CHK_004281,USR_044,well,2026-07-30 12:03:00
CHK_004282,USR_056,calm_needed,2026-08-27 06:23:00
CHK_004283,USR_048,calm_needed,2026-08-01 13:42:00
CHK_004284,USR_013,calm_needed,2026-07-14 15:29:00
CHK_004285,USR_074,well,2026-07-22 13:37:00
CHK_004286,USR_056,well,2026-06-10 10:10:00
CHK_004287,USR_020,overwhelmed,2026-07-20 13:55:00
CHK_004288,USR_075,overwhelmed,2026-08-24 21:26:00
CHK_004289,USR_097,calm_needed,2026-06-22 20:51:00
CHK_004290,USR_088,well,2026-06-19 13:33:00
CHK_004291,USR_092,well,2026-08-05 18:16:00
CHK_004292,USR_031,well,2026-08-02 14:05:00
CHK_004293,USR_045,overwhelmed,2026-08-06 06:51:00
CHK_004294,USR_042,overwhelmed,2026-07-07 21:20:00
CHK_004295,USR_013,calm_needed,2026-06-13 09:30:00
CHK_004296,USR_047,well,2026-07-23 10:23:00
CHK_004297,USR_002,overwhelmed,2026-07-29 13:50:00
CHK_004298,USR_055,well,2026-07-30 10:17:00
CHK_004299,USR_076,calm_needed,2026-08-26 22:28:00
CHK_004300,USR_013,well,2026-08-01 21:17:00
CHK_004301,USR_081,calm_needed,2026-08-09 11:30:00
CHK_004302,USR_088,overwhelmed,2026-07-24 14:43:00
CHK_004303,USR_039,overwhelmed,2026-07-06 12:17:00
CHK_004304,USR_082,well,2026-07-03 20:34:00
CHK_004305,USR_053,well,2026-08-24 13:06:00
CHK_004306,USR_008,well,2026-06-30 11:34:00
CHK_004307,USR_034,well,2026-08-07 10:20:00
CHK_004308,USR_064,overwhelmed,2026-07-11 21:11:00
CHK_004309,USR_068,well,2026-06-16 18:04:00
CHK_004310,USR_017,well,2026-07-01 22:48:00
CHK_004311,USR_035,well,2026-07-08 18:45:00
CHK_004312,USR_070,calm_needed,2026-08-07 06:38:00
CHK_004313,USR_060,well,2026-08-07 08:07:00
CHK_004314,USR_008,overwhelmed,2026-07-06 11:55:00
CHK_004315,USR_046,overwhelmed,2026-08-12 21:38:00
CHK_004316,USR_035,well,2026-06-18 17:53:00
CHK_004317,USR_044,well,2026-06-15 20:26:00
CHK_004318,USR_008,well,2026-08-06 17:59:00
CHK_004319,USR_013,well,2026-07-30 06:32:00
CHK_004320,USR_060,overwhelmed,2026-06-29 18:50:00
CHK_004321,USR_048,calm_needed,2026-07-06 09:02:00
CHK_004322,USR_083,calm_needed,2026-08-28 14:34:00
CHK_004323,USR_039,well,2026-08-23 22:52:00
CHK_004324,USR_054,well,2026-08-13 13:40:00
CHK_004325,USR_002,well,2026-08-09 12:59:00
CHK_004326,USR_014,well,2026-07-21 17:20:00
CHK_004327,USR_022,overwhelmed,2026-08-16 12:56:00
CHK_004328,USR_024,calm_needed,2026-08-03 21:21:00
CHK_004329,USR_002,well,2026-06-04 08:31:00
CHK_004330,USR_089,well,2026-07-04 14:30:00
CHK_004331,USR_010,well,2026-07-03 12:17:00
CHK_004332,USR_057,well,2026-07-13 14:27:00
CHK_004333,USR_070,overwhelmed,2026-06-02 17:31:00
CHK_004334,USR_034,well,2026-08-10 06:23:00
CHK_004335,USR_094,overwhelmed,2026-07-08 18:10:00
CHK_004336,USR_012,overwhelmed,2026-07-04 20:41:00
CHK_004337,USR_015,overwhelmed,2026-08-09 10:53:00
CHK_004338,USR_071,overwhelmed,2026-06-16 08:08:00
CHK_004339,USR_026,well,2026-07-09 15:09:00
CHK_004340,USR_053,well,2026-07-16 07:37:00
CHK_004341,USR_044,calm_needed,2026-07-05 20:44:00
CHK_004342,USR_013,well,2026-06-17 10:20:00
CHK_004343,USR_036,overwhelmed,2026-07-10 15:06:00
CHK_004344,USR_002,calm_needed,2026-08-27 14:55:00
CHK_004345,USR_054,well,2026-06-06 15:44:00
CHK_004346,USR_055,overwhelmed,2026-08-13 10:21:00
CHK_004347,USR_034,well,2026-07-20 22:10:00
CHK_004348,USR_023,well,2026-08-01 17:58:00
CHK_004349,USR_025,well,2026-07-14 18:44:00
CHK_004350,USR_075,well,2026-06-15 11:31:00
CHK_004351,USR_010,well,2026-07-27 17:34:00
CHK_004352,USR_047,overwhelmed,2026-06-27 22:10:00
CHK_004353,USR_022,well,2026-08-05 18:23:00
CHK_004354,USR_082,well,2026-06-09 14:13:00
CHK_004355,USR_081,well,2026-06-22 08:32:00
CHK_004356,USR_089,well,2026-07-15 12:44:00
CHK_004357,USR_071,well,2026-06-28 08:12:00
CHK_004358,USR_015,overwhelmed,2026-08-16 06:39:00
CHK_004359,USR_038,well,2026-06-09 18:56:00
CHK_004360,USR_094,well,2026-06-25 19:56:00
CHK_004361,USR_061,calm_needed,2026-07-12 15:46:00
CHK_004362,USR_022,overwhelmed,2026-08-29 20:25:00
CHK_004363,USR_054,well,2026-06-07 17:51:00
CHK_004364,USR_095,well,2026-07-23 09:44:00
CHK_004365,USR_053,well,2026-07-24 06:52:00
CHK_004366,USR_071,well,2026-07-18 21:00:00
CHK_004367,USR_071,calm_needed,2026-08-09 08:30:00
CHK_004368,USR_062,calm_needed,2026-07-21 08:12:00
CHK_004369,USR_036,calm_needed,2026-06-02 09:26:00
CHK_004370,USR_097,well,2026-06-17 06:32:00
CHK_004371,USR_085,overwhelmed,2026-07-02 11:56:00
CHK_004372,USR_009,calm_needed,2026-07-10 17:46:00
CHK_004373,USR_092,well,2026-08-24 22:08:00
CHK_004374,USR_081,overwhelmed,2026-08-14 22:52:00
CHK_004375,USR_002,calm_needed,2026-08-02 06:59:00
CHK_004376,USR_029,calm_needed,2026-08-11 12:24:00
CHK_004377,USR_026,well,2026-08-14 20:34:00
CHK_004378,USR_035,well,2026-06-13 07:37:00
CHK_004379,USR_063,well,2026-07-10 11:20:00
CHK_004380,USR_024,well,2026-06-19 16:49:00
CHK_004381,USR_013,calm_needed,2026-08-11 21:58:00
CHK_004382,USR_096,overwhelmed,2026-07-11 07:08:00
CHK_004383,USR_093,well,2026-06-13 11:08:00
CHK_004384,USR_092,well,2026-06-15 11:10:00
CHK_004385,USR_063,overwhelmed,2026-08-20 09:18:00
CHK_004386,USR_099,well,2026-06-21 08:13:00
CHK_004387,USR_019,well,2026-07-15 18:23:00
CHK_004388,USR_070,overwhelmed,2026-07-15 18:03:00
CHK_004389,USR_054,well,2026-07-25 10:49:00
CHK_004390,USR_070,overwhelmed,2026-06-28 13:15:00
CHK_004391,USR_040,overwhelmed,2026-07-31 12:03:00
CHK_004392,USR_077,well,2026-08-02 19:45:00
CHK_004393,USR_044,calm_needed,2026-07-15 22:46:00
CHK_004394,USR_092,overwhelmed,2026-08-23 16:41:00
CHK_004395,USR_043,overwhelmed,2026-06-28 18:40:00
CHK_004396,USR_086,calm_needed,2026-07-06 06:24:00
CHK_004397,USR_068,well,2026-08-24 15:32:00
CHK_004398,USR_070,well,2026-07-03 15:21:00
CHK_004399,USR_044,calm_needed,2026-08-23 17:50:00
CHK_004400,USR_032,well,2026-06-14 06:33:00
CHK_004401,USR_074,well,2026-07-30 22:52:00
CHK_004402,USR_047,well,2026-06-08 10:14:00
CHK_004403,USR_026,well,2026-06-10 08:29:00
CHK_004404,USR_039,calm_needed,2026-06-19 09:33:00
CHK_004405,USR_026,overwhelmed,2026-08-15 18:15:00
CHK_004406,USR_012,calm_needed,2026-08-23 14:47:00
CHK_004407,USR_076,well,2026-07-13 22:23:00
CHK_004408,USR_013,well,2026-07-17 14:02:00
CHK_004409,USR_013,overwhelmed,2026-06-18 10:42:00
CHK_004410,USR_012,well,2026-08-24 09:53:00
CHK_004411,USR_028,well,2026-06-19 17:27:00
CHK_004412,USR_051,overwhelmed,2026-08-18 21:44:00
CHK_004413,USR_075,well,2026-08-15 13:24:00
CHK_004414,USR_079,overwhelmed,2026-08-15 07:13:00
CHK_004415,USR_042,well,2026-08-08 22:54:00
CHK_004416,USR_093,overwhelmed,2026-06-12 16:50:00
CHK_004417,USR_070,calm_needed,2026-06-29 21:35:00
CHK_004418,USR_040,overwhelmed,2026-08-05 20:35:00
CHK_004419,USR_047,calm_needed,2026-08-10 17:02:00
CHK_004420,USR_081,overwhelmed,2026-08-26 11:29:00
CHK_004421,USR_092,overwhelmed,2026-07-08 20:29:00
CHK_004422,USR_033,well,2026-08-17 08:35:00
CHK_004423,USR_084,calm_needed,2026-08-17 13:09:00
CHK_004424,USR_052,well,2026-07-12 09:35:00
CHK_004425,USR_026,overwhelmed,2026-06-03 12:30:00
CHK_004426,USR_036,well,2026-08-16 08:28:00
CHK_004427,USR_047,well,2026-08-22 09:44:00
CHK_004428,USR_015,well,2026-07-09 08:29:00
CHK_004429,USR_003,well,2026-06-25 16:00:00
CHK_004430,USR_063,calm_needed,2026-08-20 08:49:00
CHK_004431,USR_037,calm_needed,2026-07-04 17:42:00
CHK_004432,USR_023,calm_needed,2026-06-06 18:38:00
CHK_004433,USR_071,well,2026-07-15 18:20:00
CHK_004434,USR_091,overwhelmed,2026-07-17 19:28:00
CHK_004435,USR_098,overwhelmed,2026-07-31 12:00:00
CHK_004436,USR_093,well,2026-07-21 08:51:00
CHK_004437,USR_087,well,2026-08-10 06:44:00
CHK_004438,USR_056,well,2026-06-02 22:00:00
CHK_004439,USR_070,well,2026-06-26 08:10:00
CHK_004440,USR_083,well,2026-07-01 08:32:00
CHK_004441,USR_005,overwhelmed,2026-06-21 10:48:00
CHK_004442,USR_055,well,2026-08-24 19:09:00
CHK_004443,USR_077,overwhelmed,2026-08-01 13:38:00
CHK_004444,USR_061,well,2026-06-02 22:05:00
CHK_004445,USR_010,overwhelmed,2026-07-11 12:35:00
CHK_004446,USR_048,calm_needed,2026-07-19 09:59:00
CHK_004447,USR_008,well,2026-07-24 10:08:00
CHK_004448,USR_076,well,2026-06-20 22:19:00
CHK_004449,USR_058,well,2026-08-02 08:29:00
CHK_004450,USR_017,well,2026-07-19 15:23:00
CHK_004451,USR_095,calm_needed,2026-07-24 09:14:00
CHK_004452,USR_054,overwhelmed,2026-08-26 20:28:00
CHK_004453,USR_068,well,2026-08-27 18:47:00
CHK_004454,USR_035,overwhelmed,2026-06-17 10:24:00
CHK_004455,USR_003,overwhelmed,2026-06-17 06:38:00
CHK_004456,USR_080,well,2026-07-18 09:42:00
CHK_004457,USR_076,calm_needed,2026-08-27 13:52:00
CHK_004458,USR_083,overwhelmed,2026-06-21 14:10:00
CHK_004459,USR_089,well,2026-07-18 13:32:00
CHK_004460,USR_014,overwhelmed,2026-07-06 07:11:00
CHK_004461,USR_075,overwhelmed,2026-08-24 15:19:00
CHK_004462,USR_071,calm_needed,2026-06-18 07:11:00
CHK_004463,USR_053,well,2026-06-10 16:13:00
CHK_004464,USR_020,overwhelmed,2026-07-12 09:38:00
CHK_004465,USR_039,overwhelmed,2026-08-06 10:57:00
CHK_004466,USR_095,well,2026-08-10 09:42:00
CHK_004467,USR_046,well,2026-08-01 14:25:00
CHK_004468,USR_096,overwhelmed,2026-07-03 09:13:00
CHK_004469,USR_049,well,2026-08-12 22:46:00
CHK_004470,USR_054,overwhelmed,2026-07-30 19:02:00
CHK_004471,USR_036,overwhelmed,2026-07-24 06:00:00
CHK_004472,USR_002,calm_needed,2026-06-10 20:39:00
CHK_004473,USR_095,overwhelmed,2026-07-15 18:26:00
CHK_004474,USR_088,calm_needed,2026-06-13 17:28:00
CHK_004475,USR_071,well,2026-06-08 16:38:00
CHK_004476,USR_049,well,2026-08-04 16:29:00
CHK_004477,USR_097,well,2026-07-04 12:59:00
CHK_004478,USR_003,overwhelmed,2026-08-01 07:21:00
CHK_004479,USR_034,well,2026-07-20 09:23:00
CHK_004480,USR_019,overwhelmed,2026-07-25 07:46:00
CHK_004481,USR_010,well,2026-08-16 20:08:00
CHK_004482,USR_098,well,2026-06-18 11:49:00
CHK_004483,USR_062,well,2026-08-26 19:17:00
CHK_004484,USR_077,well,2026-08-17 10:45:00
CHK_004485,USR_028,well,2026-06-22 15:25:00
CHK_004486,USR_053,overwhelmed,2026-07-19 06:13:00
CHK_004487,USR_067,overwhelmed,2026-07-05 12:22:00
CHK_004488,USR_052,well,2026-08-21 20:00:00
CHK_004489,USR_047,well,2026-08-18 09:14:00
CHK_004490,USR_026,overwhelmed,2026-08-04 16:45:00
CHK_004491,USR_056,well,2026-07-21 18:06:00
CHK_004492,USR_099,overwhelmed,2026-06-23 17:54:00
CHK_004493,USR_004,overwhelmed,2026-06-13 12:10:00
CHK_004494,USR_052,well,2026-08-06 14:28:00
CHK_004495,USR_093,well,2026-08-19 21:43:00
CHK_004496,USR_077,calm_needed,2026-08-18 11:05:00
CHK_004497,USR_003,well,2026-08-05 08:45:00
CHK_004498,USR_049,calm_needed,2026-07-19 11:27:00
CHK_004499,USR_021,well,2026-07-06 16:53:00
CHK_004500,USR_025,calm_needed,2026-08-09 13:14:00
CHK_004501,USR_071,well,2026-06-22 07:19:00
CHK_004502,USR_054,well,2026-08-29 15:14:00
CHK_004503,USR_087,well,2026-08-02 13:37:00
CHK_004504,USR_044,well,2026-06-14 16:51:00
CHK_004505,USR_052,well,2026-06-03 13:22:00
CHK_004506,USR_068,overwhelmed,2026-07-05 13:55:00
CHK_004507,USR_029,well,2026-06-18 16:11:00
CHK_004508,USR_035,overwhelmed,2026-07-07 09:40:00
CHK_004509,USR_024,well,2026-08-26 18:06:00
CHK_004510,USR_042,calm_needed,2026-07-17 10:33:00
CHK_004511,USR_071,well,2026-07-08 17:04:00
CHK_004512,USR_081,well,2026-06-02 08:44:00
CHK_004513,USR_077,well,2026-08-11 09:44:00
CHK_004514,USR_008,overwhelmed,2026-07-07 22:09:00
CHK_004515,USR_030,well,2026-08-05 19:23:00
CHK_004516,USR_025,well,2026-06-11 21:17:00
CHK_004517,USR_075,calm_needed,2026-06-04 06:13:00
CHK_004518,USR_036,well,2026-07-21 09:19:00
CHK_004519,USR_028,well,2026-08-01 20:10:00
CHK_004520,USR_076,well,2026-07-10 18:22:00
CHK_004521,USR_076,overwhelmed,2026-07-14 06:55:00
CHK_004522,USR_035,overwhelmed,2026-08-23 17:54:00
CHK_004523,USR_097,well,2026-08-15 18:20:00
CHK_004524,USR_035,calm_needed,2026-06-23 10:28:00
CHK_004525,USR_094,overwhelmed,2026-07-22 06:38:00
CHK_004526,USR_026,calm_needed,2026-08-10 17:53:00
CHK_004527,USR_090,well,2026-08-11 11:27:00
CHK_004528,USR_008,well,2026-07-04 11:35:00
CHK_004529,USR_017,well,2026-08-05 13:14:00
CHK_004530,USR_092,calm_needed,2026-07-29 15:06:00
CHK_004531,USR_011,well,2026-06-12 20:45:00
CHK_004532,USR_077,well,2026-08-29 19:49:00
CHK_004533,USR_092,calm_needed,2026-07-31 11:49:00
CHK_004534,USR_025,overwhelmed,2026-06-01 18:42:00
CHK_004535,USR_013,well,2026-06-16 18:51:00
CHK_004536,USR_070,overwhelmed,2026-08-22 20:59:00
CHK_004537,USR_093,calm_needed,2026-07-24 17:47:00
CHK_004538,USR_053,well,2026-08-25 19:33:00
CHK_004539,USR_025,well,2026-07-06 12:12:00
CHK_004540,USR_084,well,2026-07-01 07:52:00
CHK_004541,USR_029,calm_needed,2026-07-01 11:55:00
CHK_004542,USR_014,overwhelmed,2026-06-14 19:49:00
CHK_004543,USR_086,calm_needed,2026-08-02 10:08:00
CHK_004544,USR_048,well,2026-06-11 19:41:00
CHK_004545,USR_075,well,2026-06-08 10:51:00
CHK_004546,USR_064,well,2026-06-27 10:47:00
CHK_004547,USR_042,overwhelmed,2026-07-18 22:43:00
CHK_004548,USR_036,well,2026-06-28 06:51:00
CHK_004549,USR_089,overwhelmed,2026-06-11 09:14:00
CHK_004550,USR_035,calm_needed,2026-06-15 22:22:00
CHK_004551,USR_028,well,2026-07-29 20:28:00
CHK_004552,USR_025,overwhelmed,2026-07-01 14:21:00
CHK_004553,USR_024,overwhelmed,2026-08-14 12:07:00
CHK_004554,USR_002,overwhelmed,2026-06-19 14:48:00
CHK_004555,USR_075,well,2026-06-10 19:06:00
CHK_004556,USR_019,overwhelmed,2026-07-18 10:10:00
CHK_004557,USR_048,calm_needed,2026-06-08 12:42:00
CHK_004558,USR_042,calm_needed,2026-07-16 07:19:00
CHK_004559,USR_079,well,2026-06-21 20:04:00
CHK_004560,USR_070,calm_needed,2026-06-05 19:09:00
CHK_004561,USR_068,well,2026-07-07 12:09:00
CHK_004562,USR_035,overwhelmed,2026-07-06 08:46:00
CHK_004563,USR_008,overwhelmed,2026-07-17 11:54:00
CHK_004564,USR_002,overwhelmed,2026-07-09 08:38:00
CHK_004565,USR_074,well,2026-07-02 13:28:00
CHK_004566,USR_082,well,2026-06-28 10:40:00
CHK_004567,USR_090,well,2026-06-18 18:42:00
CHK_004568,USR_039,well,2026-06-06 21:24:00
CHK_004569,USR_017,calm_needed,2026-08-22 06:03:00
CHK_004570,USR_063,well,2026-08-19 07:48:00
CHK_004571,USR_036,well,2026-08-09 12:54:00
CHK_004572,USR_013,overwhelmed,2026-07-16 21:42:00
CHK_004573,USR_024,calm_needed,2026-08-27 12:29:00
CHK_004574,USR_099,calm_needed,2026-06-15 17:52:00
CHK_004575,USR_063,well,2026-08-12 12:29:00
CHK_004576,USR_050,calm_needed,2026-07-28 20:14:00
CHK_004577,USR_003,overwhelmed,2026-06-09 08:29:00
CHK_004578,USR_056,well,2026-08-27 12:35:00
CHK_004579,USR_039,well,2026-08-29 10:47:00
CHK_004580,USR_096,well,2026-08-25 20:18:00
CHK_004581,USR_044,well,2026-07-26 11:36:00
CHK_004582,USR_045,calm_needed,2026-07-04 16:35:00
CHK_004583,USR_063,well,2026-08-11 06:56:00
CHK_004584,USR_081,calm_needed,2026-06-27 20:28:00
CHK_004585,USR_039,calm_needed,2026-06-15 20:26:00
CHK_004586,USR_014,calm_needed,2026-07-25 22:10:00
CHK_004587,USR_028,well,2026-08-17 10:07:00
CHK_004588,USR_030,overwhelmed,2026-06-07 14:53:00
CHK_004589,USR_034,well,2026-06-18 18:42:00
CHK_004590,USR_002,calm_needed,2026-06-14 22:58:00
CHK_004591,USR_079,calm_needed,2026-06-24 10:41:00
CHK_004592,USR_018,well,2026-07-02 11:09:00
CHK_004593,USR_042,calm_needed,2026-06-29 07:06:00
CHK_004594,USR_002,well,2026-07-01 14:44:00
CHK_004595,USR_008,overwhelmed,2026-08-12 14:39:00
CHK_004596,USR_091,calm_needed,2026-08-10 22:38:00
CHK_004597,USR_040,overwhelmed,2026-06-01 21:16:00
CHK_004598,USR_001,overwhelmed,2026-08-11 21:55:00
CHK_004599,USR_020,overwhelmed,2026-06-15 07:55:00
CHK_004600,USR_070,calm_needed,2026-08-03 10:26:00
CHK_004601,USR_085,calm_needed,2026-08-20 06:49:00
CHK_004602,USR_075,well,2026-07-07 07:54:00
CHK_004603,USR_061,well,2026-06-09 09:01:00
CHK_004604,USR_029,calm_needed,2026-07-02 17:44:00
CHK_004605,USR_024,overwhelmed,2026-08-06 09:48:00
CHK_004606,USR_074,overwhelmed,2026-07-20 14:36:00
CHK_004607,USR_014,calm_needed,2026-07-08 19:14:00
CHK_004608,USR_056,well,2026-08-04 17:53:00
CHK_004609,USR_053,calm_needed,2026-07-20 22:18:00
CHK_004610,USR_091,calm_needed,2026-06-08 12:41:00
CHK_004611,USR_060,well,2026-07-01 17:56:00
CHK_004612,USR_040,overwhelmed,2026-06-07 18:52:00
CHK_004613,USR_079,well,2026-06-17 13:02:00
CHK_004614,USR_088,well,2026-06-04 19:10:00
CHK_004615,USR_014,well,2026-08-07 07:33:00
CHK_004616,USR_091,well,2026-06-20 22:11:00
CHK_004617,USR_013,well,2026-07-30 19:47:00
CHK_004618,USR_001,well,2026-07-24 12:41:00
CHK_004619,USR_049,well,2026-07-11 18:32:00
CHK_004620,USR_048,well,2026-06-28 15:56:00
CHK_004621,USR_003,overwhelmed,2026-08-29 21:59:00
CHK_004622,USR_017,well,2026-07-10 19:35:00
CHK_004623,USR_093,well,2026-07-10 16:27:00
CHK_004624,USR_042,overwhelmed,2026-08-04 08:09:00
CHK_004625,USR_026,calm_needed,2026-07-03 14:52:00
CHK_004626,USR_007,overwhelmed,2026-06-26 21:39:00
CHK_004627,USR_074,well,2026-07-25 09:41:00
CHK_004628,USR_089,overwhelmed,2026-08-16 18:08:00
CHK_004629,USR_096,well,2026-08-02 16:27:00
CHK_004630,USR_035,well,2026-08-28 13:33:00
CHK_004631,USR_032,well,2026-08-14 20:24:00
CHK_004632,USR_068,overwhelmed,2026-07-04 10:51:00
CHK_004633,USR_013,calm_needed,2026-06-08 21:17:00
CHK_004634,USR_082,well,2026-06-08 07:23:00
CHK_004635,USR_054,well,2026-06-29 08:06:00
CHK_004636,USR_047,well,2026-06-12 20:37:00
CHK_004637,USR_001,overwhelmed,2026-07-16 12:41:00
CHK_004638,USR_056,well,2026-07-01 06:51:00
CHK_004639,USR_023,calm_needed,2026-08-28 21:21:00
CHK_004640,USR_002,overwhelmed,2026-06-04 08:40:00
CHK_004641,USR_045,overwhelmed,2026-07-14 20:51:00
CHK_004642,USR_063,overwhelmed,2026-07-17 16:48:00
CHK_004643,USR_095,well,2026-07-14 21:34:00
CHK_004644,USR_008,well,2026-07-09 10:50:00
CHK_004645,USR_048,well,2026-08-01 08:18:00
CHK_004646,USR_100,calm_needed,2026-06-23 15:17:00
CHK_004647,USR_076,calm_needed,2026-06-10 08:06:00
CHK_004648,USR_048,well,2026-06-08 11:12:00
CHK_004649,USR_068,well,2026-07-21 16:35:00
CHK_004650,USR_037,calm_needed,2026-07-04 12:25:00
CHK_004651,USR_051,well,2026-07-21 07:46:00
CHK_004652,USR_075,calm_needed,2026-07-12 10:17:00
CHK_004653,USR_086,overwhelmed,2026-08-23 11:19:00
CHK_004654,USR_029,well,2026-07-02 15:17:00
CHK_004655,USR_024,well,2026-08-27 11:45:00
CHK_004656,USR_009,well,2026-07-01 21:19:00
CHK_004657,USR_036,calm_needed,2026-08-15 07:07:00
CHK_004658,USR_057,calm_needed,2026-08-02 14:12:00
CHK_004659,USR_060,overwhelmed,2026-07-07 07:06:00
CHK_004660,USR_021,overwhelmed,2026-07-01 17:44:00
CHK_004661,USR_053,calm_needed,2026-06-21 06:12:00
CHK_004662,USR_051,well,2026-08-18 08:55:00
CHK_004663,USR_060,well,2026-06-06 13:16:00
CHK_004664,USR_092,overwhelmed,2026-06-05 15:59:00
CHK_004665,USR_078,well,2026-07-26 11:55:00
CHK_004666,USR_053,well,2026-06-28 20:42:00
CHK_004667,USR_070,well,2026-06-16 12:37:00
CHK_004668,USR_092,well,2026-06-27 17:52:00
CHK_004669,USR_039,calm_needed,2026-07-03 07:13:00
CHK_004670,USR_054,well,2026-08-26 22:42:00
CHK_004671,USR_085,well,2026-07-19 16:13:00
CHK_004672,USR_043,overwhelmed,2026-08-10 17:53:00
CHK_004673,USR_048,calm_needed,2026-06-10 13:47:00
CHK_004674,USR_039,overwhelmed,2026-06-29 10:31:00
CHK_004675,USR_065,overwhelmed,2026-06-08 22:11:00
CHK_004676,USR_001,overwhelmed,2026-07-04 11:17:00
CHK_004677,USR_013,well,2026-06-15 11:39:00
CHK_004678,USR_071,calm_needed,2026-08-05 21:51:00
CHK_004679,USR_086,calm_needed,2026-06-01 12:15:00
CHK_004680,USR_010,overwhelmed,2026-08-21 08:30:00
CHK_004681,USR_097,calm_needed,2026-06-04 22:53:00
CHK_004682,USR_094,overwhelmed,2026-06-30 20:56:00
CHK_004683,USR_071,well,2026-08-02 19:55:00
CHK_004684,USR_036,well,2026-07-08 10:35:00
CHK_004685,USR_042,overwhelmed,2026-06-23 19:31:00
CHK_004686,USR_053,calm_needed,2026-08-15 09:30:00
CHK_004687,USR_076,overwhelmed,2026-07-06 12:22:00
CHK_004688,USR_051,well,2026-06-21 11:15:00
CHK_004689,USR_029,well,2026-08-23 15:40:00
CHK_004690,USR_026,well,2026-08-27 17:38:00
CHK_004691,USR_051,overwhelmed,2026-08-03 14:21:00
CHK_004692,USR_033,overwhelmed,2026-07-07 22:27:00
CHK_004693,USR_026,well,2026-07-31 18:46:00
CHK_004694,USR_054,overwhelmed,2026-07-01 13:07:00
CHK_004695,USR_090,calm_needed,2026-06-25 06:44:00
CHK_004696,USR_016,well,2026-07-16 10:56:00
CHK_004697,USR_023,well,2026-06-12 08:20:00
CHK_004698,USR_036,well,2026-06-21 20:10:00
CHK_004699,USR_047,calm_needed,2026-07-01 07:38:00
CHK_004700,USR_035,well,2026-06-26 19:28:00
CHK_004701,USR_087,well,2026-06-02 20:10:00
CHK_004702,USR_064,overwhelmed,2026-07-19 14:31:00
CHK_004703,USR_021,well,2026-06-17 22:15:00
CHK_004704,USR_090,well,2026-07-09 17:32:00
CHK_004705,USR_052,well,2026-07-18 08:34:00
CHK_004706,USR_064,calm_needed,2026-07-07 19:20:00
CHK_004707,USR_008,well,2026-08-01 22:42:00
CHK_004708,USR_056,well,2026-08-05 14:53:00
CHK_004709,USR_003,well,2026-08-08 18:30:00
CHK_004710,USR_070,well,2026-06-23 08:53:00
CHK_004711,USR_039,calm_needed,2026-06-30 06:07:00
CHK_004712,USR_053,calm_needed,2026-07-08 19:10:00
CHK_004713,USR_019,calm_needed,2026-08-07 18:06:00
CHK_004714,USR_029,well,2026-08-02 16:36:00
CHK_004715,USR_004,overwhelmed,2026-06-07 12:55:00
CHK_004716,USR_037,calm_needed,2026-07-15 06:36:00
CHK_004717,USR_072,calm_needed,2026-06-29 22:45:00
CHK_004718,USR_037,well,2026-07-20 20:54:00
CHK_004719,USR_021,overwhelmed,2026-08-20 14:10:00
CHK_004720,USR_063,overwhelmed,2026-06-12 15:41:00
CHK_004721,USR_093,calm_needed,2026-06-07 19:12:00
CHK_004722,USR_077,well,2026-06-08 06:04:00
CHK_004723,USR_086,well,2026-06-10 20:38:00
CHK_004724,USR_037,well,2026-06-06 16:16:00
CHK_004725,USR_001,calm_needed,2026-07-06 11:49:00
CHK_004726,USR_074,well,2026-06-03 07:17:00
CHK_004727,USR_093,overwhelmed,2026-08-18 22:17:00
CHK_004728,USR_060,overwhelmed,2026-06-13 19:58:00
CHK_004729,USR_010,well,2026-06-25 17:56:00
CHK_004730,USR_012,well,2026-08-01 08:53:00
CHK_004731,USR_014,well,2026-08-10 14:35:00
CHK_004732,USR_047,calm_needed,2026-07-25 21:11:00
CHK_004733,USR_079,well,2026-08-06 13:26:00
CHK_004734,USR_028,well,2026-07-21 22:12:00
CHK_004735,USR_023,well,2026-06-11 07:03:00
CHK_004736,USR_065,calm_needed,2026-08-28 16:22:00
CHK_004737,USR_044,calm_needed,2026-06-04 21:46:00
CHK_004738,USR_092,well,2026-06-05 20:22:00
CHK_004739,USR_075,calm_needed,2026-06-26 11:58:00
CHK_004740,USR_071,overwhelmed,2026-07-16 11:41:00
CHK_004741,USR_031,well,2026-08-09 08:11:00
CHK_004742,USR_012,well,2026-07-22 18:03:00
CHK_004743,USR_077,calm_needed,2026-08-05 21:06:00
CHK_004744,USR_063,overwhelmed,2026-06-17 06:48:00
CHK_004745,USR_089,well,2026-06-11 18:30:00
CHK_004746,USR_020,well,2026-07-01 11:19:00
CHK_004747,USR_009,well,2026-06-26 12:36:00
CHK_004748,USR_092,calm_needed,2026-08-06 12:07:00
CHK_004749,USR_077,well,2026-07-06 21:25:00
CHK_004750,USR_010,well,2026-08-15 22:57:00
CHK_004751,USR_076,calm_needed,2026-08-18 07:28:00
CHK_004752,USR_046,well,2026-07-29 11:55:00
CHK_004753,USR_071,calm_needed,2026-06-13 22:50:00
CHK_004754,USR_006,well,2026-08-20 08:26:00
CHK_004755,USR_048,calm_needed,2026-08-23 07:03:00
CHK_004756,USR_023,well,2026-06-22 22:05:00
CHK_004757,USR_074,overwhelmed,2026-07-31 06:09:00
CHK_004758,USR_042,overwhelmed,2026-08-06 14:22:00
CHK_004759,USR_096,calm_needed,2026-07-04 06:34:00
CHK_004760,USR_071,overwhelmed,2026-08-21 19:16:00
CHK_004761,USR_054,well,2026-08-01 14:07:00
CHK_004762,USR_025,well,2026-07-10 12:21:00
CHK_004763,USR_075,overwhelmed,2026-07-11 14:18:00
CHK_004764,USR_074,well,2026-08-01 21:29:00
CHK_004765,USR_007,overwhelmed,2026-08-04 18:53:00
CHK_004766,USR_031,well,2026-07-03 20:49:00
CHK_004767,USR_028,overwhelmed,2026-07-11 16:03:00
CHK_004768,USR_076,overwhelmed,2026-08-15 22:19:00
CHK_004769,USR_090,overwhelmed,2026-08-12 10:51:00
CHK_004770,USR_020,well,2026-06-16 21:17:00
CHK_004771,USR_012,overwhelmed,2026-08-17 21:36:00
CHK_004772,USR_060,well,2026-07-30 16:10:00
CHK_004773,USR_051,well,2026-06-19 10:02:00
CHK_004774,USR_017,overwhelmed,2026-08-11 09:28:00
CHK_004775,USR_031,well,2026-08-10 11:14:00
CHK_004776,USR_021,well,2026-06-29 21:28:00
CHK_004777,USR_053,calm_needed,2026-06-04 17:41:00
CHK_004778,USR_008,overwhelmed,2026-06-06 19:54:00
CHK_004779,USR_012,well,2026-06-19 06:12:00
CHK_004780,USR_079,overwhelmed,2026-08-26 14:37:00
CHK_004781,USR_089,calm_needed,2026-07-27 09:24:00
CHK_004782,USR_098,well,2026-06-11 10:07:00
CHK_004783,USR_072,well,2026-06-15 08:38:00
CHK_004784,USR_037,calm_needed,2026-08-23 14:46:00
CHK_004785,USR_013,well,2026-06-05 20:35:00
CHK_004786,USR_071,calm_needed,2026-07-19 13:59:00
CHK_004787,USR_085,well,2026-08-12 15:36:00
CHK_004788,USR_008,calm_needed,2026-07-27 09:52:00
CHK_004789,USR_063,calm_needed,2026-08-08 13:16:00
CHK_004790,USR_068,overwhelmed,2026-07-05 19:47:00
CHK_004791,USR_023,well,2026-07-03 07:44:00
CHK_004792,USR_005,well,2026-08-24 19:10:00
CHK_004793,USR_020,overwhelmed,2026-06-11 15:47:00
CHK_004794,USR_094,well,2026-07-21 18:46:00
CHK_004795,USR_054,well,2026-06-02 18:01:00
CHK_004796,USR_022,well,2026-06-10 20:28:00
CHK_004797,USR_014,overwhelmed,2026-06-18 16:38:00
CHK_004798,USR_003,well,2026-08-11 13:42:00
CHK_004799,USR_047,calm_needed,2026-06-05 12:19:00
CHK_004800,USR_052,well,2026-08-29 08:40:00
CHK_004801,USR_014,well,2026-08-24 18:36:00
CHK_004802,USR_063,well,2026-07-17 10:23:00
CHK_004803,USR_087,calm_needed,2026-07-20 15:32:00
CHK_004804,USR_091,well,2026-06-19 21:50:00
CHK_004805,USR_014,overwhelmed,2026-06-25 22:14:00
CHK_004806,USR_063,well,2026-06-23 16:58:00
CHK_004807,USR_034,overwhelmed,2026-06-07 15:43:00
CHK_004808,USR_031,overwhelmed,2026-06-23 11:57:00
CHK_004809,USR_012,overwhelmed,2026-06-08 10:02:00
CHK_004810,USR_083,well,2026-07-06 17:23:00
CHK_004811,USR_008,well,2026-08-22 14:11:00
CHK_004812,USR_025,well,2026-08-20 15:29:00
CHK_004813,USR_002,well,2026-06-11 18:03:00
CHK_004814,USR_031,overwhelmed,2026-07-28 15:21:00
CHK_004815,USR_044,well,2026-08-24 12:07:00
CHK_004816,USR_012,calm_needed,2026-06-21 13:56:00
CHK_004817,USR_041,well,2026-07-01 09:24:00
CHK_004818,USR_064,well,2026-07-08 17:36:00
CHK_004819,USR_063,calm_needed,2026-06-18 11:08:00
CHK_004820,USR_065,well,2026-06-02 19:56:00
CHK_004821,USR_009,calm_needed,2026-06-23 09:06:00
CHK_004822,USR_062,well,2026-08-01 15:35:00
CHK_004823,USR_028,well,2026-08-22 08:14:00
CHK_004824,USR_030,calm_needed,2026-07-19 06:26:00
CHK_004825,USR_090,calm_needed,2026-07-11 19:51:00
CHK_004826,USR_077,well,2026-08-26 16:55:00
CHK_004827,USR_024,overwhelmed,2026-08-28 10:21:00
CHK_004828,USR_055,well,2026-06-12 19:30:00
CHK_004829,USR_054,overwhelmed,2026-08-23 13:43:00
CHK_004830,USR_074,calm_needed,2026-08-02 12:16:00
CHK_004831,USR_035,well,2026-07-30 08:50:00
CHK_004832,USR_089,overwhelmed,2026-08-02 06:10:00
CHK_004833,USR_045,well,2026-08-19 11:43:00
CHK_004834,USR_031,well,2026-07-02 09:08:00
CHK_004835,USR_035,well,2026-07-01 07:44:00
CHK_004836,USR_001,well,2026-08-24 08:26:00
CHK_004837,USR_058,well,2026-06-30 11:40:00
CHK_004838,USR_088,well,2026-08-26 20:00:00
CHK_004839,USR_001,overwhelmed,2026-08-03 11:16:00
CHK_004840,USR_093,calm_needed,2026-08-12 10:54:00
CHK_004841,USR_046,calm_needed,2026-08-07 13:26:00
CHK_004842,USR_079,calm_needed,2026-06-20 16:38:00
CHK_004843,USR_029,well,2026-07-06 11:34:00
CHK_004844,USR_070,well,2026-08-03 09:05:00
CHK_004845,USR_083,well,2026-07-04 17:43:00
CHK_004846,USR_010,calm_needed,2026-07-12 15:38:00
CHK_004847,USR_060,well,2026-06-03 09:07:00
CHK_004848,USR_024,well,2026-06-16 20:11:00
CHK_004849,USR_077,well,2026-06-12 10:41:00
CHK_004850,USR_095,well,2026-06-10 18:15:00
CHK_004851,USR_068,overwhelmed,2026-06-23 19:44:00
CHK_004852,USR_038,overwhelmed,2026-06-19 16:39:00
CHK_004853,USR_095,calm_needed,2026-06-18 17:13:00
CHK_004854,USR_062,well,2026-06-12 13:26:00
CHK_004855,USR_054,calm_needed,2026-08-19 17:30:00
CHK_004856,USR_044,overwhelmed,2026-08-11 11:02:00
CHK_004857,USR_063,well,2026-07-28 09:43:00
CHK_004858,USR_064,well,2026-06-23 18:18:00
CHK_004859,USR_031,overwhelmed,2026-06-18 09:23:00
CHK_004860,USR_010,calm_needed,2026-07-06 16:17:00
CHK_004861,USR_087,well,2026-08-07 08:14:00
CHK_004862,USR_092,well,2026-08-12 15:52:00
CHK_004863,USR_056,overwhelmed,2026-06-14 15:47:00
CHK_004864,USR_033,well,2026-08-21 13:58:00
CHK_004865,USR_089,well,2026-08-01 10:48:00
CHK_004866,USR_086,overwhelmed,2026-07-03 09:01:00
CHK_004867,USR_061,well,2026-06-11 08:38:00
CHK_004868,USR_036,calm_needed,2026-08-08 07:59:00
CHK_004869,USR_052,overwhelmed,2026-08-07 21:43:00
CHK_004870,USR_079,calm_needed,2026-08-24 21:15:00
CHK_004871,USR_085,calm_needed,2026-07-16 16:08:00
CHK_004872,USR_044,well,2026-08-20 14:05:00
CHK_004873,USR_047,well,2026-06-12 06:31:00
CHK_004874,USR_096,overwhelmed,2026-07-18 21:49:00
CHK_004875,USR_019,well,2026-07-24 17:40:00
CHK_004876,USR_054,overwhelmed,2026-06-13 21:59:00
CHK_004877,USR_063,well,2026-06-02 16:18:00
CHK_004878,USR_077,well,2026-07-17 12:14:00
CHK_004879,USR_070,well,2026-07-25 13:29:00
CHK_004880,USR_013,well,2026-06-27 09:59:00
CHK_004881,USR_069,well,2026-08-18 17:23:00
CHK_004882,USR_076,well,2026-08-14 06:16:00
CHK_004883,USR_061,calm_needed,2026-07-13 16:14:00
CHK_004884,USR_057,well,2026-06-07 17:01:00
CHK_004885,USR_026,well,2026-06-12 19:09:00
CHK_004886,USR_013,overwhelmed,2026-07-28 15:18:00
CHK_004887,USR_060,overwhelmed,2026-07-29 17:40:00
CHK_004888,USR_013,well,2026-06-04 06:47:00
CHK_004889,USR_002,well,2026-06-12 14:35:00
CHK_004890,USR_048,well,2026-06-14 08:49:00
CHK_004891,USR_053,well,2026-07-29 15:24:00
CHK_004892,USR_087,calm_needed,2026-06-09 12:06:00
CHK_004893,USR_052,well,2026-08-28 10:47:00
CHK_004894,USR_044,calm_needed,2026-06-15 21:03:00
CHK_004895,USR_017,overwhelmed,2026-06-21 21:25:00
CHK_004896,USR_043,well,2026-07-05 21:52:00
CHK_004897,USR_085,well,2026-08-17 10:36:00
CHK_004898,USR_093,well,2026-07-21 07:31:00
CHK_004899,USR_012,well,2026-06-13 09:36:00
CHK_004900,USR_063,well,2026-08-02 15:24:00
CHK_004901,USR_081,well,2026-08-16 22:39:00
CHK_004902,USR_092,calm_needed,2026-08-15 14:14:00
CHK_004903,USR_071,overwhelmed,2026-08-14 14:34:00
CHK_004904,USR_031,well,2026-07-30 17:08:00
CHK_004905,USR_088,well,2026-08-16 14:23:00
CHK_004906,USR_085,overwhelmed,2026-07-09 20:53:00
CHK_004907,USR_054,well,2026-07-16 07:08:00
CHK_004908,USR_002,well,2026-07-31 20:49:00
CHK_004909,USR_017,well,2026-06-28 21:25:00
CHK_004910,USR_019,overwhelmed,2026-08-08 12:22:00
CHK_004911,USR_054,overwhelmed,2026-08-07 21:58:00
CHK_004912,USR_018,well,2026-08-14 12:31:00
CHK_004913,USR_039,well,2026-08-20 15:04:00
CHK_004914,USR_029,calm_needed,2026-06-04 17:57:00
CHK_004915,USR_068,overwhelmed,2026-07-29 09:44:00
CHK_004916,USR_017,calm_needed,2026-08-11 11:35:00
CHK_004917,USR_071,overwhelmed,2026-07-16 09:12:00
CHK_004918,USR_097,overwhelmed,2026-08-06 12:00:00
CHK_004919,USR_009,overwhelmed,2026-08-25 19:12:00
CHK_004920,USR_048,well,2026-07-05 18:12:00
CHK_004921,USR_054,well,2026-06-29 13:07:00
CHK_004922,USR_052,overwhelmed,2026-06-23 09:41:00
CHK_004923,USR_100,well,2026-06-30 15:38:00
CHK_004924,USR_063,calm_needed,2026-06-22 07:28:00
CHK_004925,USR_053,well,2026-08-16 12:09:00
CHK_004926,USR_093,well,2026-08-25 21:19:00
CHK_004927,USR_054,well,2026-07-01 12:49:00
CHK_004928,USR_088,calm_needed,2026-08-27 13:14:00
CHK_004929,USR_091,well,2026-06-25 19:28:00
CHK_004930,USR_086,well,2026-08-16 22:50:00
CHK_004931,USR_092,overwhelmed,2026-07-10 09:30:00
CHK_004932,USR_092,well,2026-07-22 09:56:00
CHK_004933,USR_088,well,2026-08-29 15:55:00
CHK_004934,USR_012,overwhelmed,2026-07-07 06:31:00
CHK_004935,USR_013,well,2026-06-26 19:11:00
CHK_004936,USR_086,well,2026-08-11 22:48:00
CHK_004937,USR_012,well,2026-07-06 13:09:00
CHK_004938,USR_017,overwhelmed,2026-07-16 10:40:00
CHK_004939,USR_002,well,2026-07-13 17:34:00
CHK_004940,USR_088,overwhelmed,2026-07-09 09:04:00
CHK_004941,USR_035,calm_needed,2026-06-16 09:37:00
CHK_004942,USR_039,well,2026-07-01 10:33:00
CHK_004943,USR_013,well,2026-06-15 11:12:00
CHK_004944,USR_052,well,2026-07-06 22:17:00
CHK_004945,USR_082,well,2026-06-06 22:03:00
CHK_004946,USR_040,overwhelmed,2026-06-08 07:36:00
CHK_004947,USR_009,well,2026-07-23 08:47:00
CHK_004948,USR_002,well,2026-06-01 20:09:00
CHK_004949,USR_096,well,2026-08-12 22:41:00
CHK_004950,USR_098,overwhelmed,2026-07-07 07:46:00
CHK_004951,USR_087,overwhelmed,2026-06-30 07:08:00
CHK_004952,USR_021,calm_needed,2026-08-24 11:49:00
CHK_004953,USR_094,well,2026-06-12 14:30:00
CHK_004954,USR_077,overwhelmed,2026-06-04 20:51:00
CHK_004955,USR_003,well,2026-08-16 18:41:00
CHK_004956,USR_054,calm_needed,2026-07-27 13:32:00
CHK_004957,USR_036,overwhelmed,2026-07-26 17:19:00
CHK_004958,USR_070,well,2026-08-07 20:16:00
CHK_004959,USR_080,overwhelmed,2026-07-19 20:36:00
CHK_004960,USR_008,well,2026-08-24 07:18:00
CHK_004961,USR_093,well,2026-07-07 18:47:00
CHK_004962,USR_025,well,2026-06-14 06:51:00
CHK_004963,USR_095,calm_needed,2026-06-04 14:55:00
CHK_004964,USR_044,well,2026-06-12 09:06:00
CHK_004965,USR_026,calm_needed,2026-07-14 17:37:00
CHK_004966,USR_089,well,2026-06-16 19:06:00
CHK_004967,USR_056,calm_needed,2026-06-16 14:57:00
CHK_004968,USR_064,well,2026-08-10 17:02:00
CHK_004969,USR_049,well,2026-07-25 18:59:00
CHK_004970,USR_076,overwhelmed,2026-07-02 13:48:00
CHK_004971,USR_056,well,2026-06-18 10:05:00
CHK_004972,USR_050,calm_needed,2026-06-29 09:06:00
CHK_004973,USR_089,well,2026-08-10 06:14:00
CHK_004974,USR_070,overwhelmed,2026-07-10 10:13:00
CHK_004975,USR_074,calm_needed,2026-07-24 21:45:00
CHK_004976,USR_016,overwhelmed,2026-06-23 10:34:00
CHK_004977,USR_098,overwhelmed,2026-07-24 08:05:00
CHK_004978,USR_029,well,2026-08-21 11:55:00
CHK_004979,USR_031,well,2026-08-04 15:40:00
CHK_004980,USR_009,overwhelmed,2026-07-26 17:01:00
CHK_004981,USR_094,calm_needed,2026-07-03 17:38:00
CHK_004982,USR_014,calm_needed,2026-06-26 20:30:00
CHK_004983,USR_096,well,2026-07-16 15:06:00
CHK_004984,USR_065,well,2026-08-15 14:34:00
CHK_004985,USR_092,overwhelmed,2026-08-09 13:50:00
CHK_004986,USR_074,calm_needed,2026-06-05 10:40:00
CHK_004987,USR_013,well,2026-06-09 19:37:00
CHK_004988,USR_075,overwhelmed,2026-07-04 10:48:00
CHK_004989,USR_068,well,2026-08-26 15:16:00
CHK_004990,USR_062,overwhelmed,2026-08-18 09:38:00
CHK_004991,USR_052,well,2026-07-28 10:36:00
CHK_004992,USR_091,overwhelmed,2026-06-08 12:39:00
CHK_004993,USR_092,overwhelmed,2026-08-21 14:01:00
CHK_004994,USR_016,overwhelmed,2026-07-30 11:34:00
CHK_004995,USR_071,overwhelmed,2026-08-03 11:59:00
CHK_004996,USR_054,calm_needed,2026-06-23 17:56:00
CHK_004997,USR_044,well,2026-06-21 12:42:00
CHK_004998,USR_028,overwhelmed,2026-06-21 09:04:00
CHK_004999,USR_078,well,2026-06-15 07:55:00
CHK_005000,USR_098,overwhelmed,2026-07-02 13:40:00
