task_id,user_id,title,status,priority,estimated_minutes,due_date,created_at,completed_at,daily_checkin_state
TSK_000001,USR_065,Synthetic Task 0001,pending,medium,15,,2026-07-10 09:43:00,,
TSK_000002,USR_055,Synthetic Task 0002,completed,medium,30,2026-09-11 00:00:00,2026-08-28 12:21:00,2026-09-01 20:01:00,
TSK_000003,USR_066,Synthetic Task 0003,completed,high,45,2026-08-06 00:00:00,2026-07-31 18:07:00,2026-08-07 14:29:00,
TSK_000004,USR_081,Synthetic Task 0004,pending,low,60,2026-06-25 00:00:00,2026-06-13 10:19:00,,
TSK_000005,USR_017,Synthetic Task 0005,completed,medium,15,,2026-07-10 17:24:00,2026-07-11 19:07:00,well
TSK_000006,USR_085,Synthetic Task 0006,completed,medium,15,,2026-08-07 12:57:00,2026-08-13 20:54:00,well
TSK_000007,USR_077,Synthetic Task 0007,pending,high,90,2026-06-17 00:00:00,2026-06-09 12:26:00,,
TSK_000008,USR_011,Synthetic Task 0008,pending,low,90,2026-07-17 00:00:00,2026-07-05 19:07:00,,
TSK_000009,USR_050,Synthetic Task 0009,completed,medium,90,2026-07-04 00:00:00,2026-06-24 11:13:00,2026-06-26 10:00:00,
TSK_000010,USR_067,Synthetic Task 0010,completed,medium,45,,2026-07-30 08:03:00,2026-07-31 16:49:00,
TSK_000011,USR_002,Synthetic Task 0011,completed,high,45,2026-09-06 00:00:00,2026-08-29 09:41:00,2026-09-05 20:35:00,
TSK_000012,USR_090,Synthetic Task 0012,completed,low,45,2026-06-13 00:00:00,2026-06-05 21:45:00,2026-06-11 16:48:00,
TSK_000013,USR_004,Synthetic Task 0013,completed,high,30,2026-08-06 00:00:00,2026-07-23 10:19:00,2026-07-24 12:06:00,
TSK_000014,USR_054,Synthetic Task 0014,completed,high,60,2026-07-13 00:00:00,2026-07-01 07:49:00,2026-07-04 18:36:00,overwhelmed
TSK_000015,USR_066,Synthetic Task 0015,completed,low,30,,2026-08-25 17:19:00,2026-08-28 16:06:00,well
TSK_000016,USR_099,Synthetic Task 0016,completed,medium,45,2026-08-05 00:00:00,2026-08-04 09:02:00,2026-08-09 07:28:00,
TSK_000017,USR_004,Synthetic Task 0017,completed,high,30,2026-08-29 00:00:00,2026-08-27 17:05:00,2026-08-27 19:16:00,
TSK_000018,USR_017,Synthetic Task 0018,pending,medium,60,2026-07-14 00:00:00,2026-07-04 20:18:00,,
TSK_000019,USR_025,Synthetic Task 0019,completed,medium,60,2026-08-13 00:00:00,2026-08-10 11:47:00,2026-08-16 13:28:00,
TSK_000020,USR_019,Synthetic Task 0020,pending,low,30,2026-08-16 00:00:00,2026-08-05 08:55:00,,overwhelmed
TSK_000021,USR_055,Synthetic Task 0021,completed,low,45,2026-06-28 00:00:00,2026-06-15 21:20:00,2026-06-21 16:48:00,
TSK_000022,USR_100,Synthetic Task 0022,pending,medium,90,2026-06-13 00:00:00,2026-06-09 08:01:00,,
TSK_000023,USR_064,Synthetic Task 0023,pending,medium,15,2026-07-26 00:00:00,2026-07-14 19:27:00,,
TSK_000024,USR_004,Synthetic Task 0024,pending,high,15,2026-07-23 00:00:00,2026-07-22 15:51:00,,well
TSK_000025,USR_095,Synthetic Task 0025,completed,medium,120,,2026-07-18 17:07:00,2026-07-24 21:50:00,overwhelmed
TSK_000026,USR_072,Synthetic Task 0026,completed,high,60,2026-07-19 00:00:00,2026-07-17 22:55:00,2026-07-18 02:09:00,
TSK_000027,USR_071,Synthetic Task 0027,completed,high,60,2026-06-15 00:00:00,2026-06-14 21:08:00,2026-06-15 19:41:00,
TSK_000028,USR_013,Synthetic Task 0028,completed,medium,30,2026-06-07 00:00:00,2026-06-01 12:20:00,2026-06-01 14:10:00,well
TSK_000029,USR_001,Synthetic Task 0029,completed,high,15,2026-09-02 00:00:00,2026-08-26 15:27:00,2026-08-30 11:42:00,well
TSK_000030,USR_093,Synthetic Task 0030,completed,medium,30,2026-08-20 00:00:00,2026-08-07 21:17:00,2026-08-14 14:24:00,well
TSK_000031,USR_059,Synthetic Task 0031,pending,medium,30,2026-06-27 00:00:00,2026-06-23 08:45:00,,
TSK_000032,USR_041,Synthetic Task 0032,pending,medium,15,2026-06-16 00:00:00,2026-06-08 22:16:00,,
TSK_000033,USR_090,Synthetic Task 0033,completed,medium,60,2026-07-19 00:00:00,2026-07-18 09:23:00,2026-07-20 07:59:00,
TSK_000034,USR_018,Synthetic Task 0034,completed,low,30,2026-09-01 00:00:00,2026-08-19 19:10:00,2026-08-25 09:40:00,
TSK_000035,USR_039,Synthetic Task 0035,completed,medium,45,,2026-08-12 14:40:00,2026-08-18 18:11:00,
TSK_000036,USR_075,Synthetic Task 0036,completed,low,30,2026-06-27 00:00:00,2026-06-22 08:48:00,2026-06-26 14:30:00,
TSK_000037,USR_011,Synthetic Task 0037,completed,medium,30,,2026-08-24 15:39:00,2026-08-27 11:10:00,
TSK_000038,USR_057,Synthetic Task 0038,completed,high,15,,2026-07-04 15:12:00,2026-07-10 11:55:00,
TSK_000039,USR_011,Synthetic Task 0039,pending,medium,60,2026-08-10 00:00:00,2026-07-31 16:34:00,,
TSK_000040,USR_019,Synthetic Task 0040,completed,medium,60,2026-08-18 00:00:00,2026-08-16 10:13:00,2026-08-17 14:52:00,
TSK_000041,USR_077,Synthetic Task 0041,completed,low,45,2026-07-01 00:00:00,2026-06-21 11:27:00,2026-06-26 20:58:00,overwhelmed
TSK_000042,USR_075,Synthetic Task 0042,completed,low,15,2026-08-16 00:00:00,2026-08-14 19:33:00,2026-08-21 19:05:00,
TSK_000043,USR_037,Synthetic Task 0043,pending,medium,30,2026-06-21 00:00:00,2026-06-21 14:25:00,,
TSK_000044,USR_094,Synthetic Task 0044,completed,low,30,2026-06-17 00:00:00,2026-06-15 09:48:00,2026-06-20 09:43:00,
TSK_000045,USR_078,Synthetic Task 0045,completed,medium,30,2026-08-12 00:00:00,2026-08-11 12:18:00,2026-08-18 08:40:00,
TSK_000046,USR_014,Synthetic Task 0046,completed,high,15,2026-08-31 00:00:00,2026-08-19 14:48:00,2026-08-21 11:30:00,
TSK_000047,USR_068,Synthetic Task 0047,completed,medium,15,2026-08-06 00:00:00,2026-07-31 16:45:00,2026-08-04 14:05:00,
TSK_000048,USR_074,Synthetic Task 0048,pending,medium,60,2026-08-06 00:00:00,2026-08-05 16:34:00,,well
TSK_000049,USR_073,Synthetic Task 0049,completed,medium,120,2026-07-14 00:00:00,2026-07-11 20:03:00,2026-07-11 20:49:00,
TSK_000050,USR_029,Synthetic Task 0050,pending,medium,15,2026-07-05 00:00:00,2026-06-23 14:46:00,,
TSK_000051,USR_023,Synthetic Task 0051,completed,low,60,2026-06-08 00:00:00,2026-06-08 18:35:00,2026-06-09 22:59:00,calm_needed
TSK_000052,USR_095,Synthetic Task 0052,completed,low,30,2026-07-18 00:00:00,2026-07-16 19:40:00,2026-07-16 20:18:00,well
TSK_000053,USR_037,Synthetic Task 0053,completed,medium,30,2026-06-27 00:00:00,2026-06-14 13:03:00,2026-06-19 16:33:00,
TSK_000054,USR_023,Synthetic Task 0054,completed,medium,30,2026-07-30 00:00:00,2026-07-18 18:57:00,2026-07-23 09:24:00,
TSK_000055,USR_085,Synthetic Task 0055,completed,medium,15,2026-07-12 00:00:00,2026-07-03 14:27:00,2026-07-09 16:55:00,
TSK_000056,USR_090,Synthetic Task 0056,completed,medium,30,2026-09-07 00:00:00,2026-08-29 09:23:00,2026-09-02 07:14:00,
TSK_000057,USR_020,Synthetic Task 0057,completed,high,30,2026-07-19 00:00:00,2026-07-11 08:37:00,2026-07-17 14:54:00,overwhelmed
TSK_000058,USR_041,Synthetic Task 0058,pending,low,15,2026-07-15 00:00:00,2026-07-11 09:43:00,,
TSK_000059,USR_086,Synthetic Task 0059,completed,low,30,,2026-08-12 07:14:00,2026-08-12 10:13:00,
TSK_000060,USR_070,Synthetic Task 0060,completed,medium,90,2026-08-31 00:00:00,2026-08-18 12:38:00,2026-08-21 15:03:00,
TSK_000061,USR_031,Synthetic Task 0061,completed,medium,15,2026-08-18 00:00:00,2026-08-05 09:44:00,2026-08-07 18:27:00,
TSK_000062,USR_021,Synthetic Task 0062,completed,high,30,2026-06-29 00:00:00,2026-06-17 09:06:00,2026-06-23 17:02:00,well
TSK_000063,USR_030,Synthetic Task 0063,completed,medium,60,2026-08-29 00:00:00,2026-08-26 18:06:00,2026-08-28 11:16:00,
TSK_000064,USR_093,Synthetic Task 0064,completed,medium,120,,2026-06-29 11:20:00,2026-07-01 08:59:00,well
TSK_000065,USR_014,Synthetic Task 0065,completed,medium,60,2026-07-10 00:00:00,2026-07-07 09:58:00,2026-07-07 17:37:00,
TSK_000066,USR_038,Synthetic Task 0066,completed,low,30,2026-06-13 00:00:00,2026-06-01 19:40:00,2026-06-02 21:31:00,
TSK_000067,USR_087,Synthetic Task 0067,pending,medium,45,2026-07-06 00:00:00,2026-07-01 22:28:00,,well
TSK_000068,USR_020,Synthetic Task 0068,completed,medium,30,,2026-07-31 20:12:00,2026-08-05 09:27:00,
TSK_000069,USR_075,Synthetic Task 0069,pending,medium,30,2026-08-16 00:00:00,2026-08-05 20:15:00,,
TSK_000070,USR_004,Synthetic Task 0070,completed,high,30,2026-08-05 00:00:00,2026-08-01 22:27:00,2026-08-02 12:39:00,well
TSK_000071,USR_030,Synthetic Task 0071,completed,medium,90,2026-08-18 00:00:00,2026-08-04 11:53:00,2026-08-05 16:12:00,
TSK_000072,USR_025,Synthetic Task 0072,completed,low,60,2026-08-09 00:00:00,2026-08-05 09:39:00,2026-08-07 22:22:00,well
TSK_000073,USR_078,Synthetic Task 0073,pending,medium,60,2026-08-12 00:00:00,2026-08-06 07:02:00,,
TSK_000074,USR_069,Synthetic Task 0074,completed,high,30,2026-06-06 00:00:00,2026-06-02 20:16:00,2026-06-07 12:44:00,well
TSK_000075,USR_043,Synthetic Task 0075,completed,medium,60,,2026-08-15 18:49:00,2026-08-21 08:10:00,
TSK_000076,USR_096,Synthetic Task 0076,completed,medium,30,2026-08-25 00:00:00,2026-08-16 08:18:00,2026-08-17 16:12:00,
TSK_000077,USR_088,Synthetic Task 0077,pending,high,15,2026-08-20 00:00:00,2026-08-20 10:15:00,,
TSK_000078,USR_022,Synthetic Task 0078,completed,low,45,,2026-08-08 22:35:00,2026-08-15 07:40:00,
TSK_000079,USR_076,Synthetic Task 0079,pending,medium,120,2026-06-21 00:00:00,2026-06-18 12:34:00,,well
TSK_000080,USR_040,Synthetic Task 0080,completed,low,30,2026-07-28 00:00:00,2026-07-21 11:29:00,2026-07-25 15:51:00,
TSK_000081,USR_056,Synthetic Task 0081,completed,low,45,2026-08-03 00:00:00,2026-07-31 07:16:00,2026-08-04 22:58:00,
TSK_000082,USR_009,Synthetic Task 0082,pending,medium,15,2026-06-16 00:00:00,2026-06-02 09:58:00,,
TSK_000083,USR_031,Synthetic Task 0083,completed,high,15,2026-07-28 00:00:00,2026-07-22 15:56:00,2026-07-29 16:53:00,
TSK_000084,USR_076,Synthetic Task 0084,completed,low,120,2026-08-18 00:00:00,2026-08-11 11:20:00,2026-08-12 17:14:00,
TSK_000085,USR_082,Synthetic Task 0085,pending,medium,30,2026-06-11 00:00:00,2026-06-11 12:59:00,,overwhelmed
TSK_000086,USR_087,Synthetic Task 0086,pending,low,30,,2026-07-12 11:27:00,,
TSK_000087,USR_028,Synthetic Task 0087,completed,medium,15,2026-07-07 00:00:00,2026-07-07 11:32:00,2026-07-10 10:35:00,
TSK_000088,USR_028,Synthetic Task 0088,completed,high,15,,2026-07-20 09:31:00,2026-07-26 14:58:00,well
TSK_000089,USR_041,Synthetic Task 0089,completed,medium,60,2026-08-14 00:00:00,2026-08-06 22:21:00,2026-08-13 17:52:00,
TSK_000090,USR_060,Synthetic Task 0090,completed,medium,30,2026-08-31 00:00:00,2026-08-25 08:47:00,2026-08-27 13:11:00,
TSK_000091,USR_027,Synthetic Task 0091,pending,medium,15,2026-07-22 00:00:00,2026-07-12 10:28:00,,
TSK_000092,USR_073,Synthetic Task 0092,completed,medium,30,2026-07-11 00:00:00,2026-07-10 13:06:00,2026-07-15 18:48:00,well
TSK_000093,USR_095,Synthetic Task 0093,pending,low,120,2026-06-25 00:00:00,2026-06-22 20:17:00,,
TSK_000094,USR_015,Synthetic Task 0094,completed,high,120,2026-08-15 00:00:00,2026-08-02 19:59:00,2026-08-05 21:29:00,well
TSK_000095,USR_098,Synthetic Task 0095,pending,medium,90,2026-08-19 00:00:00,2026-08-05 14:43:00,,
TSK_000096,USR_040,Synthetic Task 0096,completed,medium,15,2026-06-06 00:00:00,2026-06-06 18:50:00,2026-06-10 13:20:00,overwhelmed
TSK_000097,USR_050,Synthetic Task 0097,pending,low,90,2026-08-24 00:00:00,2026-08-19 10:49:00,,
TSK_000098,USR_068,Synthetic Task 0098,completed,high,60,2026-08-07 00:00:00,2026-07-29 08:54:00,2026-07-30 13:02:00,well
TSK_000099,USR_004,Synthetic Task 0099,completed,medium,30,2026-09-04 00:00:00,2026-08-29 12:27:00,2026-09-01 20:40:00,
TSK_000100,USR_077,Synthetic Task 0100,completed,low,90,2026-07-02 00:00:00,2026-06-21 13:24:00,2026-06-25 14:23:00,overwhelmed
TSK_000101,USR_067,Synthetic Task 0101,completed,high,15,2026-09-05 00:00:00,2026-08-26 10:46:00,2026-08-27 15:23:00,
TSK_000102,USR_089,Synthetic Task 0102,completed,low,15,2026-08-05 00:00:00,2026-07-28 15:51:00,2026-08-03 14:27:00,well
TSK_000103,USR_035,Synthetic Task 0103,pending,high,60,2026-08-05 00:00:00,2026-07-31 21:41:00,,
TSK_000104,USR_069,Synthetic Task 0104,completed,medium,120,2026-06-25 00:00:00,2026-06-24 09:45:00,2026-06-27 13:32:00,
TSK_000105,USR_036,Synthetic Task 0105,completed,high,45,2026-06-28 00:00:00,2026-06-14 22:55:00,2026-06-18 19:28:00,
TSK_000106,USR_056,Synthetic Task 0106,pending,medium,30,2026-07-11 00:00:00,2026-07-07 19:37:00,,well
TSK_000107,USR_011,Synthetic Task 0107,pending,medium,45,2026-07-10 00:00:00,2026-06-27 08:21:00,,
TSK_000108,USR_007,Synthetic Task 0108,pending,low,30,2026-08-24 00:00:00,2026-08-18 20:15:00,,
TSK_000109,USR_004,Synthetic Task 0109,pending,medium,30,,2026-07-28 14:52:00,,
TSK_000110,USR_049,Synthetic Task 0110,completed,high,45,2026-08-13 00:00:00,2026-07-30 20:29:00,2026-08-03 14:08:00,
TSK_000111,USR_015,Synthetic Task 0111,completed,medium,90,2026-08-14 00:00:00,2026-08-02 22:27:00,2026-08-03 10:58:00,well
TSK_000112,USR_062,Synthetic Task 0112,completed,high,30,2026-08-20 00:00:00,2026-08-07 13:07:00,2026-08-12 15:56:00,overwhelmed
TSK_000113,USR_025,Synthetic Task 0113,completed,low,45,2026-08-24 00:00:00,2026-08-12 16:23:00,2026-08-13 14:33:00,overwhelmed
TSK_000114,USR_049,Synthetic Task 0114,pending,low,30,2026-07-20 00:00:00,2026-07-11 12:19:00,,calm_needed
TSK_000115,USR_061,Synthetic Task 0115,completed,high,15,2026-06-11 00:00:00,2026-06-04 14:02:00,2026-06-09 15:22:00,
TSK_000116,USR_011,Synthetic Task 0116,completed,high,60,,2026-07-12 19:03:00,2026-07-18 08:01:00,
TSK_000117,USR_040,Synthetic Task 0117,completed,medium,30,2026-07-23 00:00:00,2026-07-15 14:20:00,2026-07-20 13:54:00,
TSK_000118,USR_005,Synthetic Task 0118,completed,high,30,2026-08-15 00:00:00,2026-08-03 20:46:00,2026-08-08 07:40:00,
TSK_000119,USR_041,Synthetic Task 0119,completed,medium,30,2026-06-26 00:00:00,2026-06-20 09:22:00,2026-06-27 20:14:00,
TSK_000120,USR_037,Synthetic Task 0120,completed,low,30,,2026-06-05 14:43:00,2026-06-12 13:40:00,
TSK_000121,USR_019,Synthetic Task 0121,completed,medium,15,2026-08-30 00:00:00,2026-08-16 09:03:00,2026-08-23 16:36:00,
TSK_000122,USR_093,Synthetic Task 0122,completed,medium,30,2026-07-18 00:00:00,2026-07-14 12:23:00,2026-07-21 07:05:00,calm_needed
TSK_000123,USR_062,Synthetic Task 0123,completed,low,120,2026-08-30 00:00:00,2026-08-25 11:14:00,2026-08-26 16:50:00,
TSK_000124,USR_002,Synthetic Task 0124,completed,medium,120,2026-06-07 00:00:00,2026-06-03 13:19:00,2026-06-05 09:44:00,well
TSK_000125,USR_089,Synthetic Task 0125,completed,low,90,2026-08-25 00:00:00,2026-08-21 21:00:00,2026-08-25 14:11:00,
TSK_000126,USR_053,Synthetic Task 0126,completed,medium,45,2026-07-31 00:00:00,2026-07-25 13:42:00,2026-08-01 07:24:00,well
TSK_000127,USR_076,Synthetic Task 0127,completed,high,30,2026-07-15 00:00:00,2026-07-10 08:00:00,2026-07-12 08:08:00,well
TSK_000128,USR_001,Synthetic Task 0128,completed,medium,15,2026-06-05 00:00:00,2026-06-01 09:52:00,2026-06-01 10:11:00,well
TSK_000129,USR_082,Synthetic Task 0129,completed,medium,90,,2026-07-03 12:24:00,2026-07-10 15:30:00,well
TSK_000130,USR_035,Synthetic Task 0130,completed,high,45,,2026-08-14 10:24:00,2026-08-21 21:34:00,
TSK_000131,USR_022,Synthetic Task 0131,completed,high,30,2026-08-15 00:00:00,2026-08-01 07:58:00,2026-08-03 12:16:00,
TSK_000132,USR_052,Synthetic Task 0132,completed,high,60,2026-09-03 00:00:00,2026-08-24 12:49:00,2026-08-26 10:11:00,
TSK_000133,USR_037,Synthetic Task 0133,completed,high,30,2026-08-06 00:00:00,2026-08-02 19:59:00,2026-08-04 07:10:00,
TSK_000134,USR_034,Synthetic Task 0134,completed,low,30,2026-06-29 00:00:00,2026-06-26 10:34:00,2026-06-30 07:27:00,
TSK_000135,USR_027,Synthetic Task 0135,completed,medium,45,2026-08-11 00:00:00,2026-07-31 11:19:00,2026-08-02 14:24:00,
TSK_000136,USR_016,Synthetic Task 0136,completed,medium,60,2026-07-18 00:00:00,2026-07-06 08:24:00,2026-07-08 13:22:00,well
TSK_000137,USR_087,Synthetic Task 0137,completed,high,30,2026-07-04 00:00:00,2026-07-01 09:14:00,2026-07-04 14:03:00,well
TSK_000138,USR_073,Synthetic Task 0138,pending,medium,120,2026-07-10 00:00:00,2026-07-08 09:53:00,,overwhelmed
TSK_000139,USR_084,Synthetic Task 0139,pending,low,30,2026-08-28 00:00:00,2026-08-23 09:40:00,,
TSK_000140,USR_024,Synthetic Task 0140,completed,high,45,2026-07-19 00:00:00,2026-07-09 18:29:00,2026-07-12 08:38:00,calm_needed
TSK_000141,USR_004,Synthetic Task 0141,pending,medium,90,2026-08-14 00:00:00,2026-08-11 22:07:00,,well
TSK_000142,USR_034,Synthetic Task 0142,completed,medium,45,2026-08-13 00:00:00,2026-08-01 19:20:00,2026-08-02 09:18:00,calm_needed
TSK_000143,USR_006,Synthetic Task 0143,pending,medium,15,2026-08-06 00:00:00,2026-07-26 20:49:00,,
TSK_000144,USR_024,Synthetic Task 0144,pending,high,30,2026-07-11 00:00:00,2026-07-07 10:05:00,,overwhelmed
TSK_000145,USR_100,Synthetic Task 0145,completed,high,15,2026-06-28 00:00:00,2026-06-17 07:45:00,2026-06-19 17:02:00,
TSK_000146,USR_032,Synthetic Task 0146,completed,low,30,2026-07-07 00:00:00,2026-06-27 18:42:00,2026-07-03 13:16:00,well
TSK_000147,USR_003,Synthetic Task 0147,completed,high,15,,2026-06-29 21:20:00,2026-06-29 21:25:00,
TSK_000148,USR_089,Synthetic Task 0148,completed,medium,15,2026-06-30 00:00:00,2026-06-24 10:14:00,2026-06-24 14:12:00,calm_needed
TSK_000149,USR_093,Synthetic Task 0149,completed,medium,30,2026-07-21 00:00:00,2026-07-11 10:04:00,2026-07-14 16:43:00,overwhelmed
TSK_000150,USR_056,Synthetic Task 0150,completed,low,45,,2026-06-18 18:56:00,2026-06-20 07:18:00,well
TSK_000151,USR_031,Synthetic Task 0151,completed,medium,30,2026-07-05 00:00:00,2026-07-05 17:22:00,2026-07-08 17:12:00,
TSK_000152,USR_041,Synthetic Task 0152,completed,high,120,,2026-06-20 13:36:00,2026-06-25 14:34:00,
TSK_000153,USR_047,Synthetic Task 0153,pending,high,60,2026-06-29 00:00:00,2026-06-23 22:48:00,,
TSK_000154,USR_067,Synthetic Task 0154,pending,medium,90,2026-07-19 00:00:00,2026-07-09 15:59:00,,
TSK_000155,USR_015,Synthetic Task 0155,completed,medium,30,2026-08-31 00:00:00,2026-08-18 12:14:00,2026-08-19 10:57:00,
TSK_000156,USR_060,Synthetic Task 0156,completed,high,60,2026-08-20 00:00:00,2026-08-08 21:21:00,2026-08-09 01:02:00,calm_needed
TSK_000157,USR_080,Synthetic Task 0157,completed,medium,45,2026-06-24 00:00:00,2026-06-17 10:13:00,2026-06-18 07:29:00,
TSK_000158,USR_033,Synthetic Task 0158,completed,medium,45,2026-08-25 00:00:00,2026-08-16 09:05:00,2026-08-21 15:22:00,
TSK_000159,USR_082,Synthetic Task 0159,completed,medium,120,2026-08-28 00:00:00,2026-08-25 16:13:00,2026-08-28 11:34:00,
TSK_000160,USR_052,Synthetic Task 0160,completed,high,15,,2026-06-23 08:38:00,2026-06-26 13:00:00,overwhelmed
TSK_000161,USR_020,Synthetic Task 0161,completed,medium,30,2026-07-28 00:00:00,2026-07-19 15:17:00,2026-07-22 15:57:00,
TSK_000162,USR_019,Synthetic Task 0162,completed,medium,30,2026-06-15 00:00:00,2026-06-13 16:13:00,2026-06-18 21:53:00,
TSK_000163,USR_039,Synthetic Task 0163,completed,medium,30,,2026-07-02 13:13:00,2026-07-02 14:32:00,
TSK_000164,USR_065,Synthetic Task 0164,completed,medium,60,2026-07-27 00:00:00,2026-07-25 19:28:00,2026-07-28 14:31:00,calm_needed
TSK_000165,USR_095,Synthetic Task 0165,pending,low,45,2026-07-18 00:00:00,2026-07-09 10:27:00,,
TSK_000166,USR_015,Synthetic Task 0166,completed,low,45,2026-08-23 00:00:00,2026-08-22 20:30:00,2026-08-29 07:40:00,
TSK_000167,USR_021,Synthetic Task 0167,completed,high,45,2026-08-09 00:00:00,2026-07-30 21:50:00,2026-08-04 07:54:00,calm_needed
TSK_000168,USR_057,Synthetic Task 0168,completed,low,30,2026-06-12 00:00:00,2026-06-03 11:19:00,2026-06-03 20:55:00,
TSK_000169,USR_001,Synthetic Task 0169,pending,high,30,2026-06-28 00:00:00,2026-06-23 17:48:00,,
TSK_000170,USR_047,Synthetic Task 0170,completed,medium,30,2026-07-16 00:00:00,2026-07-05 20:08:00,2026-07-12 13:43:00,
TSK_000171,USR_032,Synthetic Task 0171,completed,medium,45,,2026-06-26 22:04:00,2026-06-28 16:26:00,calm_needed
TSK_000172,USR_058,Synthetic Task 0172,completed,medium,45,2026-08-15 00:00:00,2026-08-02 19:14:00,2026-08-06 10:20:00,well
TSK_000173,USR_019,Synthetic Task 0173,completed,medium,15,2026-08-10 00:00:00,2026-08-03 08:52:00,2026-08-07 16:02:00,
TSK_000174,USR_011,Synthetic Task 0174,completed,low,60,2026-08-16 00:00:00,2026-08-05 07:56:00,2026-08-12 11:21:00,
TSK_000175,USR_059,Synthetic Task 0175,completed,low,30,,2026-08-10 18:21:00,2026-08-10 20:37:00,
TSK_000176,USR_097,Synthetic Task 0176,completed,medium,30,2026-08-19 00:00:00,2026-08-08 19:05:00,2026-08-12 21:50:00,well
TSK_000177,USR_002,Synthetic Task 0177,completed,high,90,,2026-08-21 17:20:00,2026-08-28 08:24:00,well
TSK_000178,USR_019,Synthetic Task 0178,pending,medium,90,2026-08-24 00:00:00,2026-08-12 18:45:00,,
TSK_000179,USR_076,Synthetic Task 0179,completed,high,45,,2026-06-03 11:13:00,2026-06-07 16:47:00,overwhelmed
TSK_000180,USR_055,Synthetic Task 0180,pending,low,30,2026-07-06 00:00:00,2026-07-06 09:09:00,,
TSK_000181,USR_075,Synthetic Task 0181,pending,medium,45,2026-06-22 00:00:00,2026-06-13 07:30:00,,
TSK_000182,USR_048,Synthetic Task 0182,completed,high,45,2026-09-06 00:00:00,2026-08-25 15:05:00,2026-08-30 12:03:00,
TSK_000183,USR_061,Synthetic Task 0183,pending,low,60,2026-08-11 00:00:00,2026-07-28 10:03:00,,
TSK_000184,USR_043,Synthetic Task 0184,completed,high,90,2026-06-27 00:00:00,2026-06-23 20:56:00,2026-06-25 14:53:00,
TSK_000185,USR_077,Synthetic Task 0185,completed,low,30,,2026-08-15 14:23:00,2026-08-20 15:03:00,overwhelmed
TSK_000186,USR_050,Synthetic Task 0186,pending,low,60,2026-06-24 00:00:00,2026-06-17 08:25:00,,
TSK_000187,USR_070,Synthetic Task 0187,completed,low,45,2026-06-21 00:00:00,2026-06-09 07:04:00,2026-06-12 16:10:00,
TSK_000188,USR_084,Synthetic Task 0188,completed,medium,60,2026-08-26 00:00:00,2026-08-18 10:02:00,2026-08-23 12:19:00,
TSK_000189,USR_030,Synthetic Task 0189,completed,medium,90,2026-06-29 00:00:00,2026-06-19 12:02:00,2026-06-24 18:54:00,well
TSK_000190,USR_087,Synthetic Task 0190,pending,low,30,2026-07-24 00:00:00,2026-07-10 19:17:00,,
TSK_000191,USR_057,Synthetic Task 0191,pending,high,45,2026-06-08 00:00:00,2026-06-02 12:04:00,,
TSK_000192,USR_085,Synthetic Task 0192,completed,high,30,2026-07-29 00:00:00,2026-07-27 07:19:00,2026-07-29 16:41:00,
TSK_000193,USR_007,Synthetic Task 0193,completed,medium,15,2026-07-23 00:00:00,2026-07-12 09:54:00,2026-07-13 20:04:00,well
TSK_000194,USR_054,Synthetic Task 0194,completed,low,45,,2026-06-29 16:26:00,2026-07-01 19:06:00,calm_needed
TSK_000195,USR_079,Synthetic Task 0195,completed,high,15,2026-07-03 00:00:00,2026-06-21 09:07:00,2026-06-22 21:42:00,well
TSK_000196,USR_091,Synthetic Task 0196,completed,low,90,2026-06-15 00:00:00,2026-06-12 08:09:00,2026-06-14 13:29:00,
TSK_000197,USR_061,Synthetic Task 0197,completed,medium,60,,2026-06-26 21:21:00,2026-07-01 20:29:00,well
TSK_000198,USR_024,Synthetic Task 0198,completed,low,60,2026-06-28 00:00:00,2026-06-16 22:15:00,2026-06-18 20:09:00,well
TSK_000199,USR_024,Synthetic Task 0199,pending,medium,30,2026-06-19 00:00:00,2026-06-13 17:14:00,,well
TSK_000200,USR_016,Synthetic Task 0200,completed,low,15,2026-07-26 00:00:00,2026-07-14 07:24:00,2026-07-17 08:25:00,
TSK_000201,USR_024,Synthetic Task 0201,pending,low,30,2026-07-01 00:00:00,2026-06-26 16:08:00,,
TSK_000202,USR_094,Synthetic Task 0202,completed,medium,15,2026-08-07 00:00:00,2026-08-02 11:15:00,2026-08-08 16:38:00,calm_needed
TSK_000203,USR_036,Synthetic Task 0203,completed,low,30,2026-07-31 00:00:00,2026-07-27 07:48:00,2026-08-02 13:35:00,well
TSK_000204,USR_077,Synthetic Task 0204,completed,medium,45,2026-06-29 00:00:00,2026-06-17 22:31:00,2026-06-21 11:25:00,well
TSK_000205,USR_044,Synthetic Task 0205,completed,low,30,2026-07-03 00:00:00,2026-06-20 19:49:00,2026-06-23 08:59:00,overwhelmed
TSK_000206,USR_039,Synthetic Task 0206,completed,low,30,2026-06-22 00:00:00,2026-06-14 11:46:00,2026-06-14 14:31:00,
TSK_000207,USR_084,Synthetic Task 0207,completed,high,30,,2026-06-01 22:44:00,2026-06-03 13:46:00,
TSK_000208,USR_073,Synthetic Task 0208,completed,high,90,2026-08-18 00:00:00,2026-08-16 10:51:00,2026-08-17 18:22:00,
TSK_000209,USR_061,Synthetic Task 0209,completed,high,45,2026-08-10 00:00:00,2026-08-04 11:04:00,2026-08-11 13:10:00,
TSK_000210,USR_076,Synthetic Task 0210,completed,low,60,2026-07-18 00:00:00,2026-07-04 19:22:00,2026-07-08 22:40:00,well
TSK_000211,USR_028,Synthetic Task 0211,completed,medium,60,2026-08-09 00:00:00,2026-08-09 19:42:00,2026-08-15 13:42:00,overwhelmed
TSK_000212,USR_052,Synthetic Task 0212,completed,high,45,2026-08-14 00:00:00,2026-08-02 14:17:00,2026-08-06 08:13:00,
TSK_000213,USR_046,Synthetic Task 0213,pending,low,120,2026-08-23 00:00:00,2026-08-16 15:40:00,,
TSK_000214,USR_073,Synthetic Task 0214,completed,medium,90,2026-07-18 00:00:00,2026-07-05 12:34:00,2026-07-05 22:15:00,
TSK_000215,USR_046,Synthetic Task 0215,completed,high,30,2026-08-26 00:00:00,2026-08-23 08:43:00,2026-08-24 07:25:00,
TSK_000216,USR_019,Synthetic Task 0216,completed,medium,60,2026-06-24 00:00:00,2026-06-22 07:56:00,2026-06-27 10:28:00,
TSK_000217,USR_056,Synthetic Task 0217,completed,high,30,2026-07-02 00:00:00,2026-06-18 07:04:00,2026-06-19 18:26:00,well
TSK_000218,USR_070,Synthetic Task 0218,pending,low,60,2026-08-15 00:00:00,2026-08-15 10:10:00,,
TSK_000219,USR_053,Synthetic Task 0219,completed,low,45,,2026-06-09 11:51:00,2026-06-13 17:24:00,well
TSK_000220,USR_063,Synthetic Task 0220,pending,medium,60,2026-07-04 00:00:00,2026-06-20 16:52:00,,
TSK_000221,USR_030,Synthetic Task 0221,completed,medium,45,2026-08-06 00:00:00,2026-08-02 07:43:00,2026-08-04 14:49:00,
TSK_000222,USR_093,Synthetic Task 0222,pending,low,90,2026-08-28 00:00:00,2026-08-14 10:54:00,,well
TSK_000223,USR_077,Synthetic Task 0223,completed,low,30,2026-07-13 00:00:00,2026-07-03 19:37:00,2026-07-05 17:37:00,well
TSK_000224,USR_024,Synthetic Task 0224,pending,medium,30,2026-07-07 00:00:00,2026-06-26 14:31:00,,
TSK_000225,USR_086,Synthetic Task 0225,completed,medium,30,2026-08-07 00:00:00,2026-07-30 15:42:00,2026-08-03 22:17:00,
TSK_000226,USR_077,Synthetic Task 0226,completed,high,60,2026-08-26 00:00:00,2026-08-13 21:48:00,2026-08-15 20:54:00,well
TSK_000227,USR_022,Synthetic Task 0227,completed,medium,45,2026-09-02 00:00:00,2026-08-21 11:50:00,2026-08-23 13:13:00,
TSK_000228,USR_017,Synthetic Task 0228,completed,medium,45,2026-09-01 00:00:00,2026-08-26 15:53:00,2026-09-02 21:12:00,calm_needed
TSK_000229,USR_086,Synthetic Task 0229,completed,high,45,,2026-07-03 15:41:00,2026-07-08 08:38:00,overwhelmed
TSK_000230,USR_092,Synthetic Task 0230,completed,low,90,,2026-06-11 14:35:00,2026-06-16 08:50:00,well
TSK_000231,USR_047,Synthetic Task 0231,completed,low,120,2026-07-29 00:00:00,2026-07-22 22:14:00,2026-07-24 10:16:00,calm_needed
TSK_000232,USR_086,Synthetic Task 0232,pending,medium,60,2026-07-12 00:00:00,2026-07-12 08:06:00,,
TSK_000233,USR_047,Synthetic Task 0233,completed,low,45,2026-07-11 00:00:00,2026-07-07 12:47:00,2026-07-12 10:39:00,
TSK_000234,USR_065,Synthetic Task 0234,pending,low,30,2026-07-04 00:00:00,2026-06-26 16:34:00,,
TSK_000235,USR_072,Synthetic Task 0235,completed,medium,30,2026-08-02 00:00:00,2026-07-29 09:04:00,2026-08-01 13:09:00,
TSK_000236,USR_084,Synthetic Task 0236,completed,low,60,2026-07-27 00:00:00,2026-07-22 08:56:00,2026-07-29 14:33:00,well
TSK_000237,USR_007,Synthetic Task 0237,completed,low,120,2026-07-17 00:00:00,2026-07-14 08:42:00,2026-07-19 22:33:00,
TSK_000238,USR_013,Synthetic Task 0238,completed,high,45,2026-07-15 00:00:00,2026-07-02 17:50:00,2026-07-06 11:17:00,
TSK_000239,USR_093,Synthetic Task 0239,completed,high,90,2026-06-18 00:00:00,2026-06-09 19:17:00,2026-06-13 08:53:00,calm_needed
TSK_000240,USR_062,Synthetic Task 0240,pending,medium,30,2026-08-10 00:00:00,2026-08-03 16:08:00,,
TSK_000241,USR_041,Synthetic Task 0241,completed,medium,45,2026-08-15 00:00:00,2026-08-11 08:19:00,2026-08-11 15:14:00,
TSK_000242,USR_063,Synthetic Task 0242,completed,high,30,2026-07-31 00:00:00,2026-07-27 07:40:00,2026-08-03 18:45:00,overwhelmed
TSK_000243,USR_061,Synthetic Task 0243,completed,high,30,,2026-08-19 08:34:00,2026-08-22 14:41:00,well
TSK_000244,USR_054,Synthetic Task 0244,pending,medium,60,2026-07-19 00:00:00,2026-07-05 21:45:00,,well
TSK_000245,USR_055,Synthetic Task 0245,completed,low,30,2026-08-15 00:00:00,2026-08-12 14:11:00,2026-08-15 17:12:00,
TSK_000246,USR_005,Synthetic Task 0246,pending,medium,30,2026-07-24 00:00:00,2026-07-10 08:52:00,,
TSK_000247,USR_053,Synthetic Task 0247,pending,medium,120,2026-06-23 00:00:00,2026-06-20 17:20:00,,well
TSK_000248,USR_010,Synthetic Task 0248,pending,medium,15,2026-08-29 00:00:00,2026-08-25 09:18:00,,
TSK_000249,USR_038,Synthetic Task 0249,completed,medium,45,,2026-08-27 21:07:00,2026-09-01 21:30:00,
TSK_000250,USR_028,Synthetic Task 0250,completed,high,60,2026-07-29 00:00:00,2026-07-16 12:06:00,2026-07-18 16:40:00,
TSK_000251,USR_018,Synthetic Task 0251,completed,low,60,2026-08-28 00:00:00,2026-08-15 21:38:00,2026-08-22 10:38:00,
TSK_000252,USR_058,Synthetic Task 0252,completed,low,30,,2026-07-14 08:06:00,2026-07-21 18:50:00,
TSK_000253,USR_064,Synthetic Task 0253,pending,medium,60,2026-07-17 00:00:00,2026-07-07 09:24:00,,calm_needed
TSK_000254,USR_090,Synthetic Task 0254,completed,medium,30,2026-08-05 00:00:00,2026-07-26 16:09:00,2026-07-27 19:05:00,
TSK_000255,USR_048,Synthetic Task 0255,completed,high,30,2026-06-09 00:00:00,2026-06-08 20:25:00,2026-06-11 17:47:00,calm_needed
TSK_000256,USR_051,Synthetic Task 0256,completed,high,15,2026-08-12 00:00:00,2026-08-12 08:44:00,2026-08-18 09:26:00,calm_needed
TSK_000257,USR_022,Synthetic Task 0257,completed,medium,45,2026-07-03 00:00:00,2026-06-20 07:04:00,2026-06-26 19:35:00,
TSK_000258,USR_091,Synthetic Task 0258,pending,medium,45,,2026-06-26 08:44:00,,well
TSK_000259,USR_067,Synthetic Task 0259,pending,medium,60,,2026-07-13 20:46:00,,
TSK_000260,USR_031,Synthetic Task 0260,completed,medium,30,2026-07-30 00:00:00,2026-07-19 19:40:00,2026-07-25 09:37:00,
TSK_000261,USR_064,Synthetic Task 0261,pending,medium,45,2026-06-21 00:00:00,2026-06-19 13:46:00,,overwhelmed
TSK_000262,USR_090,Synthetic Task 0262,completed,medium,30,2026-06-07 00:00:00,2026-06-03 08:04:00,2026-06-03 21:27:00,calm_needed
TSK_000263,USR_036,Synthetic Task 0263,completed,low,90,2026-07-21 00:00:00,2026-07-16 19:34:00,2026-07-20 17:47:00,
TSK_000264,USR_084,Synthetic Task 0264,completed,high,45,2026-08-05 00:00:00,2026-07-30 10:58:00,2026-07-30 18:31:00,well
TSK_000265,USR_031,Synthetic Task 0265,completed,medium,60,2026-07-21 00:00:00,2026-07-07 18:02:00,2026-07-13 11:31:00,
TSK_000266,USR_016,Synthetic Task 0266,completed,medium,30,2026-07-22 00:00:00,2026-07-15 08:19:00,2026-07-22 10:25:00,
TSK_000267,USR_042,Synthetic Task 0267,completed,low,120,2026-07-19 00:00:00,2026-07-05 20:10:00,2026-07-12 22:04:00,
TSK_000268,USR_038,Synthetic Task 0268,pending,medium,60,2026-07-27 00:00:00,2026-07-20 19:46:00,,well
TSK_000269,USR_091,Synthetic Task 0269,completed,medium,45,,2026-06-18 16:25:00,2026-06-20 19:18:00,
TSK_000270,USR_005,Synthetic Task 0270,pending,medium,15,2026-07-14 00:00:00,2026-07-06 19:16:00,,
TSK_000271,USR_034,Synthetic Task 0271,pending,high,15,2026-06-14 00:00:00,2026-06-12 09:49:00,,
TSK_000272,USR_049,Synthetic Task 0272,completed,low,45,2026-09-05 00:00:00,2026-08-29 21:45:00,2026-09-03 10:13:00,
TSK_000273,USR_040,Synthetic Task 0273,pending,low,45,2026-06-10 00:00:00,2026-06-06 22:31:00,,overwhelmed
TSK_000274,USR_076,Synthetic Task 0274,completed,low,30,2026-09-04 00:00:00,2026-08-28 07:38:00,2026-08-28 10:15:00,overwhelmed
TSK_000275,USR_087,Synthetic Task 0275,pending,medium,60,2026-09-04 00:00:00,2026-08-23 22:10:00,,overwhelmed
TSK_000276,USR_060,Synthetic Task 0276,completed,low,45,2026-08-02 00:00:00,2026-07-19 09:06:00,2026-07-26 14:21:00,
TSK_000277,USR_097,Synthetic Task 0277,pending,low,60,2026-06-18 00:00:00,2026-06-05 22:29:00,,overwhelmed
TSK_000278,USR_001,Synthetic Task 0278,pending,low,30,2026-08-15 00:00:00,2026-08-13 08:26:00,,
TSK_000279,USR_002,Synthetic Task 0279,completed,low,45,,2026-07-19 21:47:00,2026-07-25 10:52:00,
TSK_000280,USR_003,Synthetic Task 0280,pending,high,30,2026-07-12 00:00:00,2026-07-05 08:20:00,,calm_needed
TSK_000281,USR_067,Synthetic Task 0281,pending,high,60,2026-07-28 00:00:00,2026-07-23 09:26:00,,overwhelmed
TSK_000282,USR_038,Synthetic Task 0282,pending,medium,30,2026-07-13 00:00:00,2026-07-10 09:18:00,,
TSK_000283,USR_057,Synthetic Task 0283,completed,low,30,,2026-07-05 11:04:00,2026-07-09 16:21:00,
TSK_000284,USR_024,Synthetic Task 0284,completed,medium,45,,2026-07-10 17:45:00,2026-07-12 11:00:00,
TSK_000285,USR_043,Synthetic Task 0285,completed,medium,30,2026-07-18 00:00:00,2026-07-09 16:01:00,2026-07-10 13:15:00,
TSK_000286,USR_080,Synthetic Task 0286,pending,high,15,2026-07-07 00:00:00,2026-06-27 21:46:00,,well
TSK_000287,USR_070,Synthetic Task 0287,completed,medium,45,2026-07-11 00:00:00,2026-06-30 14:14:00,2026-07-07 21:57:00,well
TSK_000288,USR_068,Synthetic Task 0288,pending,medium,60,2026-08-01 00:00:00,2026-07-27 22:53:00,,
TSK_000289,USR_039,Synthetic Task 0289,completed,high,30,2026-06-20 00:00:00,2026-06-15 07:14:00,2026-06-20 12:10:00,calm_needed
TSK_000290,USR_087,Synthetic Task 0290,completed,low,30,2026-06-23 00:00:00,2026-06-22 17:35:00,2026-06-23 21:33:00,
TSK_000291,USR_038,Synthetic Task 0291,pending,low,60,2026-07-14 00:00:00,2026-07-04 15:44:00,,
TSK_000292,USR_022,Synthetic Task 0292,pending,medium,45,2026-09-01 00:00:00,2026-08-26 10:12:00,,
TSK_000293,USR_045,Synthetic Task 0293,completed,high,60,2026-06-19 00:00:00,2026-06-10 19:44:00,2026-06-10 22:55:00,
TSK_000294,USR_038,Synthetic Task 0294,pending,low,30,,2026-07-07 21:04:00,,
TSK_000295,USR_063,Synthetic Task 0295,pending,high,60,,2026-07-05 13:19:00,,calm_needed
TSK_000296,USR_063,Synthetic Task 0296,completed,high,15,2026-08-19 00:00:00,2026-08-13 14:16:00,2026-08-17 12:51:00,well
TSK_000297,USR_075,Synthetic Task 0297,pending,medium,60,2026-08-09 00:00:00,2026-07-30 19:17:00,,well
TSK_000298,USR_022,Synthetic Task 0298,completed,medium,120,2026-07-15 00:00:00,2026-07-02 21:01:00,2026-07-03 20:16:00,
TSK_000299,USR_037,Synthetic Task 0299,completed,high,30,2026-07-06 00:00:00,2026-06-27 14:05:00,2026-06-27 17:33:00,overwhelmed
TSK_000300,USR_028,Synthetic Task 0300,pending,medium,15,2026-08-01 00:00:00,2026-07-29 09:08:00,,well
TSK_000301,USR_006,Synthetic Task 0301,completed,medium,120,2026-08-29 00:00:00,2026-08-29 14:15:00,2026-09-02 12:51:00,
TSK_000302,USR_083,Synthetic Task 0302,completed,medium,30,2026-07-27 00:00:00,2026-07-20 07:48:00,2026-07-21 22:02:00,
TSK_000303,USR_003,Synthetic Task 0303,pending,medium,15,2026-07-22 00:00:00,2026-07-19 11:07:00,,overwhelmed
TSK_000304,USR_016,Synthetic Task 0304,completed,medium,45,,2026-06-25 18:44:00,2026-06-26 09:42:00,
TSK_000305,USR_061,Synthetic Task 0305,completed,high,30,2026-08-12 00:00:00,2026-08-06 22:15:00,2026-08-08 21:55:00,well
TSK_000306,USR_037,Synthetic Task 0306,pending,medium,45,2026-08-26 00:00:00,2026-08-16 17:36:00,,
TSK_000307,USR_051,Synthetic Task 0307,completed,medium,45,2026-07-28 00:00:00,2026-07-20 18:09:00,2026-07-26 21:03:00,calm_needed
TSK_000308,USR_097,Synthetic Task 0308,completed,low,45,2026-06-25 00:00:00,2026-06-17 07:32:00,2026-06-23 20:05:00,well
TSK_000309,USR_068,Synthetic Task 0309,completed,medium,60,2026-08-20 00:00:00,2026-08-12 20:14:00,2026-08-15 08:34:00,
TSK_000310,USR_063,Synthetic Task 0310,completed,medium,15,,2026-07-11 11:03:00,2026-07-13 09:55:00,well
TSK_000311,USR_080,Synthetic Task 0311,completed,high,90,2026-07-26 00:00:00,2026-07-19 08:09:00,2026-07-23 19:57:00,overwhelmed
TSK_000312,USR_047,Synthetic Task 0312,completed,low,45,2026-06-22 00:00:00,2026-06-20 08:21:00,2026-06-21 16:42:00,well
TSK_000313,USR_074,Synthetic Task 0313,completed,medium,15,2026-06-22 00:00:00,2026-06-21 19:12:00,2026-06-28 21:34:00,overwhelmed
TSK_000314,USR_070,Synthetic Task 0314,completed,medium,15,2026-07-29 00:00:00,2026-07-23 17:14:00,2026-07-25 09:32:00,well
TSK_000315,USR_027,Synthetic Task 0315,pending,medium,45,2026-09-03 00:00:00,2026-08-27 20:53:00,,
TSK_000316,USR_044,Synthetic Task 0316,completed,medium,15,2026-07-17 00:00:00,2026-07-14 17:33:00,2026-07-21 14:24:00,calm_needed
TSK_000317,USR_055,Synthetic Task 0317,completed,medium,45,,2026-06-16 15:17:00,2026-06-21 07:59:00,calm_needed
TSK_000318,USR_017,Synthetic Task 0318,pending,medium,15,2026-08-23 00:00:00,2026-08-17 20:21:00,,
TSK_000319,USR_053,Synthetic Task 0319,completed,low,90,2026-08-24 00:00:00,2026-08-11 20:33:00,2026-08-15 14:43:00,
TSK_000320,USR_056,Synthetic Task 0320,completed,low,15,2026-07-31 00:00:00,2026-07-29 22:18:00,2026-08-01 21:12:00,
TSK_000321,USR_097,Synthetic Task 0321,completed,low,60,2026-07-06 00:00:00,2026-07-03 07:38:00,2026-07-03 15:48:00,
TSK_000322,USR_047,Synthetic Task 0322,completed,high,30,2026-06-22 00:00:00,2026-06-13 18:29:00,2026-06-16 19:28:00,
TSK_000323,USR_006,Synthetic Task 0323,completed,high,30,2026-06-20 00:00:00,2026-06-09 10:44:00,2026-06-16 21:06:00,
TSK_000324,USR_013,Synthetic Task 0324,completed,medium,30,2026-07-16 00:00:00,2026-07-12 10:24:00,2026-07-12 13:04:00,well
TSK_000325,USR_026,Synthetic Task 0325,pending,medium,15,,2026-07-31 16:09:00,,overwhelmed
TSK_000326,USR_035,Synthetic Task 0326,completed,high,15,2026-08-22 00:00:00,2026-08-10 08:26:00,2026-08-11 08:02:00,well
TSK_000327,USR_024,Synthetic Task 0327,pending,high,30,,2026-08-23 16:55:00,,
TSK_000328,USR_057,Synthetic Task 0328,completed,medium,30,2026-07-05 00:00:00,2026-07-04 15:39:00,2026-07-07 21:03:00,
TSK_000329,USR_026,Synthetic Task 0329,pending,low,30,,2026-07-23 19:46:00,,
TSK_000330,USR_044,Synthetic Task 0330,completed,high,30,2026-08-06 00:00:00,2026-07-29 14:41:00,2026-08-03 21:48:00,well
TSK_000331,USR_093,Synthetic Task 0331,completed,medium,60,2026-08-29 00:00:00,2026-08-22 08:56:00,2026-08-26 18:00:00,well
TSK_000332,USR_098,Synthetic Task 0332,completed,high,30,2026-06-14 00:00:00,2026-06-06 19:44:00,2026-06-08 15:21:00,
TSK_000333,USR_076,Synthetic Task 0333,pending,medium,120,2026-06-10 00:00:00,2026-06-06 13:59:00,,overwhelmed
TSK_000334,USR_074,Synthetic Task 0334,completed,medium,60,,2026-08-11 22:22:00,2026-08-11 22:28:00,
TSK_000335,USR_051,Synthetic Task 0335,completed,low,30,2026-08-18 00:00:00,2026-08-18 09:49:00,2026-08-21 21:21:00,overwhelmed
TSK_000336,USR_013,Synthetic Task 0336,completed,low,60,2026-07-07 00:00:00,2026-07-04 18:44:00,2026-07-05 21:03:00,
TSK_000337,USR_013,Synthetic Task 0337,completed,high,60,2026-08-26 00:00:00,2026-08-24 22:53:00,2026-08-26 08:13:00,well
TSK_000338,USR_047,Synthetic Task 0338,completed,medium,120,2026-07-31 00:00:00,2026-07-20 12:31:00,2026-07-24 14:10:00,overwhelmed
TSK_000339,USR_013,Synthetic Task 0339,completed,medium,90,,2026-08-15 12:43:00,2026-08-19 13:20:00,well
TSK_000340,USR_034,Synthetic Task 0340,completed,high,30,2026-06-21 00:00:00,2026-06-19 15:51:00,2026-06-26 07:18:00,
TSK_000341,USR_057,Synthetic Task 0341,completed,medium,60,2026-07-31 00:00:00,2026-07-27 22:42:00,2026-07-28 12:18:00,well
TSK_000342,USR_004,Synthetic Task 0342,pending,medium,90,,2026-07-28 16:59:00,,
TSK_000343,USR_004,Synthetic Task 0343,completed,low,15,2026-09-06 00:00:00,2026-08-29 10:17:00,2026-09-04 10:52:00,
TSK_000344,USR_060,Synthetic Task 0344,completed,medium,60,2026-08-31 00:00:00,2026-08-27 10:20:00,2026-08-30 22:45:00,calm_needed
TSK_000345,USR_063,Synthetic Task 0345,completed,high,45,2026-08-16 00:00:00,2026-08-04 17:40:00,2026-08-10 12:04:00,well
TSK_000346,USR_069,Synthetic Task 0346,completed,high,15,2026-07-30 00:00:00,2026-07-21 16:00:00,2026-07-24 20:16:00,
TSK_000347,USR_040,Synthetic Task 0347,pending,medium,90,2026-08-08 00:00:00,2026-07-28 21:18:00,,
TSK_000348,USR_062,Synthetic Task 0348,completed,medium,90,2026-07-02 00:00:00,2026-06-20 09:58:00,2026-06-21 18:33:00,
TSK_000349,USR_015,Synthetic Task 0349,completed,high,15,2026-07-13 00:00:00,2026-06-30 22:31:00,2026-07-04 16:27:00,overwhelmed
TSK_000350,USR_006,Synthetic Task 0350,completed,medium,60,2026-07-01 00:00:00,2026-06-24 15:26:00,2026-06-27 13:12:00,
TSK_000351,USR_038,Synthetic Task 0351,completed,medium,60,,2026-07-14 07:30:00,2026-07-20 08:40:00,
TSK_000352,USR_076,Synthetic Task 0352,completed,low,45,,2026-06-03 14:40:00,2026-06-06 21:03:00,overwhelmed
TSK_000353,USR_012,Synthetic Task 0353,completed,medium,15,2026-07-23 00:00:00,2026-07-10 08:40:00,2026-07-14 15:46:00,
TSK_000354,USR_036,Synthetic Task 0354,pending,medium,45,2026-06-18 00:00:00,2026-06-04 17:52:00,,calm_needed
TSK_000355,USR_075,Synthetic Task 0355,completed,low,30,2026-07-21 00:00:00,2026-07-19 22:46:00,2026-07-26 12:38:00,calm_needed
TSK_000356,USR_060,Synthetic Task 0356,completed,medium,15,2026-08-18 00:00:00,2026-08-16 22:22:00,2026-08-19 16:38:00,calm_needed
TSK_000357,USR_023,Synthetic Task 0357,completed,low,45,2026-07-13 00:00:00,2026-07-01 19:20:00,2026-07-07 10:07:00,
TSK_000358,USR_098,Synthetic Task 0358,completed,low,30,2026-06-04 00:00:00,2026-06-03 11:55:00,2026-06-05 11:21:00,
TSK_000359,USR_015,Synthetic Task 0359,completed,low,30,2026-06-11 00:00:00,2026-06-08 22:34:00,2026-06-14 08:52:00,
TSK_000360,USR_055,Synthetic Task 0360,completed,medium,60,,2026-06-12 09:14:00,2026-06-19 09:38:00,well
TSK_000361,USR_098,Synthetic Task 0361,completed,medium,60,,2026-06-07 18:54:00,2026-06-10 19:33:00,
TSK_000362,USR_039,Synthetic Task 0362,completed,high,90,2026-07-01 00:00:00,2026-06-23 10:45:00,2026-06-24 10:50:00,
TSK_000363,USR_049,Synthetic Task 0363,completed,medium,30,2026-06-20 00:00:00,2026-06-15 14:53:00,2026-06-17 12:32:00,well
TSK_000364,USR_061,Synthetic Task 0364,pending,high,45,2026-08-23 00:00:00,2026-08-19 15:41:00,,well
TSK_000365,USR_052,Synthetic Task 0365,completed,high,60,2026-07-26 00:00:00,2026-07-23 10:37:00,2026-07-29 16:03:00,well
TSK_000366,USR_077,Synthetic Task 0366,completed,medium,15,2026-09-05 00:00:00,2026-08-29 09:45:00,2026-09-05 14:46:00,well
TSK_000367,USR_011,Synthetic Task 0367,completed,high,30,2026-07-05 00:00:00,2026-06-29 19:58:00,2026-06-30 20:02:00,
TSK_000368,USR_064,Synthetic Task 0368,completed,medium,30,2026-08-26 00:00:00,2026-08-21 22:27:00,2026-08-21 23:59:00,overwhelmed
TSK_000369,USR_085,Synthetic Task 0369,pending,high,60,2026-08-23 00:00:00,2026-08-13 17:31:00,,well
TSK_000370,USR_018,Synthetic Task 0370,completed,low,30,2026-08-13 00:00:00,2026-08-13 11:40:00,2026-08-13 14:55:00,well
TSK_000371,USR_049,Synthetic Task 0371,completed,medium,45,2026-06-19 00:00:00,2026-06-10 14:17:00,2026-06-13 11:24:00,overwhelmed
TSK_000372,USR_049,Synthetic Task 0372,completed,low,15,2026-08-14 00:00:00,2026-08-06 11:18:00,2026-08-07 11:38:00,
TSK_000373,USR_017,Synthetic Task 0373,completed,medium,15,2026-08-20 00:00:00,2026-08-13 14:45:00,2026-08-18 09:53:00,
TSK_000374,USR_048,Synthetic Task 0374,completed,medium,45,2026-07-29 00:00:00,2026-07-26 14:23:00,2026-07-29 16:15:00,
TSK_000375,USR_017,Synthetic Task 0375,pending,medium,90,2026-07-17 00:00:00,2026-07-15 11:02:00,,
TSK_000376,USR_021,Synthetic Task 0376,pending,medium,15,2026-08-30 00:00:00,2026-08-19 07:04:00,,
TSK_000377,USR_033,Synthetic Task 0377,completed,medium,30,2026-06-30 00:00:00,2026-06-18 08:37:00,2026-06-23 16:25:00,
TSK_000378,USR_052,Synthetic Task 0378,pending,medium,60,2026-08-15 00:00:00,2026-08-07 09:18:00,,overwhelmed
TSK_000379,USR_033,Synthetic Task 0379,completed,medium,90,2026-08-01 00:00:00,2026-07-30 11:27:00,2026-07-31 21:26:00,
TSK_000380,USR_069,Synthetic Task 0380,completed,high,15,2026-08-02 00:00:00,2026-07-26 16:52:00,2026-08-01 21:06:00,
TSK_000381,USR_023,Synthetic Task 0381,completed,low,15,2026-08-16 00:00:00,2026-08-13 16:04:00,2026-08-15 22:25:00,
TSK_000382,USR_034,Synthetic Task 0382,completed,low,45,2026-06-24 00:00:00,2026-06-14 15:41:00,2026-06-20 10:40:00,calm_needed
TSK_000383,USR_035,Synthetic Task 0383,completed,low,45,,2026-06-19 14:53:00,2026-06-20 20:55:00,well
TSK_000384,USR_052,Synthetic Task 0384,completed,high,15,2026-07-16 00:00:00,2026-07-02 22:37:00,2026-07-09 19:39:00,well
TSK_000385,USR_015,Synthetic Task 0385,completed,medium,30,2026-07-16 00:00:00,2026-07-09 15:09:00,2026-07-16 20:13:00,well
TSK_000386,USR_016,Synthetic Task 0386,pending,medium,15,2026-08-23 00:00:00,2026-08-17 09:50:00,,
TSK_000387,USR_099,Synthetic Task 0387,completed,low,45,2026-07-05 00:00:00,2026-06-26 13:11:00,2026-06-28 19:14:00,
TSK_000388,USR_068,Synthetic Task 0388,completed,medium,30,2026-06-22 00:00:00,2026-06-15 09:46:00,2026-06-20 08:45:00,
TSK_000389,USR_052,Synthetic Task 0389,completed,medium,60,2026-07-14 00:00:00,2026-07-13 08:59:00,2026-07-15 08:35:00,well
TSK_000390,USR_019,Synthetic Task 0390,pending,medium,45,2026-07-17 00:00:00,2026-07-14 07:55:00,,
TSK_000391,USR_038,Synthetic Task 0391,pending,medium,45,2026-07-09 00:00:00,2026-07-09 13:24:00,,
TSK_000392,USR_072,Synthetic Task 0392,completed,low,45,2026-07-28 00:00:00,2026-07-24 08:39:00,2026-07-25 17:39:00,
TSK_000393,USR_059,Synthetic Task 0393,completed,medium,60,,2026-06-21 10:37:00,2026-06-22 21:14:00,
TSK_000394,USR_056,Synthetic Task 0394,completed,medium,60,2026-06-12 00:00:00,2026-06-09 07:35:00,2026-06-10 20:35:00,
TSK_000395,USR_025,Synthetic Task 0395,completed,high,45,2026-07-31 00:00:00,2026-07-21 21:55:00,2026-07-27 22:42:00,well
TSK_000396,USR_093,Synthetic Task 0396,completed,medium,60,2026-07-21 00:00:00,2026-07-21 14:46:00,2026-07-23 14:47:00,overwhelmed
TSK_000397,USR_080,Synthetic Task 0397,completed,medium,45,2026-07-16 00:00:00,2026-07-08 13:59:00,2026-07-09 16:47:00,
TSK_000398,USR_003,Synthetic Task 0398,pending,medium,30,2026-06-06 00:00:00,2026-06-06 22:37:00,,calm_needed
TSK_000399,USR_076,Synthetic Task 0399,completed,high,30,2026-07-31 00:00:00,2026-07-27 13:42:00,2026-07-30 19:19:00,
TSK_000400,USR_025,Synthetic Task 0400,completed,medium,45,2026-08-22 00:00:00,2026-08-20 11:18:00,2026-08-23 12:33:00,well
TSK_000401,USR_001,Synthetic Task 0401,completed,medium,30,2026-08-10 00:00:00,2026-08-10 08:55:00,2026-08-16 10:38:00,
TSK_000402,USR_042,Synthetic Task 0402,completed,low,60,2026-07-19 00:00:00,2026-07-08 16:34:00,2026-07-09 18:56:00,well
TSK_000403,USR_090,Synthetic Task 0403,completed,low,15,,2026-06-20 12:02:00,2026-06-25 20:47:00,well
TSK_000404,USR_080,Synthetic Task 0404,completed,high,30,2026-06-26 00:00:00,2026-06-17 16:11:00,2026-06-21 15:11:00,
TSK_000405,USR_050,Synthetic Task 0405,completed,low,45,2026-06-19 00:00:00,2026-06-10 13:29:00,2026-06-14 09:56:00,
TSK_000406,USR_034,Synthetic Task 0406,completed,medium,45,,2026-08-05 14:13:00,2026-08-10 09:48:00,well
TSK_000407,USR_034,Synthetic Task 0407,completed,medium,90,2026-08-03 00:00:00,2026-08-02 10:27:00,2026-08-04 21:49:00,
TSK_000408,USR_005,Synthetic Task 0408,completed,high,45,2026-06-17 00:00:00,2026-06-14 22:55:00,2026-06-17 18:55:00,
TSK_000409,USR_007,Synthetic Task 0409,completed,high,45,2026-08-27 00:00:00,2026-08-16 15:02:00,2026-08-22 16:21:00,
TSK_000410,USR_059,Synthetic Task 0410,completed,high,60,2026-08-01 00:00:00,2026-07-23 16:06:00,2026-07-25 13:25:00,
TSK_000411,USR_069,Synthetic Task 0411,completed,high,45,2026-06-22 00:00:00,2026-06-13 19:29:00,2026-06-16 11:57:00,
TSK_000412,USR_087,Synthetic Task 0412,pending,high,45,2026-06-19 00:00:00,2026-06-11 18:12:00,,
TSK_000413,USR_074,Synthetic Task 0413,completed,medium,15,2026-06-15 00:00:00,2026-06-09 07:23:00,2026-06-09 21:20:00,well
TSK_000414,USR_025,Synthetic Task 0414,completed,low,45,2026-08-29 00:00:00,2026-08-19 14:47:00,2026-08-21 21:55:00,overwhelmed
TSK_000415,USR_028,Synthetic Task 0415,pending,medium,60,2026-07-16 00:00:00,2026-07-11 08:50:00,,overwhelmed
TSK_000416,USR_062,Synthetic Task 0416,completed,low,30,2026-06-29 00:00:00,2026-06-15 18:35:00,2026-06-21 20:16:00,
TSK_000417,USR_056,Synthetic Task 0417,completed,high,45,2026-08-18 00:00:00,2026-08-15 13:07:00,2026-08-20 14:21:00,calm_needed
TSK_000418,USR_023,Synthetic Task 0418,completed,high,30,2026-08-19 00:00:00,2026-08-08 07:44:00,2026-08-15 21:07:00,
TSK_000419,USR_019,Synthetic Task 0419,pending,medium,45,,2026-06-22 13:41:00,,
TSK_000420,USR_013,Synthetic Task 0420,completed,high,30,2026-07-04 00:00:00,2026-06-28 17:02:00,2026-07-01 12:14:00,well
TSK_000421,USR_046,Synthetic Task 0421,completed,medium,15,2026-07-13 00:00:00,2026-06-29 10:31:00,2026-07-02 12:30:00,
TSK_000422,USR_018,Synthetic Task 0422,completed,high,45,2026-08-09 00:00:00,2026-08-03 07:50:00,2026-08-09 20:22:00,
TSK_000423,USR_036,Synthetic Task 0423,completed,high,60,2026-06-17 00:00:00,2026-06-08 18:51:00,2026-06-14 07:39:00,well
TSK_000424,USR_005,Synthetic Task 0424,pending,medium,15,2026-07-16 00:00:00,2026-07-16 08:48:00,,
TSK_000425,USR_095,Synthetic Task 0425,completed,high,30,2026-08-22 00:00:00,2026-08-08 14:03:00,2026-08-15 13:21:00,
TSK_000426,USR_018,Synthetic Task 0426,completed,medium,45,2026-07-01 00:00:00,2026-06-17 19:34:00,2026-06-21 11:03:00,
TSK_000427,USR_005,Synthetic Task 0427,completed,high,120,2026-06-30 00:00:00,2026-06-16 16:40:00,2026-06-20 18:58:00,
TSK_000428,USR_050,Synthetic Task 0428,completed,high,15,2026-06-17 00:00:00,2026-06-15 10:40:00,2026-06-19 21:18:00,
TSK_000429,USR_087,Synthetic Task 0429,completed,low,45,,2026-07-14 21:38:00,2026-07-18 21:26:00,calm_needed
TSK_000430,USR_072,Synthetic Task 0430,completed,high,90,2026-08-03 00:00:00,2026-07-24 15:14:00,2026-07-29 07:29:00,
TSK_000431,USR_060,Synthetic Task 0431,completed,medium,60,2026-07-15 00:00:00,2026-07-04 10:34:00,2026-07-04 21:15:00,calm_needed
TSK_000432,USR_088,Synthetic Task 0432,completed,low,30,2026-07-02 00:00:00,2026-06-19 18:15:00,2026-06-25 07:14:00,well
TSK_000433,USR_023,Synthetic Task 0433,completed,high,30,,2026-08-13 20:35:00,2026-08-20 12:38:00,
TSK_000434,USR_066,Synthetic Task 0434,completed,medium,30,2026-07-30 00:00:00,2026-07-23 13:53:00,2026-07-27 12:26:00,well
TSK_000435,USR_053,Synthetic Task 0435,completed,high,90,2026-06-17 00:00:00,2026-06-12 16:34:00,2026-06-17 18:57:00,well
TSK_000436,USR_081,Synthetic Task 0436,pending,medium,90,,2026-07-10 07:56:00,,calm_needed
TSK_000437,USR_072,Synthetic Task 0437,pending,medium,120,2026-06-18 00:00:00,2026-06-13 20:14:00,,
TSK_000438,USR_044,Synthetic Task 0438,completed,low,45,2026-07-16 00:00:00,2026-07-02 16:02:00,2026-07-07 09:16:00,well
TSK_000439,USR_017,Synthetic Task 0439,completed,low,30,,2026-07-07 14:37:00,2026-07-07 16:55:00,
TSK_000440,USR_067,Synthetic Task 0440,completed,high,45,2026-07-04 00:00:00,2026-06-30 12:51:00,2026-07-06 19:28:00,
TSK_000441,USR_067,Synthetic Task 0441,completed,medium,15,2026-06-06 00:00:00,2026-06-04 19:56:00,2026-06-06 07:07:00,well
TSK_000442,USR_063,Synthetic Task 0442,completed,medium,30,2026-08-21 00:00:00,2026-08-19 20:22:00,2026-08-25 17:02:00,well
TSK_000443,USR_063,Synthetic Task 0443,completed,high,30,,2026-08-20 13:48:00,2026-08-23 14:27:00,overwhelmed
TSK_000444,USR_097,Synthetic Task 0444,completed,high,45,2026-07-17 00:00:00,2026-07-05 18:08:00,2026-07-12 17:01:00,overwhelmed
TSK_000445,USR_021,Synthetic Task 0445,completed,high,45,2026-06-16 00:00:00,2026-06-07 22:32:00,2026-06-08 00:40:00,
TSK_000446,USR_083,Synthetic Task 0446,pending,low,30,2026-07-18 00:00:00,2026-07-06 12:36:00,,well
TSK_000447,USR_053,Synthetic Task 0447,pending,high,60,2026-07-16 00:00:00,2026-07-03 14:54:00,,
TSK_000448,USR_082,Synthetic Task 0448,completed,high,30,2026-08-28 00:00:00,2026-08-26 19:01:00,2026-08-29 19:29:00,
TSK_000449,USR_032,Synthetic Task 0449,completed,medium,60,2026-08-30 00:00:00,2026-08-24 15:52:00,2026-08-24 16:51:00,
TSK_000450,USR_089,Synthetic Task 0450,pending,low,45,,2026-07-19 18:47:00,,
TSK_000451,USR_091,Synthetic Task 0451,completed,medium,60,2026-06-27 00:00:00,2026-06-26 17:46:00,2026-06-29 09:33:00,well
TSK_000452,USR_028,Synthetic Task 0452,completed,low,45,,2026-08-23 12:43:00,2026-08-24 19:26:00,
TSK_000453,USR_046,Synthetic Task 0453,completed,high,30,2026-08-25 00:00:00,2026-08-23 16:31:00,2026-08-29 15:11:00,
TSK_000454,USR_013,Synthetic Task 0454,completed,medium,15,2026-07-25 00:00:00,2026-07-11 17:36:00,2026-07-17 15:00:00,
TSK_000455,USR_020,Synthetic Task 0455,pending,medium,60,2026-07-16 00:00:00,2026-07-14 10:04:00,,
TSK_000456,USR_032,Synthetic Task 0456,completed,medium,15,,2026-06-22 15:57:00,2026-06-24 12:53:00,
TSK_000457,USR_070,Synthetic Task 0457,completed,high,120,2026-08-11 00:00:00,2026-08-09 19:49:00,2026-08-12 18:04:00,overwhelmed
TSK_000458,USR_095,Synthetic Task 0458,completed,high,45,2026-07-26 00:00:00,2026-07-15 21:16:00,2026-07-19 19:43:00,overwhelmed
TSK_000459,USR_014,Synthetic Task 0459,completed,low,30,2026-07-12 00:00:00,2026-07-09 09:54:00,2026-07-11 12:05:00,
TSK_000460,USR_022,Synthetic Task 0460,completed,low,90,2026-08-19 00:00:00,2026-08-16 18:50:00,2026-08-21 20:58:00,overwhelmed
TSK_000461,USR_021,Synthetic Task 0461,completed,medium,30,,2026-08-03 15:03:00,2026-08-10 10:26:00,
TSK_000462,USR_056,Synthetic Task 0462,completed,medium,30,2026-07-30 00:00:00,2026-07-22 20:45:00,2026-07-28 17:07:00,overwhelmed
TSK_000463,USR_053,Synthetic Task 0463,completed,medium,30,2026-08-09 00:00:00,2026-08-07 07:24:00,2026-08-10 22:05:00,well
TSK_000464,USR_031,Synthetic Task 0464,completed,high,30,2026-07-26 00:00:00,2026-07-26 22:34:00,2026-07-30 15:05:00,
TSK_000465,USR_010,Synthetic Task 0465,completed,low,90,2026-08-17 00:00:00,2026-08-10 10:41:00,2026-08-14 08:30:00,calm_needed
TSK_000466,USR_008,Synthetic Task 0466,completed,low,30,2026-06-16 00:00:00,2026-06-05 13:21:00,2026-06-05 21:20:00,well
TSK_000467,USR_047,Synthetic Task 0467,pending,low,30,2026-08-03 00:00:00,2026-07-25 16:37:00,,calm_needed
TSK_000468,USR_014,Synthetic Task 0468,pending,low,30,2026-09-03 00:00:00,2026-08-21 12:56:00,,well
TSK_000469,USR_013,Synthetic Task 0469,pending,medium,30,2026-07-19 00:00:00,2026-07-10 21:36:00,,well
TSK_000470,USR_061,Synthetic Task 0470,completed,medium,30,2026-07-03 00:00:00,2026-06-19 17:58:00,2026-06-20 14:30:00,calm_needed
TSK_000471,USR_019,Synthetic Task 0471,completed,medium,60,2026-08-28 00:00:00,2026-08-23 19:24:00,2026-08-23 23:10:00,
TSK_000472,USR_053,Synthetic Task 0472,completed,medium,30,2026-07-09 00:00:00,2026-07-05 10:58:00,2026-07-10 16:36:00,well
TSK_000473,USR_046,Synthetic Task 0473,completed,medium,60,2026-07-22 00:00:00,2026-07-22 18:28:00,2026-07-25 07:15:00,
TSK_000474,USR_040,Synthetic Task 0474,pending,medium,30,2026-08-19 00:00:00,2026-08-11 10:59:00,,
TSK_000475,USR_085,Synthetic Task 0475,completed,low,45,2026-08-22 00:00:00,2026-08-08 16:34:00,2026-08-08 19:30:00,well
TSK_000476,USR_046,Synthetic Task 0476,completed,medium,60,2026-08-02 00:00:00,2026-08-02 18:40:00,2026-08-05 10:05:00,
TSK_000477,USR_002,Synthetic Task 0477,completed,medium,60,,2026-06-20 13:30:00,2026-06-24 12:35:00,
TSK_000478,USR_037,Synthetic Task 0478,completed,high,60,2026-07-02 00:00:00,2026-06-29 09:34:00,2026-07-04 09:35:00,
TSK_000479,USR_003,Synthetic Task 0479,completed,high,45,2026-06-17 00:00:00,2026-06-12 22:46:00,2026-06-16 20:13:00,calm_needed
TSK_000480,USR_029,Synthetic Task 0480,completed,medium,60,2026-08-04 00:00:00,2026-07-25 10:50:00,2026-07-30 09:42:00,
TSK_000481,USR_060,Synthetic Task 0481,completed,low,30,2026-07-05 00:00:00,2026-07-01 09:34:00,2026-07-08 12:43:00,well
TSK_000482,USR_001,Synthetic Task 0482,completed,low,15,2026-08-01 00:00:00,2026-07-23 12:38:00,2026-07-30 15:09:00,
TSK_000483,USR_050,Synthetic Task 0483,pending,low,45,2026-09-04 00:00:00,2026-08-21 21:28:00,,
TSK_000484,USR_087,Synthetic Task 0484,completed,medium,30,2026-06-14 00:00:00,2026-06-03 09:00:00,2026-06-06 20:02:00,overwhelmed
TSK_000485,USR_065,Synthetic Task 0485,completed,low,30,2026-08-26 00:00:00,2026-08-15 10:24:00,2026-08-16 18:17:00,well
TSK_000486,USR_099,Synthetic Task 0486,completed,medium,45,2026-09-06 00:00:00,2026-08-24 21:35:00,2026-08-28 20:51:00,
TSK_000487,USR_023,Synthetic Task 0487,completed,medium,60,2026-08-09 00:00:00,2026-07-28 13:32:00,2026-07-30 11:23:00,
TSK_000488,USR_080,Synthetic Task 0488,completed,medium,30,2026-08-19 00:00:00,2026-08-15 19:30:00,2026-08-22 21:24:00,
TSK_000489,USR_003,Synthetic Task 0489,completed,medium,60,2026-07-31 00:00:00,2026-07-18 16:22:00,2026-07-21 22:44:00,well
TSK_000490,USR_009,Synthetic Task 0490,completed,medium,45,,2026-07-19 10:59:00,2026-07-21 11:29:00,well
TSK_000491,USR_087,Synthetic Task 0491,completed,low,15,2026-08-16 00:00:00,2026-08-02 21:50:00,2026-08-02 23:27:00,well
TSK_000492,USR_078,Synthetic Task 0492,completed,medium,60,,2026-08-27 20:29:00,2026-08-27 23:50:00,
TSK_000493,USR_075,Synthetic Task 0493,pending,low,30,2026-07-17 00:00:00,2026-07-17 18:25:00,,
TSK_000494,USR_070,Synthetic Task 0494,completed,medium,15,2026-06-08 00:00:00,2026-06-01 12:50:00,2026-06-06 17:21:00,well
TSK_000495,USR_095,Synthetic Task 0495,pending,medium,30,2026-06-16 00:00:00,2026-06-15 08:01:00,,calm_needed
TSK_000496,USR_085,Synthetic Task 0496,completed,low,30,,2026-07-29 21:25:00,2026-07-31 14:21:00,well
TSK_000497,USR_086,Synthetic Task 0497,completed,medium,45,2026-08-22 00:00:00,2026-08-10 08:36:00,2026-08-15 07:19:00,
TSK_000498,USR_022,Synthetic Task 0498,completed,high,30,2026-07-18 00:00:00,2026-07-14 07:15:00,2026-07-17 17:23:00,
TSK_000499,USR_003,Synthetic Task 0499,completed,high,60,,2026-08-06 14:45:00,2026-08-13 19:55:00,
TSK_000500,USR_091,Synthetic Task 0500,completed,medium,45,2026-07-15 00:00:00,2026-07-01 17:39:00,2026-07-05 08:22:00,
TSK_000501,USR_042,Synthetic Task 0501,completed,high,45,2026-07-02 00:00:00,2026-06-23 19:21:00,2026-06-30 10:13:00,overwhelmed
TSK_000502,USR_011,Synthetic Task 0502,completed,medium,60,2026-08-05 00:00:00,2026-08-02 12:53:00,2026-08-09 12:43:00,
TSK_000503,USR_016,Synthetic Task 0503,completed,medium,45,,2026-07-26 19:49:00,2026-07-30 10:43:00,
TSK_000504,USR_013,Synthetic Task 0504,completed,low,30,2026-06-24 00:00:00,2026-06-15 15:26:00,2026-06-20 19:57:00,well
TSK_000505,USR_036,Synthetic Task 0505,completed,medium,60,2026-07-04 00:00:00,2026-06-21 19:51:00,2026-06-24 07:53:00,well
TSK_000506,USR_097,Synthetic Task 0506,completed,medium,45,,2026-06-02 22:59:00,2026-06-03 02:47:00,
TSK_000507,USR_076,Synthetic Task 0507,completed,high,45,2026-08-07 00:00:00,2026-08-03 11:28:00,2026-08-07 20:09:00,calm_needed
TSK_000508,USR_099,Synthetic Task 0508,pending,medium,30,2026-06-26 00:00:00,2026-06-25 08:37:00,,
TSK_000509,USR_010,Synthetic Task 0509,completed,medium,90,,2026-06-02 18:44:00,2026-06-08 09:29:00,well
TSK_000510,USR_087,Synthetic Task 0510,pending,medium,60,2026-08-24 00:00:00,2026-08-11 11:32:00,,overwhelmed
TSK_000511,USR_004,Synthetic Task 0511,completed,high,30,2026-07-15 00:00:00,2026-07-04 13:31:00,2026-07-08 07:47:00,
TSK_000512,USR_024,Synthetic Task 0512,pending,low,30,2026-07-07 00:00:00,2026-07-03 09:03:00,,
TSK_000513,USR_006,Synthetic Task 0513,completed,medium,30,2026-07-05 00:00:00,2026-06-24 09:27:00,2026-06-27 18:07:00,
TSK_000514,USR_009,Synthetic Task 0514,pending,low,15,2026-07-19 00:00:00,2026-07-10 11:50:00,,calm_needed
TSK_000515,USR_040,Synthetic Task 0515,pending,high,60,2026-06-12 00:00:00,2026-06-03 18:57:00,,
TSK_000516,USR_002,Synthetic Task 0516,completed,high,45,2026-08-05 00:00:00,2026-08-05 08:20:00,2026-08-05 11:47:00,
TSK_000517,USR_015,Synthetic Task 0517,completed,medium,30,2026-08-18 00:00:00,2026-08-14 16:35:00,2026-08-17 09:50:00,overwhelmed
TSK_000518,USR_029,Synthetic Task 0518,completed,high,45,2026-08-30 00:00:00,2026-08-23 11:33:00,2026-08-25 16:15:00,well
TSK_000519,USR_031,Synthetic Task 0519,pending,low,45,,2026-06-11 14:24:00,,
TSK_000520,USR_039,Synthetic Task 0520,completed,medium,45,2026-08-17 00:00:00,2026-08-13 14:41:00,2026-08-20 14:55:00,
TSK_000521,USR_042,Synthetic Task 0521,completed,high,45,2026-09-07 00:00:00,2026-08-29 16:51:00,2026-09-03 08:36:00,
TSK_000522,USR_007,Synthetic Task 0522,completed,medium,30,2026-06-12 00:00:00,2026-06-02 15:39:00,2026-06-07 08:03:00,
TSK_000523,USR_052,Synthetic Task 0523,completed,high,15,2026-08-28 00:00:00,2026-08-26 07:12:00,2026-09-02 20:16:00,
TSK_000524,USR_080,Synthetic Task 0524,pending,low,90,2026-07-26 00:00:00,2026-07-12 13:53:00,,
TSK_000525,USR_013,Synthetic Task 0525,pending,high,45,2026-07-05 00:00:00,2026-06-27 17:00:00,,well
TSK_000526,USR_071,Synthetic Task 0526,completed,medium,30,2026-06-14 00:00:00,2026-06-14 20:23:00,2026-06-19 12:02:00,
TSK_000527,USR_038,Synthetic Task 0527,completed,medium,15,2026-08-31 00:00:00,2026-08-29 12:58:00,2026-08-31 08:52:00,well
TSK_000528,USR_010,Synthetic Task 0528,completed,medium,30,2026-06-11 00:00:00,2026-06-09 13:29:00,2026-06-09 15:27:00,
TSK_000529,USR_072,Synthetic Task 0529,completed,high,30,2026-08-11 00:00:00,2026-08-07 11:18:00,2026-08-12 19:44:00,overwhelmed
TSK_000530,USR_058,Synthetic Task 0530,completed,low,45,2026-07-25 00:00:00,2026-07-13 14:04:00,2026-07-17 10:35:00,
TSK_000531,USR_037,Synthetic Task 0531,pending,low,45,2026-08-23 00:00:00,2026-08-21 16:41:00,,
TSK_000532,USR_012,Synthetic Task 0532,pending,medium,45,2026-07-07 00:00:00,2026-06-23 21:10:00,,
TSK_000533,USR_046,Synthetic Task 0533,completed,medium,90,2026-07-09 00:00:00,2026-06-29 15:05:00,2026-07-02 13:38:00,
TSK_000534,USR_063,Synthetic Task 0534,completed,low,15,2026-07-29 00:00:00,2026-07-23 19:24:00,2026-07-25 21:08:00,calm_needed
TSK_000535,USR_076,Synthetic Task 0535,pending,medium,30,2026-07-13 00:00:00,2026-07-11 09:05:00,,overwhelmed
TSK_000536,USR_027,Synthetic Task 0536,completed,high,30,,2026-07-20 08:01:00,2026-07-20 21:45:00,
TSK_000537,USR_037,Synthetic Task 0537,completed,low,45,2026-08-18 00:00:00,2026-08-08 15:45:00,2026-08-10 14:37:00,calm_needed
TSK_000538,USR_065,Synthetic Task 0538,completed,medium,45,2026-08-31 00:00:00,2026-08-23 14:02:00,2026-08-25 20:16:00,well
TSK_000539,USR_089,Synthetic Task 0539,pending,high,45,,2026-06-14 20:42:00,,
TSK_000540,USR_075,Synthetic Task 0540,completed,low,60,2026-08-01 00:00:00,2026-07-18 09:24:00,2026-07-23 16:38:00,calm_needed
TSK_000541,USR_059,Synthetic Task 0541,pending,low,60,,2026-06-17 17:30:00,,
TSK_000542,USR_006,Synthetic Task 0542,completed,medium,60,2026-08-22 00:00:00,2026-08-12 16:07:00,2026-08-16 13:19:00,
TSK_000543,USR_097,Synthetic Task 0543,completed,low,120,2026-08-19 00:00:00,2026-08-05 17:41:00,2026-08-12 16:06:00,
TSK_000544,USR_075,Synthetic Task 0544,completed,high,60,,2026-07-20 18:47:00,2026-07-25 17:43:00,well
TSK_000545,USR_086,Synthetic Task 0545,completed,medium,45,2026-08-06 00:00:00,2026-08-02 14:15:00,2026-08-08 12:59:00,calm_needed
TSK_000546,USR_089,Synthetic Task 0546,completed,high,45,2026-07-12 00:00:00,2026-07-01 21:46:00,2026-07-06 21:53:00,well
TSK_000547,USR_005,Synthetic Task 0547,completed,medium,90,2026-07-28 00:00:00,2026-07-18 19:31:00,2026-07-22 16:47:00,
TSK_000548,USR_030,Synthetic Task 0548,completed,medium,30,2026-06-07 00:00:00,2026-06-06 15:27:00,2026-06-09 17:26:00,
TSK_000549,USR_073,Synthetic Task 0549,completed,low,30,,2026-08-02 20:51:00,2026-08-03 18:27:00,well
TSK_000550,USR_006,Synthetic Task 0550,pending,high,45,2026-08-09 00:00:00,2026-07-28 12:50:00,,overwhelmed
TSK_000551,USR_078,Synthetic Task 0551,completed,high,30,2026-08-01 00:00:00,2026-07-21 10:47:00,2026-07-25 18:35:00,
TSK_000552,USR_018,Synthetic Task 0552,completed,medium,45,,2026-07-28 14:48:00,2026-07-29 21:44:00,
TSK_000553,USR_084,Synthetic Task 0553,completed,medium,60,2026-07-15 00:00:00,2026-07-04 18:15:00,2026-07-07 08:06:00,
TSK_000554,USR_091,Synthetic Task 0554,completed,medium,30,2026-06-12 00:00:00,2026-06-01 08:42:00,2026-06-05 15:29:00,
TSK_000555,USR_077,Synthetic Task 0555,pending,medium,30,2026-08-17 00:00:00,2026-08-05 20:09:00,,calm_needed
TSK_000556,USR_030,Synthetic Task 0556,pending,low,30,,2026-07-04 10:38:00,,well
TSK_000557,USR_024,Synthetic Task 0557,pending,medium,60,2026-06-22 00:00:00,2026-06-11 17:16:00,,
TSK_000558,USR_040,Synthetic Task 0558,pending,medium,30,2026-06-16 00:00:00,2026-06-14 22:41:00,,well
TSK_000559,USR_064,Synthetic Task 0559,completed,medium,60,,2026-08-17 21:57:00,2026-08-17 22:14:00,
TSK_000560,USR_069,Synthetic Task 0560,pending,medium,45,2026-06-20 00:00:00,2026-06-16 11:53:00,,
TSK_000561,USR_030,Synthetic Task 0561,completed,low,30,,2026-06-23 12:28:00,2026-06-27 07:19:00,
TSK_000562,USR_098,Synthetic Task 0562,completed,low,90,2026-07-23 00:00:00,2026-07-15 07:32:00,2026-07-18 11:23:00,
TSK_000563,USR_058,Synthetic Task 0563,completed,low,60,2026-08-31 00:00:00,2026-08-29 14:19:00,2026-09-05 12:21:00,
TSK_000564,USR_094,Synthetic Task 0564,completed,medium,30,2026-07-01 00:00:00,2026-06-22 11:52:00,2026-06-29 20:33:00,
TSK_000565,USR_065,Synthetic Task 0565,pending,medium,15,2026-07-20 00:00:00,2026-07-11 22:54:00,,well
TSK_000566,USR_066,Synthetic Task 0566,completed,high,60,2026-07-14 00:00:00,2026-07-14 10:04:00,2026-07-14 15:38:00,overwhelmed
TSK_000567,USR_072,Synthetic Task 0567,completed,low,60,2026-08-28 00:00:00,2026-08-24 14:57:00,2026-08-25 15:59:00,well
TSK_000568,USR_085,Synthetic Task 0568,completed,medium,60,2026-08-05 00:00:00,2026-07-31 14:21:00,2026-08-02 17:41:00,
TSK_000569,USR_027,Synthetic Task 0569,completed,medium,90,,2026-08-24 22:45:00,2026-08-31 10:50:00,
TSK_000570,USR_075,Synthetic Task 0570,pending,low,30,2026-06-27 00:00:00,2026-06-19 15:18:00,,well
TSK_000571,USR_067,Synthetic Task 0571,completed,medium,60,2026-07-09 00:00:00,2026-06-26 16:23:00,2026-06-30 21:38:00,
TSK_000572,USR_027,Synthetic Task 0572,completed,low,45,2026-07-17 00:00:00,2026-07-12 15:43:00,2026-07-13 14:27:00,
TSK_000573,USR_085,Synthetic Task 0573,completed,high,30,2026-08-30 00:00:00,2026-08-22 15:38:00,2026-08-24 07:15:00,overwhelmed
TSK_000574,USR_009,Synthetic Task 0574,completed,medium,30,2026-08-02 00:00:00,2026-07-23 14:09:00,2026-07-28 17:23:00,well
TSK_000575,USR_018,Synthetic Task 0575,completed,high,45,2026-06-28 00:00:00,2026-06-18 12:08:00,2026-06-23 16:21:00,
TSK_000576,USR_061,Synthetic Task 0576,completed,medium,15,2026-08-30 00:00:00,2026-08-21 21:16:00,2026-08-24 17:08:00,well
TSK_000577,USR_059,Synthetic Task 0577,completed,low,30,2026-07-13 00:00:00,2026-07-08 19:30:00,2026-07-10 18:27:00,
TSK_000578,USR_087,Synthetic Task 0578,completed,low,15,2026-08-18 00:00:00,2026-08-11 21:11:00,2026-08-13 12:26:00,overwhelmed
TSK_000579,USR_075,Synthetic Task 0579,pending,low,60,2026-06-26 00:00:00,2026-06-26 13:14:00,,calm_needed
TSK_000580,USR_014,Synthetic Task 0580,pending,high,45,2026-09-06 00:00:00,2026-08-27 12:10:00,,
TSK_000581,USR_017,Synthetic Task 0581,completed,high,30,,2026-07-19 09:58:00,2026-07-26 08:01:00,well
TSK_000582,USR_072,Synthetic Task 0582,pending,medium,30,2026-07-18 00:00:00,2026-07-10 16:01:00,,
TSK_000583,USR_050,Synthetic Task 0583,completed,medium,30,2026-08-22 00:00:00,2026-08-20 22:00:00,2026-08-21 16:17:00,calm_needed
TSK_000584,USR_094,Synthetic Task 0584,completed,medium,90,2026-06-01 00:00:00,2026-06-01 09:33:00,2026-06-01 10:48:00,
TSK_000585,USR_080,Synthetic Task 0585,completed,medium,90,,2026-08-01 12:10:00,2026-08-06 12:32:00,
TSK_000586,USR_021,Synthetic Task 0586,completed,low,15,2026-07-13 00:00:00,2026-07-04 12:25:00,2026-07-10 10:40:00,
TSK_000587,USR_082,Synthetic Task 0587,completed,medium,60,2026-06-23 00:00:00,2026-06-20 18:08:00,2026-06-24 14:09:00,calm_needed
TSK_000588,USR_004,Synthetic Task 0588,completed,high,15,,2026-07-18 18:15:00,2026-07-21 07:26:00,well
TSK_000589,USR_007,Synthetic Task 0589,pending,medium,60,2026-07-20 00:00:00,2026-07-12 20:09:00,,well
TSK_000590,USR_015,Synthetic Task 0590,completed,medium,90,2026-07-29 00:00:00,2026-07-23 11:17:00,2026-07-23 16:45:00,
TSK_000591,USR_088,Synthetic Task 0591,pending,low,15,2026-07-20 00:00:00,2026-07-15 19:09:00,,
TSK_000592,USR_015,Synthetic Task 0592,pending,medium,120,,2026-08-05 16:58:00,,
TSK_000593,USR_079,Synthetic Task 0593,completed,medium,45,2026-06-23 00:00:00,2026-06-17 14:25:00,2026-06-23 18:43:00,well
TSK_000594,USR_037,Synthetic Task 0594,completed,low,30,2026-08-17 00:00:00,2026-08-17 14:07:00,2026-08-24 17:36:00,
TSK_000595,USR_073,Synthetic Task 0595,pending,low,60,2026-08-12 00:00:00,2026-08-06 15:38:00,,
TSK_000596,USR_087,Synthetic Task 0596,completed,high,15,2026-07-28 00:00:00,2026-07-25 08:10:00,2026-07-27 20:15:00,well
TSK_000597,USR_064,Synthetic Task 0597,completed,medium,30,2026-07-21 00:00:00,2026-07-21 18:21:00,2026-07-23 10:27:00,well
TSK_000598,USR_003,Synthetic Task 0598,completed,high,90,2026-08-04 00:00:00,2026-08-02 08:22:00,2026-08-05 10:24:00,
TSK_000599,USR_094,Synthetic Task 0599,pending,low,60,2026-09-07 00:00:00,2026-08-28 11:29:00,,
TSK_000600,USR_024,Synthetic Task 0600,completed,high,45,,2026-07-08 18:32:00,2026-07-10 19:20:00,
TSK_000601,USR_046,Synthetic Task 0601,completed,low,30,2026-09-12 00:00:00,2026-08-29 20:41:00,2026-08-30 16:12:00,well
TSK_000602,USR_049,Synthetic Task 0602,completed,medium,60,2026-06-15 00:00:00,2026-06-03 22:01:00,2026-06-07 21:27:00,overwhelmed
TSK_000603,USR_024,Synthetic Task 0603,pending,high,30,2026-07-11 00:00:00,2026-07-03 20:42:00,,
TSK_000604,USR_014,Synthetic Task 0604,pending,low,60,2026-07-17 00:00:00,2026-07-06 09:43:00,,well
TSK_000605,USR_051,Synthetic Task 0605,completed,medium,60,2026-06-26 00:00:00,2026-06-17 19:05:00,2026-06-24 19:01:00,overwhelmed
TSK_000606,USR_074,Synthetic Task 0606,completed,high,90,2026-07-05 00:00:00,2026-06-28 21:11:00,2026-07-01 13:00:00,
TSK_000607,USR_063,Synthetic Task 0607,pending,low,45,2026-08-04 00:00:00,2026-08-02 16:13:00,,well
TSK_000608,USR_052,Synthetic Task 0608,completed,high,45,2026-06-22 00:00:00,2026-06-18 20:31:00,2026-06-23 12:00:00,calm_needed
TSK_000609,USR_093,Synthetic Task 0609,completed,medium,30,2026-07-03 00:00:00,2026-06-29 21:46:00,2026-07-06 11:53:00,well
TSK_000610,USR_026,Synthetic Task 0610,completed,high,30,2026-08-09 00:00:00,2026-08-02 10:09:00,2026-08-05 09:11:00,
TSK_000611,USR_048,Synthetic Task 0611,completed,medium,15,2026-06-18 00:00:00,2026-06-16 20:46:00,2026-06-22 10:40:00,
TSK_000612,USR_025,Synthetic Task 0612,pending,medium,45,2026-08-25 00:00:00,2026-08-16 19:26:00,,
TSK_000613,USR_098,Synthetic Task 0613,completed,low,30,2026-07-12 00:00:00,2026-07-01 12:45:00,2026-07-08 21:06:00,
TSK_000614,USR_009,Synthetic Task 0614,completed,medium,30,2026-08-12 00:00:00,2026-07-29 16:26:00,2026-08-04 07:59:00,well
TSK_000615,USR_003,Synthetic Task 0615,completed,medium,90,2026-06-09 00:00:00,2026-06-07 08:15:00,2026-06-08 09:10:00,calm_needed
TSK_000616,USR_003,Synthetic Task 0616,completed,high,15,2026-08-09 00:00:00,2026-07-30 09:49:00,2026-08-06 19:07:00,well
TSK_000617,USR_069,Synthetic Task 0617,pending,low,15,2026-09-11 00:00:00,2026-08-29 09:18:00,,
TSK_000618,USR_030,Synthetic Task 0618,completed,high,15,2026-07-31 00:00:00,2026-07-18 15:42:00,2026-07-23 08:44:00,
TSK_000619,USR_014,Synthetic Task 0619,completed,high,30,,2026-07-15 07:37:00,2026-07-15 15:51:00,
TSK_000620,USR_026,Synthetic Task 0620,completed,low,45,2026-08-15 00:00:00,2026-08-06 15:16:00,2026-08-08 08:16:00,
TSK_000621,USR_009,Synthetic Task 0621,completed,low,15,2026-07-13 00:00:00,2026-07-10 19:10:00,2026-07-17 10:32:00,calm_needed
TSK_000622,USR_058,Synthetic Task 0622,completed,high,30,2026-08-05 00:00:00,2026-07-25 20:12:00,2026-07-26 21:04:00,
TSK_000623,USR_006,Synthetic Task 0623,pending,high,15,2026-06-26 00:00:00,2026-06-26 22:53:00,,
TSK_000624,USR_085,Synthetic Task 0624,pending,medium,45,2026-08-08 00:00:00,2026-08-02 16:09:00,,well
TSK_000625,USR_039,Synthetic Task 0625,completed,high,60,2026-07-06 00:00:00,2026-07-01 08:15:00,2026-07-04 17:16:00,well
TSK_000626,USR_079,Synthetic Task 0626,completed,high,60,,2026-08-28 13:25:00,2026-08-30 22:41:00,overwhelmed
TSK_000627,USR_067,Synthetic Task 0627,pending,low,15,2026-08-05 00:00:00,2026-08-04 19:53:00,,
TSK_000628,USR_008,Synthetic Task 0628,completed,high,15,2026-07-31 00:00:00,2026-07-29 15:04:00,2026-08-02 15:04:00,overwhelmed
TSK_000629,USR_046,Synthetic Task 0629,completed,medium,45,2026-06-29 00:00:00,2026-06-22 14:32:00,2026-06-26 10:13:00,
TSK_000630,USR_003,Synthetic Task 0630,completed,medium,45,2026-08-09 00:00:00,2026-08-09 07:54:00,2026-08-16 07:23:00,
TSK_000631,USR_096,Synthetic Task 0631,completed,low,90,2026-06-11 00:00:00,2026-06-01 22:37:00,2026-06-05 19:56:00,
TSK_000632,USR_084,Synthetic Task 0632,pending,high,45,2026-08-14 00:00:00,2026-08-01 11:41:00,,
TSK_000633,USR_042,Synthetic Task 0633,completed,medium,60,2026-06-15 00:00:00,2026-06-04 17:51:00,2026-06-07 22:09:00,calm_needed
TSK_000634,USR_082,Synthetic Task 0634,completed,high,15,2026-08-23 00:00:00,2026-08-09 22:17:00,2026-08-15 13:58:00,well
TSK_000635,USR_019,Synthetic Task 0635,pending,medium,30,2026-08-14 00:00:00,2026-08-08 22:03:00,,overwhelmed
TSK_000636,USR_044,Synthetic Task 0636,completed,medium,45,2026-07-02 00:00:00,2026-06-23 08:29:00,2026-06-25 10:09:00,
TSK_000637,USR_044,Synthetic Task 0637,completed,medium,30,2026-08-18 00:00:00,2026-08-09 19:09:00,2026-08-09 20:07:00,
TSK_000638,USR_005,Synthetic Task 0638,completed,high,30,2026-07-11 00:00:00,2026-07-03 17:18:00,2026-07-05 07:08:00,
TSK_000639,USR_092,Synthetic Task 0639,pending,medium,60,,2026-07-18 13:04:00,,overwhelmed
TSK_000640,USR_064,Synthetic Task 0640,completed,medium,120,2026-06-19 00:00:00,2026-06-12 11:54:00,2026-06-18 21:04:00,
TSK_000641,USR_066,Synthetic Task 0641,completed,medium,90,2026-08-07 00:00:00,2026-07-29 07:33:00,2026-08-03 16:49:00,
TSK_000642,USR_088,Synthetic Task 0642,pending,medium,45,2026-08-14 00:00:00,2026-08-01 08:46:00,,
TSK_000643,USR_005,Synthetic Task 0643,completed,low,60,2026-08-14 00:00:00,2026-08-01 07:02:00,2026-08-05 18:57:00,
TSK_000644,USR_042,Synthetic Task 0644,pending,medium,90,,2026-08-08 16:23:00,,well
TSK_000645,USR_006,Synthetic Task 0645,completed,low,60,2026-08-27 00:00:00,2026-08-13 17:41:00,2026-08-13 22:41:00,
TSK_000646,USR_039,Synthetic Task 0646,completed,medium,30,2026-06-21 00:00:00,2026-06-13 17:38:00,2026-06-19 09:28:00,
TSK_000647,USR_060,Synthetic Task 0647,completed,medium,30,,2026-07-29 16:50:00,2026-07-30 17:46:00,overwhelmed
TSK_000648,USR_060,Synthetic Task 0648,completed,medium,45,2026-08-09 00:00:00,2026-08-09 21:47:00,2026-08-10 00:09:00,
TSK_000649,USR_094,Synthetic Task 0649,completed,low,30,2026-06-06 00:00:00,2026-06-02 07:56:00,2026-06-03 22:01:00,calm_needed
TSK_000650,USR_091,Synthetic Task 0650,completed,medium,30,2026-08-09 00:00:00,2026-08-08 09:37:00,2026-08-11 22:06:00,calm_needed
TSK_000651,USR_050,Synthetic Task 0651,pending,low,30,2026-06-08 00:00:00,2026-06-08 20:48:00,,
TSK_000652,USR_073,Synthetic Task 0652,completed,low,30,,2026-07-22 15:32:00,2026-07-23 09:51:00,
TSK_000653,USR_069,Synthetic Task 0653,completed,low,90,,2026-06-04 18:47:00,2026-06-05 19:20:00,
TSK_000654,USR_060,Synthetic Task 0654,completed,medium,30,2026-08-21 00:00:00,2026-08-07 22:45:00,2026-08-13 20:31:00,well
TSK_000655,USR_024,Synthetic Task 0655,completed,high,15,2026-07-07 00:00:00,2026-07-01 09:01:00,2026-07-06 20:40:00,
TSK_000656,USR_083,Synthetic Task 0656,completed,low,30,2026-07-05 00:00:00,2026-06-23 22:45:00,2026-06-23 23:33:00,
TSK_000657,USR_088,Synthetic Task 0657,pending,low,30,2026-07-15 00:00:00,2026-07-10 11:29:00,,overwhelmed
TSK_000658,USR_003,Synthetic Task 0658,completed,low,60,2026-06-21 00:00:00,2026-06-15 21:04:00,2026-06-15 23:37:00,
TSK_000659,USR_074,Synthetic Task 0659,pending,low,30,2026-08-05 00:00:00,2026-07-27 10:42:00,,
TSK_000660,USR_089,Synthetic Task 0660,pending,medium,30,2026-07-08 00:00:00,2026-07-06 18:55:00,,
TSK_000661,USR_077,Synthetic Task 0661,pending,medium,45,2026-06-21 00:00:00,2026-06-16 14:26:00,,overwhelmed
TSK_000662,USR_008,Synthetic Task 0662,completed,low,45,2026-06-26 00:00:00,2026-06-18 22:16:00,2026-06-22 14:23:00,well
TSK_000663,USR_048,Synthetic Task 0663,pending,low,45,2026-07-15 00:00:00,2026-07-09 15:24:00,,
TSK_000664,USR_095,Synthetic Task 0664,completed,medium,45,2026-06-29 00:00:00,2026-06-18 17:32:00,2026-06-22 18:28:00,well
TSK_000665,USR_026,Synthetic Task 0665,completed,medium,45,,2026-06-29 14:05:00,2026-07-01 14:23:00,
TSK_000666,USR_058,Synthetic Task 0666,completed,high,15,2026-07-30 00:00:00,2026-07-18 18:41:00,2026-07-25 07:34:00,
TSK_000667,USR_056,Synthetic Task 0667,completed,low,60,2026-07-17 00:00:00,2026-07-09 07:35:00,2026-07-15 22:22:00,overwhelmed
TSK_000668,USR_089,Synthetic Task 0668,completed,high,60,2026-06-27 00:00:00,2026-06-22 13:24:00,2026-06-27 21:28:00,
TSK_000669,USR_086,Synthetic Task 0669,pending,low,45,,2026-07-04 15:35:00,,
TSK_000670,USR_044,Synthetic Task 0670,completed,high,30,,2026-06-10 09:52:00,2026-06-13 11:08:00,calm_needed
TSK_000671,USR_048,Synthetic Task 0671,completed,medium,15,2026-08-21 00:00:00,2026-08-07 22:44:00,2026-08-11 11:59:00,
TSK_000672,USR_090,Synthetic Task 0672,pending,medium,60,2026-08-06 00:00:00,2026-07-23 20:30:00,,
TSK_000673,USR_044,Synthetic Task 0673,completed,medium,30,2026-07-29 00:00:00,2026-07-29 13:34:00,2026-08-03 11:36:00,well
TSK_000674,USR_076,Synthetic Task 0674,completed,high,15,2026-07-28 00:00:00,2026-07-23 14:25:00,2026-07-30 11:21:00,well
TSK_000675,USR_052,Synthetic Task 0675,pending,low,60,2026-06-28 00:00:00,2026-06-28 11:52:00,,
TSK_000676,USR_038,Synthetic Task 0676,completed,medium,60,,2026-08-08 19:47:00,2026-08-14 20:40:00,
TSK_000677,USR_077,Synthetic Task 0677,completed,high,30,2026-07-03 00:00:00,2026-06-19 22:16:00,2026-06-26 14:46:00,well
TSK_000678,USR_076,Synthetic Task 0678,completed,medium,120,2026-08-14 00:00:00,2026-08-14 11:55:00,2026-08-17 11:23:00,well
TSK_000679,USR_095,Synthetic Task 0679,completed,medium,15,2026-08-22 00:00:00,2026-08-22 18:19:00,2026-08-23 16:01:00,
TSK_000680,USR_002,Synthetic Task 0680,completed,high,45,2026-08-17 00:00:00,2026-08-13 08:31:00,2026-08-13 11:13:00,overwhelmed
TSK_000681,USR_076,Synthetic Task 0681,completed,medium,90,2026-08-30 00:00:00,2026-08-21 20:12:00,2026-08-23 13:13:00,
TSK_000682,USR_066,Synthetic Task 0682,pending,medium,90,2026-08-09 00:00:00,2026-07-30 19:36:00,,
TSK_000683,USR_061,Synthetic Task 0683,completed,high,30,2026-08-18 00:00:00,2026-08-16 18:35:00,2026-08-17 10:05:00,
TSK_000684,USR_028,Synthetic Task 0684,pending,high,45,2026-08-19 00:00:00,2026-08-05 18:50:00,,overwhelmed
TSK_000685,USR_014,Synthetic Task 0685,completed,high,45,2026-07-14 00:00:00,2026-07-09 12:38:00,2026-07-10 18:54:00,
TSK_000686,USR_058,Synthetic Task 0686,completed,low,45,2026-08-06 00:00:00,2026-07-26 13:21:00,2026-07-26 13:43:00,
TSK_000687,USR_058,Synthetic Task 0687,completed,medium,30,,2026-07-27 09:08:00,2026-07-31 18:40:00,
TSK_000688,USR_047,Synthetic Task 0688,pending,medium,45,2026-09-03 00:00:00,2026-08-22 08:43:00,,well
TSK_000689,USR_097,Synthetic Task 0689,completed,medium,120,2026-06-25 00:00:00,2026-06-24 16:27:00,2026-06-27 19:48:00,
TSK_000690,USR_051,Synthetic Task 0690,completed,medium,30,2026-06-26 00:00:00,2026-06-22 15:13:00,2026-06-27 19:04:00,overwhelmed
TSK_000691,USR_062,Synthetic Task 0691,completed,high,30,2026-08-09 00:00:00,2026-08-06 18:19:00,2026-08-12 17:10:00,well
TSK_000692,USR_099,Synthetic Task 0692,completed,medium,30,,2026-07-17 21:49:00,2026-07-21 13:33:00,
TSK_000693,USR_023,Synthetic Task 0693,completed,high,30,2026-08-27 00:00:00,2026-08-13 20:32:00,2026-08-20 16:29:00,
TSK_000694,USR_050,Synthetic Task 0694,completed,high,90,2026-06-20 00:00:00,2026-06-08 13:12:00,2026-06-12 16:11:00,
TSK_000695,USR_020,Synthetic Task 0695,completed,medium,90,2026-07-01 00:00:00,2026-06-24 15:54:00,2026-06-26 19:01:00,
TSK_000696,USR_058,Synthetic Task 0696,completed,medium,120,2026-08-04 00:00:00,2026-08-03 18:11:00,2026-08-07 14:56:00,
TSK_000697,USR_007,Synthetic Task 0697,completed,medium,45,2026-08-20 00:00:00,2026-08-16 09:47:00,2026-08-19 18:27:00,
TSK_000698,USR_089,Synthetic Task 0698,pending,low,30,2026-09-03 00:00:00,2026-08-28 13:29:00,,well
TSK_000699,USR_024,Synthetic Task 0699,pending,medium,30,2026-07-22 00:00:00,2026-07-20 11:52:00,,
TSK_000700,USR_092,Synthetic Task 0700,completed,medium,30,2026-07-11 00:00:00,2026-07-08 21:57:00,2026-07-09 21:23:00,overwhelmed
TSK_000701,USR_031,Synthetic Task 0701,completed,low,45,2026-09-05 00:00:00,2026-08-26 20:27:00,2026-08-30 11:35:00,
TSK_000702,USR_061,Synthetic Task 0702,completed,medium,90,2026-07-14 00:00:00,2026-07-11 08:59:00,2026-07-18 17:59:00,
TSK_000703,USR_036,Synthetic Task 0703,pending,medium,45,2026-07-20 00:00:00,2026-07-10 20:37:00,,overwhelmed
TSK_000704,USR_066,Synthetic Task 0704,completed,medium,45,,2026-07-17 14:12:00,2026-07-21 10:26:00,calm_needed
TSK_000705,USR_075,Synthetic Task 0705,completed,medium,30,2026-09-04 00:00:00,2026-08-26 18:45:00,2026-08-30 14:22:00,
TSK_000706,USR_067,Synthetic Task 0706,pending,medium,60,2026-08-20 00:00:00,2026-08-12 14:46:00,,
TSK_000707,USR_065,Synthetic Task 0707,completed,high,30,2026-07-11 00:00:00,2026-07-10 11:29:00,2026-07-13 18:47:00,
TSK_000708,USR_037,Synthetic Task 0708,pending,low,15,2026-07-06 00:00:00,2026-06-27 15:04:00,,overwhelmed
TSK_000709,USR_078,Synthetic Task 0709,completed,low,30,2026-06-30 00:00:00,2026-06-27 16:58:00,2026-06-30 14:16:00,well
TSK_000710,USR_018,Synthetic Task 0710,pending,high,45,2026-08-13 00:00:00,2026-08-02 13:31:00,,overwhelmed
TSK_000711,USR_008,Synthetic Task 0711,completed,medium,45,,2026-06-22 17:40:00,2026-06-25 14:43:00,well
TSK_000712,USR_097,Synthetic Task 0712,pending,medium,30,2026-08-05 00:00:00,2026-07-25 12:38:00,,
TSK_000713,USR_041,Synthetic Task 0713,completed,high,60,2026-08-20 00:00:00,2026-08-06 16:26:00,2026-08-07 12:54:00,
TSK_000714,USR_026,Synthetic Task 0714,pending,low,45,2026-08-27 00:00:00,2026-08-24 07:00:00,,
TSK_000715,USR_019,Synthetic Task 0715,pending,low,30,2026-06-08 00:00:00,2026-06-05 18:45:00,,
TSK_000716,USR_087,Synthetic Task 0716,completed,high,45,2026-07-17 00:00:00,2026-07-16 08:28:00,2026-07-21 10:21:00,
TSK_000717,USR_077,Synthetic Task 0717,completed,medium,60,2026-07-22 00:00:00,2026-07-08 17:54:00,2026-07-08 20:00:00,calm_needed
TSK_000718,USR_013,Synthetic Task 0718,pending,medium,60,2026-06-24 00:00:00,2026-06-20 14:40:00,,
TSK_000719,USR_035,Synthetic Task 0719,pending,medium,30,2026-08-11 00:00:00,2026-08-04 10:50:00,,
TSK_000720,USR_013,Synthetic Task 0720,completed,medium,15,,2026-08-21 20:10:00,2026-08-22 19:58:00,
TSK_000721,USR_044,Synthetic Task 0721,completed,low,30,2026-06-17 00:00:00,2026-06-13 15:23:00,2026-06-13 17:07:00,overwhelmed
TSK_000722,USR_018,Synthetic Task 0722,completed,medium,30,2026-08-10 00:00:00,2026-08-02 19:36:00,2026-08-02 20:15:00,overwhelmed
TSK_000723,USR_046,Synthetic Task 0723,completed,medium,30,2026-07-27 00:00:00,2026-07-14 13:23:00,2026-07-21 10:30:00,calm_needed
TSK_000724,USR_022,Synthetic Task 0724,completed,low,60,,2026-06-17 07:56:00,2026-06-17 14:33:00,
TSK_000725,USR_093,Synthetic Task 0725,completed,low,30,,2026-06-15 17:33:00,2026-06-17 10:12:00,
TSK_000726,USR_048,Synthetic Task 0726,completed,medium,30,2026-06-12 00:00:00,2026-06-08 12:53:00,2026-06-14 18:20:00,calm_needed
TSK_000727,USR_006,Synthetic Task 0727,completed,low,30,2026-08-14 00:00:00,2026-08-09 19:00:00,2026-08-14 07:47:00,
TSK_000728,USR_061,Synthetic Task 0728,completed,low,15,,2026-06-12 16:03:00,2026-06-16 17:15:00,
TSK_000729,USR_021,Synthetic Task 0729,completed,high,30,2026-08-21 00:00:00,2026-08-12 13:41:00,2026-08-14 11:25:00,calm_needed
TSK_000730,USR_072,Synthetic Task 0730,completed,high,15,2026-07-24 00:00:00,2026-07-22 21:32:00,2026-07-23 11:56:00,
TSK_000731,USR_029,Synthetic Task 0731,completed,medium,60,2026-08-04 00:00:00,2026-07-26 11:02:00,2026-08-01 21:34:00,
TSK_000732,USR_080,Synthetic Task 0732,completed,medium,30,2026-07-13 00:00:00,2026-07-05 08:10:00,2026-07-06 13:03:00,
TSK_000733,USR_093,Synthetic Task 0733,completed,low,15,2026-08-01 00:00:00,2026-07-26 16:26:00,2026-07-26 20:18:00,
TSK_000734,USR_021,Synthetic Task 0734,pending,low,15,2026-08-09 00:00:00,2026-07-26 22:35:00,,calm_needed
TSK_000735,USR_038,Synthetic Task 0735,pending,medium,45,,2026-06-29 14:18:00,,
TSK_000736,USR_013,Synthetic Task 0736,completed,high,30,2026-07-14 00:00:00,2026-06-30 17:48:00,2026-07-01 18:19:00,well
TSK_000737,USR_071,Synthetic Task 0737,completed,medium,60,2026-07-19 00:00:00,2026-07-05 17:48:00,2026-07-06 13:38:00,well
TSK_000738,USR_003,Synthetic Task 0738,completed,low,30,2026-07-14 00:00:00,2026-06-30 14:37:00,2026-07-07 12:48:00,
TSK_000739,USR_046,Synthetic Task 0739,completed,high,45,2026-08-22 00:00:00,2026-08-15 19:13:00,2026-08-18 10:16:00,well
TSK_000740,USR_038,Synthetic Task 0740,completed,medium,30,2026-07-23 00:00:00,2026-07-17 18:53:00,2026-07-20 21:24:00,
TSK_000741,USR_088,Synthetic Task 0741,pending,high,60,2026-06-27 00:00:00,2026-06-16 14:42:00,,
TSK_000742,USR_003,Synthetic Task 0742,completed,medium,45,2026-06-02 00:00:00,2026-06-01 21:55:00,2026-06-06 09:20:00,well
TSK_000743,USR_068,Synthetic Task 0743,pending,medium,30,2026-07-09 00:00:00,2026-07-05 14:35:00,,overwhelmed
TSK_000744,USR_005,Synthetic Task 0744,completed,medium,30,2026-06-25 00:00:00,2026-06-22 18:44:00,2026-06-29 16:30:00,
TSK_000745,USR_035,Synthetic Task 0745,completed,low,30,2026-09-01 00:00:00,2026-08-23 08:51:00,2026-08-28 09:20:00,overwhelmed
TSK_000746,USR_064,Synthetic Task 0746,completed,medium,120,2026-07-27 00:00:00,2026-07-22 16:21:00,2026-07-24 12:34:00,
TSK_000747,USR_081,Synthetic Task 0747,completed,medium,30,2026-06-11 00:00:00,2026-06-06 12:17:00,2026-06-07 10:26:00,overwhelmed
TSK_000748,USR_092,Synthetic Task 0748,completed,low,15,2026-08-30 00:00:00,2026-08-18 17:28:00,2026-08-20 21:47:00,well
TSK_000749,USR_075,Synthetic Task 0749,completed,medium,30,,2026-08-28 09:19:00,2026-08-29 18:23:00,well
TSK_000750,USR_004,Synthetic Task 0750,completed,medium,30,2026-07-09 00:00:00,2026-07-02 09:02:00,2026-07-08 18:13:00,
TSK_000751,USR_040,Synthetic Task 0751,completed,low,120,,2026-08-20 16:55:00,2026-08-22 17:01:00,calm_needed
TSK_000752,USR_088,Synthetic Task 0752,pending,medium,60,,2026-08-13 08:27:00,,calm_needed
TSK_000753,USR_069,Synthetic Task 0753,completed,high,15,2026-07-10 00:00:00,2026-07-09 13:31:00,2026-07-09 22:11:00,
TSK_000754,USR_097,Synthetic Task 0754,completed,high,30,2026-06-20 00:00:00,2026-06-14 12:10:00,2026-06-18 14:59:00,calm_needed
TSK_000755,USR_040,Synthetic Task 0755,completed,high,60,2026-08-08 00:00:00,2026-07-29 18:35:00,2026-08-02 16:30:00,well
TSK_000756,USR_047,Synthetic Task 0756,completed,low,45,,2026-06-06 19:26:00,2026-06-10 11:34:00,overwhelmed
TSK_000757,USR_009,Synthetic Task 0757,completed,high,45,2026-06-15 00:00:00,2026-06-11 22:44:00,2026-06-18 10:16:00,
TSK_000758,USR_025,Synthetic Task 0758,pending,medium,60,2026-08-27 00:00:00,2026-08-13 16:29:00,,
TSK_000759,USR_029,Synthetic Task 0759,completed,low,60,2026-08-08 00:00:00,2026-08-05 17:52:00,2026-08-08 10:14:00,
TSK_000760,USR_052,Synthetic Task 0760,completed,medium,30,2026-07-15 00:00:00,2026-07-01 18:52:00,2026-07-08 15:10:00,well
TSK_000761,USR_020,Synthetic Task 0761,completed,low,90,2026-07-07 00:00:00,2026-07-04 18:19:00,2026-07-08 12:54:00,calm_needed
TSK_000762,USR_065,Synthetic Task 0762,pending,medium,15,,2026-07-25 07:42:00,,calm_needed
TSK_000763,USR_094,Synthetic Task 0763,completed,medium,45,2026-08-01 00:00:00,2026-07-30 19:46:00,2026-08-06 07:21:00,
TSK_000764,USR_052,Synthetic Task 0764,completed,low,15,2026-06-14 00:00:00,2026-06-11 16:16:00,2026-06-17 08:12:00,well
TSK_000765,USR_005,Synthetic Task 0765,completed,low,15,2026-07-24 00:00:00,2026-07-11 12:55:00,2026-07-11 20:23:00,
TSK_000766,USR_078,Synthetic Task 0766,completed,medium,30,2026-08-27 00:00:00,2026-08-27 22:17:00,2026-09-02 11:06:00,
TSK_000767,USR_090,Synthetic Task 0767,pending,high,45,2026-08-25 00:00:00,2026-08-25 13:17:00,,
TSK_000768,USR_094,Synthetic Task 0768,completed,medium,60,2026-07-21 00:00:00,2026-07-12 13:07:00,2026-07-18 18:05:00,well
TSK_000769,USR_057,Synthetic Task 0769,pending,medium,60,,2026-07-29 19:30:00,,
TSK_000770,USR_084,Synthetic Task 0770,completed,medium,30,2026-06-06 00:00:00,2026-06-04 14:41:00,2026-06-10 07:56:00,well
TSK_000771,USR_082,Synthetic Task 0771,completed,medium,45,2026-06-13 00:00:00,2026-06-04 22:58:00,2026-06-06 18:40:00,overwhelmed
TSK_000772,USR_028,Synthetic Task 0772,pending,low,90,2026-06-20 00:00:00,2026-06-09 19:25:00,,well
TSK_000773,USR_007,Synthetic Task 0773,completed,high,15,2026-07-09 00:00:00,2026-07-04 14:44:00,2026-07-07 20:52:00,
TSK_000774,USR_027,Synthetic Task 0774,pending,medium,30,2026-07-21 00:00:00,2026-07-09 12:54:00,,
TSK_000775,USR_059,Synthetic Task 0775,completed,high,90,2026-08-25 00:00:00,2026-08-25 09:05:00,2026-08-25 11:04:00,
TSK_000776,USR_025,Synthetic Task 0776,completed,medium,60,2026-08-16 00:00:00,2026-08-09 18:17:00,2026-08-14 21:55:00,calm_needed
TSK_000777,USR_085,Synthetic Task 0777,completed,high,60,,2026-08-26 13:01:00,2026-08-31 14:27:00,
TSK_000778,USR_098,Synthetic Task 0778,completed,high,30,2026-07-03 00:00:00,2026-06-22 20:19:00,2026-06-24 14:11:00,
TSK_000779,USR_006,Synthetic Task 0779,completed,low,30,2026-08-01 00:00:00,2026-07-26 19:32:00,2026-07-28 22:50:00,
TSK_000780,USR_086,Synthetic Task 0780,completed,medium,45,,2026-07-02 20:56:00,2026-07-03 11:16:00,overwhelmed
TSK_000781,USR_061,Synthetic Task 0781,completed,medium,15,2026-08-11 00:00:00,2026-07-31 13:44:00,2026-08-03 18:53:00,
TSK_000782,USR_100,Synthetic Task 0782,completed,low,60,2026-08-15 00:00:00,2026-08-01 19:26:00,2026-08-07 13:13:00,
TSK_000783,USR_050,Synthetic Task 0783,pending,low,120,2026-08-18 00:00:00,2026-08-14 15:32:00,,
TSK_000784,USR_014,Synthetic Task 0784,pending,low,45,2026-07-08 00:00:00,2026-07-04 21:20:00,,calm_needed
TSK_000785,USR_076,Synthetic Task 0785,completed,low,15,2026-07-28 00:00:00,2026-07-16 12:46:00,2026-07-18 07:41:00,well
TSK_000786,USR_061,Synthetic Task 0786,completed,high,60,2026-08-16 00:00:00,2026-08-10 22:32:00,2026-08-11 13:48:00,
TSK_000787,USR_076,Synthetic Task 0787,completed,medium,120,2026-07-14 00:00:00,2026-07-01 18:09:00,2026-07-05 18:54:00,well
TSK_000788,USR_100,Synthetic Task 0788,completed,medium,90,2026-07-10 00:00:00,2026-07-03 17:07:00,2026-07-08 14:16:00,well
TSK_000789,USR_007,Synthetic Task 0789,completed,high,90,2026-08-05 00:00:00,2026-07-31 09:30:00,2026-08-06 22:40:00,
TSK_000790,USR_076,Synthetic Task 0790,completed,high,15,,2026-08-15 08:02:00,2026-08-22 15:28:00,overwhelmed
TSK_000791,USR_068,Synthetic Task 0791,completed,low,60,2026-07-08 00:00:00,2026-07-01 16:37:00,2026-07-02 12:37:00,well
TSK_000792,USR_054,Synthetic Task 0792,completed,high,30,,2026-06-06 19:50:00,2026-06-11 09:54:00,well
TSK_000793,USR_062,Synthetic Task 0793,pending,medium,45,2026-08-28 00:00:00,2026-08-25 11:51:00,,
TSK_000794,USR_093,Synthetic Task 0794,completed,high,30,2026-06-14 00:00:00,2026-06-11 11:49:00,2026-06-18 15:03:00,
TSK_000795,USR_028,Synthetic Task 0795,completed,medium,120,2026-07-19 00:00:00,2026-07-07 09:28:00,2026-07-12 21:10:00,
TSK_000796,USR_046,Synthetic Task 0796,pending,low,120,2026-07-18 00:00:00,2026-07-17 16:39:00,,
TSK_000797,USR_010,Synthetic Task 0797,completed,high,45,2026-08-11 00:00:00,2026-07-31 15:34:00,2026-08-05 14:30:00,calm_needed
TSK_000798,USR_027,Synthetic Task 0798,completed,high,15,2026-07-29 00:00:00,2026-07-25 21:58:00,2026-08-01 09:05:00,
TSK_000799,USR_043,Synthetic Task 0799,pending,medium,45,2026-06-23 00:00:00,2026-06-11 19:02:00,,
TSK_000800,USR_046,Synthetic Task 0800,pending,medium,30,,2026-07-13 17:20:00,,
TSK_000801,USR_010,Synthetic Task 0801,completed,low,90,2026-06-16 00:00:00,2026-06-03 19:59:00,2026-06-05 07:53:00,well
TSK_000802,USR_078,Synthetic Task 0802,completed,low,30,2026-07-14 00:00:00,2026-07-14 15:03:00,2026-07-16 14:38:00,
TSK_000803,USR_069,Synthetic Task 0803,pending,low,30,2026-08-27 00:00:00,2026-08-16 19:02:00,,
TSK_000804,USR_088,Synthetic Task 0804,completed,medium,30,,2026-07-03 13:20:00,2026-07-10 13:52:00,well
TSK_000805,USR_035,Synthetic Task 0805,pending,medium,60,2026-06-28 00:00:00,2026-06-18 09:38:00,,well
TSK_000806,USR_065,Synthetic Task 0806,completed,medium,45,2026-07-23 00:00:00,2026-07-21 08:33:00,2026-07-23 14:43:00,
TSK_000807,USR_028,Synthetic Task 0807,completed,high,45,,2026-08-28 18:05:00,2026-09-02 08:23:00,overwhelmed
TSK_000808,USR_038,Synthetic Task 0808,completed,low,90,2026-06-28 00:00:00,2026-06-14 08:42:00,2026-06-21 21:16:00,
TSK_000809,USR_094,Synthetic Task 0809,pending,medium,45,,2026-06-19 16:40:00,,
TSK_000810,USR_054,Synthetic Task 0810,completed,high,30,2026-07-23 00:00:00,2026-07-23 19:37:00,2026-07-28 12:26:00,well
TSK_000811,USR_018,Synthetic Task 0811,completed,high,30,2026-07-22 00:00:00,2026-07-12 07:15:00,2026-07-19 07:00:00,
TSK_000812,USR_039,Synthetic Task 0812,completed,medium,45,2026-08-30 00:00:00,2026-08-20 15:50:00,2026-08-26 13:00:00,well
TSK_000813,USR_030,Synthetic Task 0813,completed,medium,90,2026-07-31 00:00:00,2026-07-27 07:38:00,2026-07-31 18:42:00,
TSK_000814,USR_077,Synthetic Task 0814,completed,high,90,,2026-07-30 13:46:00,2026-08-01 08:17:00,overwhelmed
TSK_000815,USR_069,Synthetic Task 0815,completed,medium,45,2026-06-28 00:00:00,2026-06-24 13:06:00,2026-06-30 21:08:00,
TSK_000816,USR_004,Synthetic Task 0816,completed,medium,45,2026-07-05 00:00:00,2026-06-30 10:52:00,2026-07-07 20:22:00,
TSK_000817,USR_094,Synthetic Task 0817,completed,medium,60,2026-08-29 00:00:00,2026-08-23 18:06:00,2026-08-25 16:11:00,calm_needed
TSK_000818,USR_073,Synthetic Task 0818,pending,high,15,2026-07-21 00:00:00,2026-07-12 08:12:00,,
TSK_000819,USR_099,Synthetic Task 0819,completed,medium,15,2026-07-12 00:00:00,2026-06-29 10:05:00,2026-07-04 16:13:00,
TSK_000820,USR_027,Synthetic Task 0820,completed,high,30,2026-07-02 00:00:00,2026-06-22 16:51:00,2026-06-25 15:38:00,
TSK_000821,USR_017,Synthetic Task 0821,completed,medium,15,2026-08-09 00:00:00,2026-07-26 16:53:00,2026-07-29 15:23:00,well
TSK_000822,USR_090,Synthetic Task 0822,completed,medium,90,2026-09-03 00:00:00,2026-08-29 09:33:00,2026-09-02 12:35:00,
TSK_000823,USR_046,Synthetic Task 0823,completed,medium,15,,2026-08-10 18:33:00,2026-08-11 20:58:00,
TSK_000824,USR_039,Synthetic Task 0824,completed,low,30,2026-07-07 00:00:00,2026-06-29 18:56:00,2026-06-30 08:39:00,well
TSK_000825,USR_074,Synthetic Task 0825,completed,medium,90,,2026-07-09 22:59:00,2026-07-16 09:19:00,calm_needed
TSK_000826,USR_093,Synthetic Task 0826,completed,low,30,2026-07-17 00:00:00,2026-07-15 11:49:00,2026-07-15 12:12:00,calm_needed
TSK_000827,USR_053,Synthetic Task 0827,completed,high,30,2026-07-21 00:00:00,2026-07-16 10:18:00,2026-07-20 09:23:00,well
TSK_000828,USR_073,Synthetic Task 0828,completed,low,60,2026-06-30 00:00:00,2026-06-29 17:57:00,2026-07-05 10:48:00,
TSK_000829,USR_005,Synthetic Task 0829,completed,high,60,2026-07-27 00:00:00,2026-07-16 21:18:00,2026-07-18 14:33:00,
TSK_000830,USR_068,Synthetic Task 0830,pending,low,30,2026-08-06 00:00:00,2026-07-23 12:42:00,,
TSK_000831,USR_001,Synthetic Task 0831,completed,medium,60,2026-06-09 00:00:00,2026-06-09 13:51:00,2026-06-16 20:31:00,calm_needed
TSK_000832,USR_078,Synthetic Task 0832,completed,low,120,2026-08-10 00:00:00,2026-07-28 07:12:00,2026-07-31 13:59:00,
TSK_000833,USR_069,Synthetic Task 0833,completed,medium,15,2026-08-27 00:00:00,2026-08-14 22:50:00,2026-08-16 10:12:00,
TSK_000834,USR_015,Synthetic Task 0834,pending,low,60,2026-07-13 00:00:00,2026-06-30 20:23:00,,overwhelmed
TSK_000835,USR_069,Synthetic Task 0835,completed,low,15,2026-07-09 00:00:00,2026-07-06 11:47:00,2026-07-09 16:06:00,well
TSK_000836,USR_052,Synthetic Task 0836,completed,high,30,2026-06-27 00:00:00,2026-06-22 12:34:00,2026-06-24 13:54:00,well
TSK_000837,USR_039,Synthetic Task 0837,completed,high,30,2026-06-27 00:00:00,2026-06-18 15:02:00,2026-06-24 15:43:00,overwhelmed
TSK_000838,USR_052,Synthetic Task 0838,completed,medium,60,2026-06-23 00:00:00,2026-06-12 12:59:00,2026-06-12 14:56:00,well
TSK_000839,USR_013,Synthetic Task 0839,completed,medium,90,,2026-06-18 09:18:00,2026-06-24 13:29:00,well
TSK_000840,USR_092,Synthetic Task 0840,completed,medium,90,2026-06-21 00:00:00,2026-06-19 22:16:00,2026-06-19 23:07:00,
TSK_000841,USR_099,Synthetic Task 0841,completed,medium,45,2026-07-29 00:00:00,2026-07-17 15:59:00,2026-07-22 11:39:00,
TSK_000842,USR_076,Synthetic Task 0842,completed,medium,45,,2026-07-19 21:59:00,2026-07-26 22:51:00,
TSK_000843,USR_087,Synthetic Task 0843,completed,high,30,2026-06-18 00:00:00,2026-06-15 10:30:00,2026-06-19 11:29:00,calm_needed
TSK_000844,USR_020,Synthetic Task 0844,completed,medium,30,,2026-06-10 08:59:00,2026-06-12 11:12:00,
TSK_000845,USR_034,Synthetic Task 0845,completed,medium,15,2026-08-06 00:00:00,2026-08-01 22:58:00,2026-08-04 21:15:00,calm_needed
TSK_000846,USR_069,Synthetic Task 0846,completed,high,60,2026-07-10 00:00:00,2026-06-27 10:00:00,2026-06-30 16:43:00,
TSK_000847,USR_016,Synthetic Task 0847,completed,high,90,,2026-07-25 08:25:00,2026-07-26 11:07:00,
TSK_000848,USR_054,Synthetic Task 0848,completed,medium,45,2026-06-11 00:00:00,2026-06-09 07:16:00,2026-06-13 21:01:00,
TSK_000849,USR_096,Synthetic Task 0849,completed,low,30,,2026-08-11 18:58:00,2026-08-13 19:45:00,well
TSK_000850,USR_095,Synthetic Task 0850,pending,medium,90,2026-07-15 00:00:00,2026-07-12 21:12:00,,
TSK_000851,USR_033,Synthetic Task 0851,pending,low,60,2026-06-26 00:00:00,2026-06-25 22:57:00,,
TSK_000852,USR_023,Synthetic Task 0852,pending,low,45,2026-07-08 00:00:00,2026-06-30 21:09:00,,
TSK_000853,USR_086,Synthetic Task 0853,completed,high,90,,2026-08-19 20:17:00,2026-08-19 23:26:00,well
TSK_000854,USR_091,Synthetic Task 0854,completed,medium,30,2026-08-25 00:00:00,2026-08-15 16:33:00,2026-08-15 17:29:00,
TSK_000855,USR_007,Synthetic Task 0855,completed,high,30,2026-07-10 00:00:00,2026-06-27 16:09:00,2026-06-27 19:30:00,
TSK_000856,USR_077,Synthetic Task 0856,completed,high,45,2026-09-04 00:00:00,2026-08-22 15:09:00,2026-08-25 17:16:00,
TSK_000857,USR_030,Synthetic Task 0857,completed,high,15,2026-07-12 00:00:00,2026-07-10 18:27:00,2026-07-11 21:59:00,well
TSK_000858,USR_036,Synthetic Task 0858,pending,medium,30,2026-08-06 00:00:00,2026-08-03 22:27:00,,
TSK_000859,USR_033,Synthetic Task 0859,completed,medium,60,2026-07-04 00:00:00,2026-06-30 11:15:00,2026-07-02 17:38:00,
TSK_000860,USR_008,Synthetic Task 0860,pending,low,15,2026-06-14 00:00:00,2026-06-01 21:06:00,,
TSK_000861,USR_087,Synthetic Task 0861,completed,high,30,2026-08-15 00:00:00,2026-08-12 14:07:00,2026-08-13 09:31:00,well
TSK_000862,USR_049,Synthetic Task 0862,completed,low,30,,2026-07-08 08:08:00,2026-07-12 07:08:00,
TSK_000863,USR_091,Synthetic Task 0863,completed,medium,90,2026-07-09 00:00:00,2026-06-29 07:27:00,2026-07-05 17:02:00,
TSK_000864,USR_096,Synthetic Task 0864,completed,medium,30,2026-08-31 00:00:00,2026-08-24 12:33:00,2026-08-31 11:48:00,
TSK_000865,USR_031,Synthetic Task 0865,completed,medium,45,2026-08-05 00:00:00,2026-08-04 13:33:00,2026-08-07 09:26:00,well
TSK_000866,USR_093,Synthetic Task 0866,pending,medium,15,2026-06-30 00:00:00,2026-06-23 11:26:00,,well
TSK_000867,USR_082,Synthetic Task 0867,completed,high,45,2026-07-11 00:00:00,2026-07-05 12:42:00,2026-07-11 08:29:00,well
TSK_000868,USR_024,Synthetic Task 0868,completed,medium,60,2026-06-24 00:00:00,2026-06-10 21:37:00,2026-06-12 11:21:00,
TSK_000869,USR_050,Synthetic Task 0869,completed,medium,60,2026-08-19 00:00:00,2026-08-08 22:38:00,2026-08-12 13:36:00,
TSK_000870,USR_027,Synthetic Task 0870,completed,low,30,2026-06-18 00:00:00,2026-06-07 18:49:00,2026-06-11 13:16:00,
TSK_000871,USR_027,Synthetic Task 0871,completed,high,45,,2026-07-03 21:20:00,2026-07-08 15:16:00,
TSK_000872,USR_015,Synthetic Task 0872,completed,medium,60,2026-08-31 00:00:00,2026-08-23 09:00:00,2026-08-26 20:12:00,
TSK_000873,USR_001,Synthetic Task 0873,pending,medium,30,2026-07-10 00:00:00,2026-06-30 13:21:00,,
TSK_000874,USR_063,Synthetic Task 0874,completed,high,30,2026-08-27 00:00:00,2026-08-14 07:30:00,2026-08-17 12:54:00,
TSK_000875,USR_007,Synthetic Task 0875,completed,medium,120,2026-07-21 00:00:00,2026-07-07 13:21:00,2026-07-09 12:33:00,
TSK_000876,USR_017,Synthetic Task 0876,completed,low,45,,2026-08-26 17:14:00,2026-08-30 10:09:00,calm_needed
TSK_000877,USR_087,Synthetic Task 0877,completed,high,15,2026-08-14 00:00:00,2026-07-31 13:39:00,2026-08-04 13:17:00,well
TSK_000878,USR_077,Synthetic Task 0878,completed,low,90,2026-08-10 00:00:00,2026-08-02 09:39:00,2026-08-05 14:11:00,well
TSK_000879,USR_081,Synthetic Task 0879,completed,high,45,2026-09-04 00:00:00,2026-08-22 10:53:00,2026-08-22 14:41:00,
TSK_000880,USR_054,Synthetic Task 0880,pending,low,45,2026-06-21 00:00:00,2026-06-19 20:25:00,,
TSK_000881,USR_022,Synthetic Task 0881,completed,low,60,2026-06-29 00:00:00,2026-06-17 17:46:00,2026-06-19 20:04:00,
TSK_000882,USR_061,Synthetic Task 0882,completed,medium,45,2026-06-20 00:00:00,2026-06-12 19:57:00,2026-06-12 21:52:00,
TSK_000883,USR_043,Synthetic Task 0883,pending,high,45,2026-07-17 00:00:00,2026-07-06 08:22:00,,
TSK_000884,USR_058,Synthetic Task 0884,completed,medium,60,2026-06-17 00:00:00,2026-06-06 18:46:00,2026-06-11 07:08:00,overwhelmed
TSK_000885,USR_096,Synthetic Task 0885,completed,medium,15,2026-06-29 00:00:00,2026-06-26 13:31:00,2026-06-28 19:51:00,
TSK_000886,USR_042,Synthetic Task 0886,pending,medium,15,2026-08-29 00:00:00,2026-08-22 07:06:00,,overwhelmed
TSK_000887,USR_010,Synthetic Task 0887,completed,high,30,2026-07-09 00:00:00,2026-06-26 22:59:00,2026-06-27 19:56:00,well
TSK_000888,USR_034,Synthetic Task 0888,completed,high,60,2026-08-28 00:00:00,2026-08-20 12:26:00,2026-08-23 13:14:00,
TSK_000889,USR_007,Synthetic Task 0889,completed,high,120,,2026-08-27 15:34:00,2026-08-28 21:58:00,
TSK_000890,USR_047,Synthetic Task 0890,completed,low,60,,2026-07-05 20:49:00,2026-07-11 18:24:00,
TSK_000891,USR_032,Synthetic Task 0891,completed,low,30,2026-06-16 00:00:00,2026-06-08 09:49:00,2026-06-10 14:45:00,
TSK_000892,USR_079,Synthetic Task 0892,completed,low,15,2026-08-03 00:00:00,2026-07-21 21:07:00,2026-07-22 13:00:00,
TSK_000893,USR_050,Synthetic Task 0893,pending,medium,45,2026-06-20 00:00:00,2026-06-13 20:11:00,,overwhelmed
TSK_000894,USR_023,Synthetic Task 0894,pending,medium,45,2026-08-05 00:00:00,2026-07-29 11:33:00,,
TSK_000895,USR_070,Synthetic Task 0895,pending,medium,30,2026-09-03 00:00:00,2026-08-28 17:46:00,,
TSK_000896,USR_023,Synthetic Task 0896,pending,low,45,2026-08-27 00:00:00,2026-08-23 22:48:00,,
TSK_000897,USR_027,Synthetic Task 0897,completed,low,60,2026-06-20 00:00:00,2026-06-12 07:36:00,2026-06-17 18:54:00,
TSK_000898,USR_022,Synthetic Task 0898,completed,high,30,2026-06-24 00:00:00,2026-06-10 19:10:00,2026-06-13 21:18:00,well
TSK_000899,USR_058,Synthetic Task 0899,completed,low,60,2026-07-26 00:00:00,2026-07-22 19:16:00,2026-07-27 16:14:00,overwhelmed
TSK_000900,USR_026,Synthetic Task 0900,completed,medium,30,2026-08-16 00:00:00,2026-08-09 22:00:00,2026-08-12 22:52:00,well
TSK_000901,USR_005,Synthetic Task 0901,completed,low,30,2026-07-24 00:00:00,2026-07-21 12:54:00,2026-07-23 22:35:00,
TSK_000902,USR_059,Synthetic Task 0902,pending,medium,60,2026-06-21 00:00:00,2026-06-10 08:56:00,,
TSK_000903,USR_051,Synthetic Task 0903,completed,low,60,,2026-06-23 18:24:00,2026-06-29 18:57:00,well
TSK_000904,USR_029,Synthetic Task 0904,completed,medium,60,2026-07-09 00:00:00,2026-06-30 22:54:00,2026-07-07 17:16:00,overwhelmed
TSK_000905,USR_037,Synthetic Task 0905,completed,high,30,2026-07-01 00:00:00,2026-06-27 11:35:00,2026-07-01 18:50:00,overwhelmed
TSK_000906,USR_087,Synthetic Task 0906,completed,high,30,2026-08-15 00:00:00,2026-08-02 08:56:00,2026-08-06 10:31:00,well
TSK_000907,USR_090,Synthetic Task 0907,completed,high,90,2026-06-19 00:00:00,2026-06-12 15:00:00,2026-06-13 08:52:00,well
TSK_000908,USR_060,Synthetic Task 0908,completed,medium,60,2026-06-28 00:00:00,2026-06-17 16:59:00,2026-06-19 22:09:00,well
TSK_000909,USR_081,Synthetic Task 0909,completed,high,90,2026-06-16 00:00:00,2026-06-09 14:20:00,2026-06-09 16:41:00,
TSK_000910,USR_089,Synthetic Task 0910,completed,high,60,2026-08-10 00:00:00,2026-08-10 10:54:00,2026-08-11 15:01:00,well
TSK_000911,USR_078,Synthetic Task 0911,pending,medium,30,2026-07-18 00:00:00,2026-07-15 11:39:00,,
TSK_000912,USR_091,Synthetic Task 0912,completed,medium,30,2026-08-22 00:00:00,2026-08-08 17:12:00,2026-08-08 20:17:00,calm_needed
TSK_000913,USR_057,Synthetic Task 0913,completed,low,30,2026-07-31 00:00:00,2026-07-18 20:42:00,2026-07-18 21:48:00,
TSK_000914,USR_090,Synthetic Task 0914,pending,medium,45,2026-06-06 00:00:00,2026-06-02 17:44:00,,well
TSK_000915,USR_091,Synthetic Task 0915,pending,low,60,2026-08-17 00:00:00,2026-08-15 09:28:00,,
TSK_000916,USR_091,Synthetic Task 0916,completed,low,120,2026-09-01 00:00:00,2026-08-21 17:40:00,2026-08-24 07:10:00,
TSK_000917,USR_041,Synthetic Task 0917,completed,medium,45,2026-08-29 00:00:00,2026-08-18 07:49:00,2026-08-25 09:11:00,
TSK_000918,USR_095,Synthetic Task 0918,completed,medium,45,2026-07-11 00:00:00,2026-06-27 20:50:00,2026-06-28 09:27:00,calm_needed
TSK_000919,USR_019,Synthetic Task 0919,pending,medium,15,2026-07-27 00:00:00,2026-07-27 21:15:00,,
TSK_000920,USR_044,Synthetic Task 0920,completed,low,15,2026-07-02 00:00:00,2026-06-29 19:45:00,2026-07-06 19:29:00,
TSK_000921,USR_058,Synthetic Task 0921,pending,low,30,2026-06-06 00:00:00,2026-06-02 09:54:00,,
TSK_000922,USR_039,Synthetic Task 0922,completed,medium,60,2026-07-26 00:00:00,2026-07-13 12:12:00,2026-07-17 18:09:00,
TSK_000923,USR_065,Synthetic Task 0923,completed,low,15,,2026-06-27 14:50:00,2026-06-27 16:24:00,
TSK_000924,USR_067,Synthetic Task 0924,completed,medium,45,2026-08-15 00:00:00,2026-08-03 07:50:00,2026-08-04 16:25:00,
TSK_000925,USR_044,Synthetic Task 0925,completed,medium,30,2026-07-21 00:00:00,2026-07-11 22:51:00,2026-07-16 13:16:00,
TSK_000926,USR_027,Synthetic Task 0926,completed,low,90,2026-07-26 00:00:00,2026-07-13 12:00:00,2026-07-13 12:58:00,
TSK_000927,USR_071,Synthetic Task 0927,completed,medium,15,2026-06-06 00:00:00,2026-06-05 07:14:00,2026-06-09 21:18:00,
TSK_000928,USR_004,Synthetic Task 0928,completed,medium,45,,2026-07-26 11:54:00,2026-07-31 12:02:00,
TSK_000929,USR_014,Synthetic Task 0929,completed,low,30,2026-08-18 00:00:00,2026-08-07 14:02:00,2026-08-12 14:58:00,well
TSK_000930,USR_079,Synthetic Task 0930,completed,low,30,2026-07-29 00:00:00,2026-07-22 16:40:00,2026-07-22 20:27:00,
TSK_000931,USR_099,Synthetic Task 0931,completed,high,60,2026-07-11 00:00:00,2026-07-04 22:03:00,2026-07-05 01:33:00,
TSK_000932,USR_089,Synthetic Task 0932,completed,high,30,2026-08-28 00:00:00,2026-08-20 09:05:00,2026-08-23 12:41:00,well
TSK_000933,USR_014,Synthetic Task 0933,completed,low,45,,2026-07-22 20:16:00,2026-07-22 22:09:00,
TSK_000934,USR_032,Synthetic Task 0934,pending,low,60,,2026-08-15 13:56:00,,overwhelmed
TSK_000935,USR_066,Synthetic Task 0935,completed,medium,45,2026-07-27 00:00:00,2026-07-15 13:07:00,2026-07-20 22:16:00,well
TSK_000936,USR_046,Synthetic Task 0936,pending,medium,120,2026-07-07 00:00:00,2026-07-06 07:40:00,,overwhelmed
TSK_000937,USR_045,Synthetic Task 0937,pending,low,60,2026-06-05 00:00:00,2026-06-04 08:23:00,,
TSK_000938,USR_050,Synthetic Task 0938,completed,medium,30,2026-06-06 00:00:00,2026-06-01 19:05:00,2026-06-02 21:47:00,
TSK_000939,USR_003,Synthetic Task 0939,pending,medium,45,,2026-08-09 07:34:00,,
TSK_000940,USR_023,Synthetic Task 0940,completed,low,120,2026-08-25 00:00:00,2026-08-11 13:49:00,2026-08-14 18:28:00,well
TSK_000941,USR_064,Synthetic Task 0941,completed,high,30,2026-07-17 00:00:00,2026-07-03 08:27:00,2026-07-08 20:55:00,well
TSK_000942,USR_018,Synthetic Task 0942,pending,medium,90,2026-09-02 00:00:00,2026-08-21 12:06:00,,
TSK_000943,USR_005,Synthetic Task 0943,completed,low,15,2026-08-18 00:00:00,2026-08-08 14:53:00,2026-08-14 21:15:00,
TSK_000944,USR_073,Synthetic Task 0944,pending,high,60,,2026-06-16 17:33:00,,
TSK_000945,USR_075,Synthetic Task 0945,completed,medium,90,2026-06-16 00:00:00,2026-06-09 17:36:00,2026-06-11 14:34:00,overwhelmed
TSK_000946,USR_019,Synthetic Task 0946,completed,medium,30,2026-06-22 00:00:00,2026-06-16 19:55:00,2026-06-23 12:22:00,calm_needed
TSK_000947,USR_012,Synthetic Task 0947,completed,low,120,2026-07-03 00:00:00,2026-06-24 13:42:00,2026-06-30 08:06:00,
TSK_000948,USR_049,Synthetic Task 0948,completed,medium,45,2026-08-17 00:00:00,2026-08-08 14:41:00,2026-08-13 14:12:00,
TSK_000949,USR_028,Synthetic Task 0949,completed,high,30,2026-06-16 00:00:00,2026-06-03 19:47:00,2026-06-10 19:56:00,well
TSK_000950,USR_052,Synthetic Task 0950,pending,high,30,2026-07-23 00:00:00,2026-07-17 12:27:00,,overwhelmed
TSK_000951,USR_032,Synthetic Task 0951,pending,medium,30,,2026-06-02 21:43:00,,
TSK_000952,USR_092,Synthetic Task 0952,completed,low,60,2026-07-28 00:00:00,2026-07-24 10:35:00,2026-07-25 15:41:00,well
TSK_000953,USR_064,Synthetic Task 0953,completed,low,30,2026-08-11 00:00:00,2026-07-28 12:36:00,2026-07-30 14:25:00,
TSK_000954,USR_086,Synthetic Task 0954,completed,low,60,2026-08-25 00:00:00,2026-08-18 12:36:00,2026-08-22 14:17:00,
TSK_000955,USR_010,Synthetic Task 0955,pending,high,45,2026-07-13 00:00:00,2026-07-08 17:40:00,,
TSK_000956,USR_004,Synthetic Task 0956,completed,low,30,2026-06-25 00:00:00,2026-06-24 22:54:00,2026-06-25 10:55:00,
TSK_000957,USR_025,Synthetic Task 0957,completed,low,15,2026-06-07 00:00:00,2026-06-07 14:52:00,2026-06-10 08:48:00,
TSK_000958,USR_033,Synthetic Task 0958,completed,medium,60,2026-08-23 00:00:00,2026-08-10 16:43:00,2026-08-15 12:39:00,well
TSK_000959,USR_017,Synthetic Task 0959,completed,medium,120,,2026-08-28 11:54:00,2026-09-04 08:32:00,
TSK_000960,USR_032,Synthetic Task 0960,completed,high,60,2026-08-25 00:00:00,2026-08-11 19:47:00,2026-08-15 22:43:00,
TSK_000961,USR_082,Synthetic Task 0961,completed,medium,15,2026-08-16 00:00:00,2026-08-14 19:11:00,2026-08-19 13:24:00,well
TSK_000962,USR_073,Synthetic Task 0962,completed,medium,90,2026-07-17 00:00:00,2026-07-10 10:53:00,2026-07-12 11:02:00,well
TSK_000963,USR_007,Synthetic Task 0963,completed,medium,30,2026-08-14 00:00:00,2026-08-11 22:35:00,2026-08-16 08:48:00,
TSK_000964,USR_098,Synthetic Task 0964,pending,medium,60,2026-07-20 00:00:00,2026-07-19 15:43:00,,well
TSK_000965,USR_022,Synthetic Task 0965,pending,low,90,2026-06-24 00:00:00,2026-06-15 13:12:00,,
TSK_000966,USR_083,Synthetic Task 0966,pending,low,45,2026-06-24 00:00:00,2026-06-17 07:12:00,,
TSK_000967,USR_052,Synthetic Task 0967,completed,medium,120,2026-06-06 00:00:00,2026-06-06 13:41:00,2026-06-10 12:20:00,well
TSK_000968,USR_075,Synthetic Task 0968,completed,low,60,2026-06-27 00:00:00,2026-06-27 10:22:00,2026-07-04 08:43:00,calm_needed
TSK_000969,USR_032,Synthetic Task 0969,completed,medium,45,2026-08-07 00:00:00,2026-08-01 18:17:00,2026-08-04 11:43:00,
TSK_000970,USR_058,Synthetic Task 0970,completed,medium,30,2026-07-18 00:00:00,2026-07-14 20:13:00,2026-07-14 21:55:00,
TSK_000971,USR_090,Synthetic Task 0971,pending,high,45,2026-08-28 00:00:00,2026-08-26 18:13:00,,well
TSK_000972,USR_019,Synthetic Task 0972,completed,medium,45,2026-08-27 00:00:00,2026-08-18 21:50:00,2026-08-19 18:34:00,
TSK_000973,USR_002,Synthetic Task 0973,completed,medium,90,,2026-06-11 15:28:00,2026-06-15 15:26:00,well
TSK_000974,USR_029,Synthetic Task 0974,pending,high,45,2026-08-16 00:00:00,2026-08-13 12:23:00,,
TSK_000975,USR_008,Synthetic Task 0975,completed,medium,45,2026-08-17 00:00:00,2026-08-16 14:45:00,2026-08-22 07:16:00,
TSK_000976,USR_046,Synthetic Task 0976,pending,medium,30,,2026-08-27 17:09:00,,
TSK_000977,USR_003,Synthetic Task 0977,pending,high,30,2026-07-11 00:00:00,2026-06-30 08:58:00,,
TSK_000978,USR_072,Synthetic Task 0978,completed,medium,60,2026-08-08 00:00:00,2026-07-27 11:48:00,2026-08-02 22:17:00,overwhelmed
TSK_000979,USR_095,Synthetic Task 0979,completed,medium,60,2026-08-17 00:00:00,2026-08-10 08:33:00,2026-08-16 19:43:00,well
TSK_000980,USR_043,Synthetic Task 0980,completed,medium,30,,2026-07-09 18:24:00,2026-07-10 13:52:00,
TSK_000981,USR_086,Synthetic Task 0981,completed,low,30,2026-08-02 00:00:00,2026-07-23 18:54:00,2026-07-30 18:43:00,
TSK_000982,USR_042,Synthetic Task 0982,completed,high,30,2026-06-14 00:00:00,2026-06-11 13:08:00,2026-06-17 21:01:00,
TSK_000983,USR_005,Synthetic Task 0983,pending,low,60,2026-06-28 00:00:00,2026-06-26 09:37:00,,
TSK_000984,USR_087,Synthetic Task 0984,pending,medium,15,2026-06-14 00:00:00,2026-06-03 11:54:00,,overwhelmed
TSK_000985,USR_073,Synthetic Task 0985,completed,medium,45,,2026-08-07 20:24:00,2026-08-08 13:36:00,
TSK_000986,USR_076,Synthetic Task 0986,pending,medium,30,2026-07-13 00:00:00,2026-07-10 14:59:00,,well
TSK_000987,USR_085,Synthetic Task 0987,completed,low,60,2026-06-03 00:00:00,2026-06-02 11:41:00,2026-06-05 22:40:00,
TSK_000988,USR_058,Synthetic Task 0988,completed,medium,120,2026-07-14 00:00:00,2026-07-14 17:09:00,2026-07-17 22:45:00,
TSK_000989,USR_005,Synthetic Task 0989,completed,low,60,2026-08-13 00:00:00,2026-08-09 16:42:00,2026-08-11 10:36:00,
TSK_000990,USR_028,Synthetic Task 0990,completed,high,30,2026-09-01 00:00:00,2026-08-23 18:29:00,2026-08-28 20:37:00,
TSK_000991,USR_025,Synthetic Task 0991,pending,low,60,2026-08-07 00:00:00,2026-08-05 13:14:00,,well
TSK_000992,USR_040,Synthetic Task 0992,completed,medium,45,2026-07-18 00:00:00,2026-07-07 17:04:00,2026-07-12 08:49:00,well
TSK_000993,USR_042,Synthetic Task 0993,completed,medium,30,2026-07-15 00:00:00,2026-07-01 07:42:00,2026-07-05 18:25:00,
TSK_000994,USR_040,Synthetic Task 0994,completed,high,60,,2026-06-30 21:21:00,2026-07-04 21:10:00,well
TSK_000995,USR_074,Synthetic Task 0995,completed,high,15,2026-07-08 00:00:00,2026-07-02 17:03:00,2026-07-09 20:03:00,well
TSK_000996,USR_065,Synthetic Task 0996,completed,low,30,2026-08-12 00:00:00,2026-07-30 15:25:00,2026-08-01 07:26:00,well
TSK_000997,USR_044,Synthetic Task 0997,completed,medium,30,2026-07-06 00:00:00,2026-07-01 16:54:00,2026-07-01 21:49:00,
TSK_000998,USR_035,Synthetic Task 0998,pending,low,15,2026-06-26 00:00:00,2026-06-16 21:17:00,,calm_needed
TSK_000999,USR_071,Synthetic Task 0999,completed,high,30,2026-06-30 00:00:00,2026-06-18 08:19:00,2026-06-25 15:57:00,well
TSK_001000,USR_017,Synthetic Task 1000,completed,high,15,2026-09-10 00:00:00,2026-08-28 16:21:00,2026-08-29 14:28:00,
TSK_001001,USR_012,Synthetic Task 1001,completed,low,30,2026-08-09 00:00:00,2026-08-08 11:03:00,2026-08-14 16:20:00,overwhelmed
TSK_001002,USR_016,Synthetic Task 1002,pending,low,45,2026-08-15 00:00:00,2026-08-05 13:03:00,,
TSK_001003,USR_039,Synthetic Task 1003,completed,high,30,,2026-07-04 14:45:00,2026-07-09 22:07:00,
TSK_001004,USR_087,Synthetic Task 1004,completed,low,45,2026-06-29 00:00:00,2026-06-29 15:40:00,2026-07-02 19:11:00,well
TSK_001005,USR_043,Synthetic Task 1005,pending,low,45,2026-08-18 00:00:00,2026-08-05 10:43:00,,
TSK_001006,USR_076,Synthetic Task 1006,completed,low,45,,2026-06-27 09:27:00,2026-06-29 09:36:00,overwhelmed
TSK_001007,USR_007,Synthetic Task 1007,completed,medium,60,2026-07-15 00:00:00,2026-07-07 09:24:00,2026-07-10 16:44:00,
TSK_001008,USR_014,Synthetic Task 1008,completed,low,90,2026-07-26 00:00:00,2026-07-24 08:23:00,2026-07-24 17:19:00,
TSK_001009,USR_069,Synthetic Task 1009,completed,low,30,2026-06-14 00:00:00,2026-06-01 17:58:00,2026-06-07 16:05:00,
TSK_001010,USR_059,Synthetic Task 1010,completed,low,15,2026-08-10 00:00:00,2026-08-05 09:27:00,2026-08-12 08:09:00,well
TSK_001011,USR_068,Synthetic Task 1011,completed,low,60,2026-06-09 00:00:00,2026-06-08 18:00:00,2026-06-08 18:55:00,
TSK_001012,USR_004,Synthetic Task 1012,completed,low,30,2026-09-05 00:00:00,2026-08-23 20:07:00,2026-08-25 10:59:00,well
TSK_001013,USR_044,Synthetic Task 1013,pending,medium,90,,2026-07-17 14:30:00,,well
TSK_001014,USR_055,Synthetic Task 1014,completed,medium,60,2026-06-19 00:00:00,2026-06-16 22:03:00,2026-06-17 14:12:00,calm_needed
TSK_001015,USR_006,Synthetic Task 1015,completed,high,45,2026-08-23 00:00:00,2026-08-14 11:16:00,2026-08-17 09:30:00,
TSK_001016,USR_088,Synthetic Task 1016,completed,medium,30,2026-07-04 00:00:00,2026-07-04 10:16:00,2026-07-08 19:22:00,
TSK_001017,USR_004,Synthetic Task 1017,pending,high,120,2026-06-22 00:00:00,2026-06-18 10:52:00,,
TSK_001018,USR_052,Synthetic Task 1018,completed,medium,45,2026-08-16 00:00:00,2026-08-08 19:40:00,2026-08-09 22:57:00,
TSK_001019,USR_014,Synthetic Task 1019,pending,low,60,2026-06-25 00:00:00,2026-06-21 14:33:00,,
TSK_001020,USR_048,Synthetic Task 1020,completed,low,45,,2026-08-09 22:03:00,2026-08-14 22:34:00,calm_needed
TSK_001021,USR_005,Synthetic Task 1021,completed,medium,45,2026-08-23 00:00:00,2026-08-21 09:39:00,2026-08-27 09:15:00,
TSK_001022,USR_012,Synthetic Task 1022,completed,medium,60,2026-07-29 00:00:00,2026-07-17 16:54:00,2026-07-18 09:57:00,well
TSK_001023,USR_012,Synthetic Task 1023,completed,high,60,,2026-06-19 15:17:00,2026-06-19 15:50:00,well
TSK_001024,USR_088,Synthetic Task 1024,pending,medium,45,2026-08-04 00:00:00,2026-07-23 11:36:00,,calm_needed
TSK_001025,USR_072,Synthetic Task 1025,completed,medium,30,2026-08-01 00:00:00,2026-07-26 11:47:00,2026-08-02 17:49:00,
TSK_001026,USR_029,Synthetic Task 1026,pending,low,30,2026-07-24 00:00:00,2026-07-11 20:10:00,,
TSK_001027,USR_065,Synthetic Task 1027,completed,high,60,2026-06-03 00:00:00,2026-06-01 12:07:00,2026-06-01 20:55:00,
TSK_001028,USR_029,Synthetic Task 1028,pending,low,90,2026-06-12 00:00:00,2026-06-03 17:07:00,,
TSK_001029,USR_026,Synthetic Task 1029,completed,high,30,2026-06-21 00:00:00,2026-06-17 21:26:00,2026-06-23 21:51:00,
TSK_001030,USR_050,Synthetic Task 1030,completed,high,15,2026-07-31 00:00:00,2026-07-26 21:56:00,2026-08-02 21:07:00,
TSK_001031,USR_092,Synthetic Task 1031,completed,medium,15,,2026-07-06 07:05:00,2026-07-13 19:12:00,calm_needed
TSK_001032,USR_007,Synthetic Task 1032,pending,low,30,2026-08-04 00:00:00,2026-08-04 11:23:00,,overwhelmed
TSK_001033,USR_032,Synthetic Task 1033,completed,medium,30,2026-08-02 00:00:00,2026-07-27 10:20:00,2026-07-27 18:04:00,
TSK_001034,USR_091,Synthetic Task 1034,completed,medium,45,2026-07-31 00:00:00,2026-07-29 16:02:00,2026-08-04 08:01:00,
TSK_001035,USR_031,Synthetic Task 1035,completed,low,45,2026-07-09 00:00:00,2026-06-29 15:31:00,2026-07-05 12:29:00,
TSK_001036,USR_052,Synthetic Task 1036,completed,high,90,2026-06-22 00:00:00,2026-06-20 20:12:00,2026-06-21 09:44:00,
TSK_001037,USR_021,Synthetic Task 1037,completed,medium,15,2026-06-11 00:00:00,2026-06-06 13:28:00,2026-06-08 16:03:00,
TSK_001038,USR_074,Synthetic Task 1038,completed,low,15,2026-07-26 00:00:00,2026-07-16 17:48:00,2026-07-22 07:00:00,
TSK_001039,USR_038,Synthetic Task 1039,completed,high,90,2026-07-05 00:00:00,2026-07-04 21:45:00,2026-07-07 12:52:00,
TSK_001040,USR_057,Synthetic Task 1040,completed,medium,90,2026-09-02 00:00:00,2026-08-26 08:52:00,2026-09-02 13:21:00,
TSK_001041,USR_034,Synthetic Task 1041,completed,medium,90,,2026-07-20 17:42:00,2026-07-24 14:02:00,well
TSK_001042,USR_019,Synthetic Task 1042,completed,high,30,,2026-08-04 13:51:00,2026-08-08 16:03:00,
TSK_001043,USR_016,Synthetic Task 1043,completed,high,30,2026-07-12 00:00:00,2026-06-30 07:27:00,2026-07-07 12:39:00,
TSK_001044,USR_025,Synthetic Task 1044,pending,low,90,2026-07-01 00:00:00,2026-06-18 20:25:00,,
TSK_001045,USR_064,Synthetic Task 1045,pending,high,45,2026-08-29 00:00:00,2026-08-21 22:23:00,,overwhelmed
TSK_001046,USR_077,Synthetic Task 1046,pending,medium,45,2026-06-26 00:00:00,2026-06-13 15:05:00,,overwhelmed
TSK_001047,USR_078,Synthetic Task 1047,completed,low,45,2026-06-06 00:00:00,2026-06-04 08:01:00,2026-06-06 17:21:00,
TSK_001048,USR_017,Synthetic Task 1048,completed,low,45,2026-08-03 00:00:00,2026-07-31 12:29:00,2026-07-31 15:47:00,
TSK_001049,USR_014,Synthetic Task 1049,completed,low,45,2026-06-28 00:00:00,2026-06-20 14:51:00,2026-06-21 21:25:00,well
TSK_001050,USR_027,Synthetic Task 1050,pending,medium,60,2026-07-01 00:00:00,2026-06-27 20:30:00,,
TSK_001051,USR_092,Synthetic Task 1051,completed,low,60,,2026-06-15 20:24:00,2026-06-17 18:16:00,well
TSK_001052,USR_055,Synthetic Task 1052,completed,medium,45,2026-08-19 00:00:00,2026-08-08 18:07:00,2026-08-13 16:38:00,
TSK_001053,USR_070,Synthetic Task 1053,completed,low,45,2026-08-16 00:00:00,2026-08-16 13:39:00,2026-08-17 19:22:00,calm_needed
TSK_001054,USR_045,Synthetic Task 1054,completed,high,45,2026-08-13 00:00:00,2026-07-30 07:06:00,2026-08-05 07:26:00,
TSK_001055,USR_049,Synthetic Task 1055,pending,high,45,,2026-07-28 15:59:00,,well
TSK_001056,USR_039,Synthetic Task 1056,pending,medium,30,2026-08-02 00:00:00,2026-07-28 17:39:00,,calm_needed
TSK_001057,USR_011,Synthetic Task 1057,completed,medium,60,2026-07-09 00:00:00,2026-06-30 09:47:00,2026-07-06 20:30:00,
TSK_001058,USR_042,Synthetic Task 1058,completed,low,30,,2026-06-03 16:13:00,2026-06-04 10:39:00,overwhelmed
TSK_001059,USR_053,Synthetic Task 1059,completed,low,30,2026-07-24 00:00:00,2026-07-14 20:36:00,2026-07-21 21:49:00,
TSK_001060,USR_093,Synthetic Task 1060,pending,medium,30,2026-07-18 00:00:00,2026-07-15 22:43:00,,calm_needed
TSK_001061,USR_090,Synthetic Task 1061,pending,medium,15,2026-08-07 00:00:00,2026-07-31 16:11:00,,
TSK_001062,USR_043,Synthetic Task 1062,completed,high,120,2026-06-29 00:00:00,2026-06-18 10:38:00,2026-06-22 15:51:00,
TSK_001063,USR_060,Synthetic Task 1063,pending,medium,60,,2026-06-02 09:31:00,,
TSK_001064,USR_069,Synthetic Task 1064,completed,low,90,2026-08-25 00:00:00,2026-08-19 14:23:00,2026-08-21 20:16:00,
TSK_001065,USR_038,Synthetic Task 1065,completed,medium,30,2026-08-16 00:00:00,2026-08-10 13:50:00,2026-08-14 15:55:00,
TSK_001066,USR_032,Synthetic Task 1066,completed,medium,60,2026-06-05 00:00:00,2026-06-01 16:44:00,2026-06-06 21:38:00,calm_needed
TSK_001067,USR_075,Synthetic Task 1067,completed,medium,45,2026-08-25 00:00:00,2026-08-12 20:21:00,2026-08-14 17:28:00,overwhelmed
TSK_001068,USR_097,Synthetic Task 1068,completed,medium,30,2026-07-04 00:00:00,2026-06-26 22:15:00,2026-07-01 11:40:00,
TSK_001069,USR_099,Synthetic Task 1069,pending,medium,90,2026-07-21 00:00:00,2026-07-21 19:45:00,,
TSK_001070,USR_013,Synthetic Task 1070,completed,medium,30,2026-07-07 00:00:00,2026-06-27 08:36:00,2026-06-29 22:01:00,well
TSK_001071,USR_040,Synthetic Task 1071,completed,high,30,2026-09-03 00:00:00,2026-08-26 15:47:00,2026-09-02 18:37:00,
TSK_001072,USR_076,Synthetic Task 1072,completed,low,45,,2026-06-01 22:29:00,2026-06-08 19:36:00,well
TSK_001073,USR_041,Synthetic Task 1073,pending,high,120,2026-07-27 00:00:00,2026-07-21 12:15:00,,
TSK_001074,USR_059,Synthetic Task 1074,pending,low,60,,2026-06-26 18:19:00,,well
TSK_001075,USR_010,Synthetic Task 1075,completed,high,45,2026-08-08 00:00:00,2026-07-31 21:27:00,2026-08-01 00:36:00,calm_needed
TSK_001076,USR_023,Synthetic Task 1076,completed,high,90,2026-07-19 00:00:00,2026-07-06 21:59:00,2026-07-07 16:37:00,
TSK_001077,USR_053,Synthetic Task 1077,pending,medium,30,2026-08-13 00:00:00,2026-08-05 07:15:00,,well
TSK_001078,USR_021,Synthetic Task 1078,completed,medium,60,2026-09-04 00:00:00,2026-08-21 17:31:00,2026-08-21 22:33:00,
TSK_001079,USR_007,Synthetic Task 1079,completed,low,45,2026-08-25 00:00:00,2026-08-25 10:57:00,2026-08-30 21:54:00,
TSK_001080,USR_059,Synthetic Task 1080,pending,medium,90,,2026-08-24 19:13:00,,
TSK_001081,USR_036,Synthetic Task 1081,completed,high,120,,2026-07-12 19:06:00,2026-07-14 11:31:00,
TSK_001082,USR_014,Synthetic Task 1082,pending,medium,30,2026-06-10 00:00:00,2026-06-06 22:40:00,,
TSK_001083,USR_024,Synthetic Task 1083,completed,low,30,2026-07-20 00:00:00,2026-07-13 07:09:00,2026-07-14 20:00:00,
TSK_001084,USR_079,Synthetic Task 1084,completed,medium,30,2026-06-15 00:00:00,2026-06-11 15:01:00,2026-06-17 08:01:00,well
TSK_001085,USR_065,Synthetic Task 1085,completed,medium,90,2026-07-24 00:00:00,2026-07-18 12:45:00,2026-07-22 19:18:00,
TSK_001086,USR_051,Synthetic Task 1086,completed,medium,60,2026-07-14 00:00:00,2026-07-10 15:54:00,2026-07-10 18:34:00,calm_needed
TSK_001087,USR_005,Synthetic Task 1087,completed,medium,15,2026-08-31 00:00:00,2026-08-21 12:45:00,2026-08-28 22:52:00,
TSK_001088,USR_055,Synthetic Task 1088,pending,medium,60,2026-06-28 00:00:00,2026-06-15 22:56:00,,
TSK_001089,USR_085,Synthetic Task 1089,completed,high,45,2026-06-21 00:00:00,2026-06-09 14:31:00,2026-06-12 11:37:00,well
TSK_001090,USR_085,Synthetic Task 1090,completed,low,30,2026-07-14 00:00:00,2026-07-02 10:02:00,2026-07-03 16:41:00,overwhelmed
TSK_001091,USR_017,Synthetic Task 1091,pending,low,90,2026-08-14 00:00:00,2026-08-03 12:01:00,,
TSK_001092,USR_029,Synthetic Task 1092,completed,high,45,2026-06-22 00:00:00,2026-06-20 11:24:00,2026-06-23 14:08:00,well
TSK_001093,USR_012,Synthetic Task 1093,completed,low,15,2026-07-02 00:00:00,2026-06-25 19:16:00,2026-07-02 20:37:00,
TSK_001094,USR_090,Synthetic Task 1094,pending,medium,60,2026-07-18 00:00:00,2026-07-15 14:31:00,,
TSK_001095,USR_003,Synthetic Task 1095,completed,low,60,2026-08-06 00:00:00,2026-07-31 21:58:00,2026-08-03 11:11:00,
TSK_001096,USR_023,Synthetic Task 1096,completed,medium,30,2026-06-21 00:00:00,2026-06-18 07:30:00,2026-06-20 17:04:00,
TSK_001097,USR_064,Synthetic Task 1097,pending,medium,15,2026-07-14 00:00:00,2026-07-05 17:26:00,,
TSK_001098,USR_011,Synthetic Task 1098,completed,low,60,2026-06-14 00:00:00,2026-06-05 16:56:00,2026-06-07 15:59:00,well
TSK_001099,USR_074,Synthetic Task 1099,completed,high,30,2026-08-29 00:00:00,2026-08-24 14:13:00,2026-08-27 13:03:00,well
TSK_001100,USR_066,Synthetic Task 1100,completed,low,15,2026-08-06 00:00:00,2026-07-23 15:04:00,2026-07-30 10:10:00,well
TSK_001101,USR_005,Synthetic Task 1101,completed,high,30,2026-08-22 00:00:00,2026-08-08 10:16:00,2026-08-11 15:05:00,
TSK_001102,USR_065,Synthetic Task 1102,completed,medium,15,2026-08-19 00:00:00,2026-08-10 13:50:00,2026-08-11 19:08:00,overwhelmed
TSK_001103,USR_012,Synthetic Task 1103,pending,low,60,2026-08-28 00:00:00,2026-08-16 21:50:00,,well
TSK_001104,USR_011,Synthetic Task 1104,completed,high,60,,2026-08-07 08:58:00,2026-08-09 10:03:00,
TSK_001105,USR_098,Synthetic Task 1105,completed,low,45,2026-06-22 00:00:00,2026-06-15 11:18:00,2026-06-15 17:52:00,
TSK_001106,USR_019,Synthetic Task 1106,completed,medium,15,2026-08-20 00:00:00,2026-08-16 17:45:00,2026-08-19 20:54:00,
TSK_001107,USR_033,Synthetic Task 1107,completed,medium,45,2026-08-26 00:00:00,2026-08-22 13:18:00,2026-08-29 14:51:00,
TSK_001108,USR_022,Synthetic Task 1108,pending,low,60,2026-07-09 00:00:00,2026-07-09 22:34:00,,
TSK_001109,USR_039,Synthetic Task 1109,pending,high,15,,2026-06-18 13:21:00,,overwhelmed
TSK_001110,USR_071,Synthetic Task 1110,completed,medium,45,2026-08-24 00:00:00,2026-08-24 15:34:00,2026-08-24 18:03:00,well
TSK_001111,USR_016,Synthetic Task 1111,completed,medium,30,,2026-06-15 19:38:00,2026-06-16 12:12:00,
TSK_001112,USR_055,Synthetic Task 1112,pending,low,90,2026-08-08 00:00:00,2026-08-04 22:32:00,,well
TSK_001113,USR_064,Synthetic Task 1113,completed,medium,60,,2026-06-30 08:04:00,2026-06-30 12:42:00,
TSK_001114,USR_013,Synthetic Task 1114,completed,medium,30,2026-06-26 00:00:00,2026-06-18 10:49:00,2026-06-22 14:01:00,well
TSK_001115,USR_030,Synthetic Task 1115,completed,medium,90,2026-06-10 00:00:00,2026-06-05 07:59:00,2026-06-12 12:17:00,
TSK_001116,USR_064,Synthetic Task 1116,pending,medium,30,2026-07-07 00:00:00,2026-06-29 19:37:00,,
TSK_001117,USR_080,Synthetic Task 1117,pending,low,30,2026-08-08 00:00:00,2026-07-28 15:22:00,,
TSK_001118,USR_027,Synthetic Task 1118,completed,high,45,2026-08-17 00:00:00,2026-08-09 12:36:00,2026-08-14 20:50:00,
TSK_001119,USR_078,Synthetic Task 1119,completed,low,60,2026-07-11 00:00:00,2026-07-10 15:54:00,2026-07-16 11:37:00,
TSK_001120,USR_062,Synthetic Task 1120,pending,medium,30,2026-07-15 00:00:00,2026-07-08 07:06:00,,well
TSK_001121,USR_053,Synthetic Task 1121,completed,medium,45,2026-06-11 00:00:00,2026-06-02 11:11:00,2026-06-06 18:18:00,well
TSK_001122,USR_072,Synthetic Task 1122,completed,low,45,2026-08-11 00:00:00,2026-07-31 11:59:00,2026-08-06 12:07:00,
TSK_001123,USR_081,Synthetic Task 1123,completed,medium,15,,2026-06-09 15:50:00,2026-06-14 17:29:00,
TSK_001124,USR_094,Synthetic Task 1124,completed,high,30,2026-08-19 00:00:00,2026-08-09 22:24:00,2026-08-14 07:18:00,well
TSK_001125,USR_021,Synthetic Task 1125,completed,medium,60,,2026-06-26 08:03:00,2026-06-29 14:24:00,
TSK_001126,USR_071,Synthetic Task 1126,pending,low,60,,2026-07-30 22:14:00,,well
TSK_001127,USR_062,Synthetic Task 1127,completed,low,30,2026-07-26 00:00:00,2026-07-13 18:29:00,2026-07-20 16:30:00,calm_needed
TSK_001128,USR_099,Synthetic Task 1128,completed,medium,30,2026-06-13 00:00:00,2026-06-11 20:19:00,2026-06-12 17:38:00,well
TSK_001129,USR_063,Synthetic Task 1129,completed,medium,30,2026-07-28 00:00:00,2026-07-18 16:51:00,2026-07-21 11:08:00,calm_needed
TSK_001130,USR_083,Synthetic Task 1130,completed,medium,45,2026-08-13 00:00:00,2026-08-02 21:49:00,2026-08-05 09:43:00,
TSK_001131,USR_043,Synthetic Task 1131,completed,medium,60,2026-07-30 00:00:00,2026-07-19 11:00:00,2026-07-19 20:37:00,
TSK_001132,USR_065,Synthetic Task 1132,completed,high,30,2026-08-19 00:00:00,2026-08-18 20:23:00,2026-08-19 14:21:00,well
TSK_001133,USR_028,Synthetic Task 1133,completed,high,90,2026-07-14 00:00:00,2026-07-08 22:23:00,2026-07-10 18:18:00,well
TSK_001134,USR_100,Synthetic Task 1134,completed,low,30,2026-08-26 00:00:00,2026-08-20 07:03:00,2026-08-20 17:57:00,
TSK_001135,USR_075,Synthetic Task 1135,pending,low,15,2026-07-15 00:00:00,2026-07-01 07:39:00,,
TSK_001136,USR_049,Synthetic Task 1136,pending,low,30,2026-06-21 00:00:00,2026-06-18 09:17:00,,
TSK_001137,USR_043,Synthetic Task 1137,completed,medium,30,2026-08-20 00:00:00,2026-08-06 15:06:00,2026-08-09 17:12:00,
TSK_001138,USR_085,Synthetic Task 1138,completed,low,30,2026-07-01 00:00:00,2026-06-21 16:36:00,2026-06-28 17:22:00,
TSK_001139,USR_087,Synthetic Task 1139,completed,medium,30,2026-08-25 00:00:00,2026-08-13 14:40:00,2026-08-17 20:06:00,
TSK_001140,USR_098,Synthetic Task 1140,completed,medium,30,2026-08-17 00:00:00,2026-08-11 08:34:00,2026-08-12 09:41:00,
TSK_001141,USR_032,Synthetic Task 1141,completed,medium,90,2026-07-29 00:00:00,2026-07-20 11:20:00,2026-07-23 13:03:00,
TSK_001142,USR_034,Synthetic Task 1142,completed,low,60,2026-07-08 00:00:00,2026-06-27 21:44:00,2026-07-04 22:18:00,
TSK_001143,USR_014,Synthetic Task 1143,completed,low,30,2026-07-07 00:00:00,2026-06-23 21:00:00,2026-06-23 22:45:00,
TSK_001144,USR_066,Synthetic Task 1144,completed,medium,30,2026-07-09 00:00:00,2026-07-02 16:24:00,2026-07-05 15:03:00,overwhelmed
TSK_001145,USR_003,Synthetic Task 1145,completed,medium,15,2026-08-14 00:00:00,2026-08-01 21:02:00,2026-08-07 22:52:00,overwhelmed
TSK_001146,USR_073,Synthetic Task 1146,completed,high,60,2026-08-26 00:00:00,2026-08-21 14:58:00,2026-08-23 07:24:00,
TSK_001147,USR_076,Synthetic Task 1147,completed,low,45,2026-07-25 00:00:00,2026-07-12 09:39:00,2026-07-13 10:10:00,
TSK_001148,USR_064,Synthetic Task 1148,completed,low,30,2026-08-02 00:00:00,2026-07-31 08:57:00,2026-07-31 16:28:00,calm_needed
TSK_001149,USR_067,Synthetic Task 1149,completed,medium,30,2026-07-07 00:00:00,2026-07-05 16:59:00,2026-07-08 13:56:00,overwhelmed
TSK_001150,USR_033,Synthetic Task 1150,completed,medium,45,2026-07-13 00:00:00,2026-07-12 19:28:00,2026-07-13 12:12:00,well
TSK_001151,USR_010,Synthetic Task 1151,completed,high,60,2026-07-01 00:00:00,2026-06-25 20:11:00,2026-06-28 12:58:00,well
TSK_001152,USR_026,Synthetic Task 1152,completed,medium,60,2026-06-26 00:00:00,2026-06-13 13:33:00,2026-06-14 14:08:00,well
TSK_001153,USR_087,Synthetic Task 1153,completed,low,30,2026-07-26 00:00:00,2026-07-22 09:38:00,2026-07-24 12:49:00,
TSK_001154,USR_096,Synthetic Task 1154,completed,medium,45,2026-08-02 00:00:00,2026-07-30 20:32:00,2026-08-04 14:14:00,
TSK_001155,USR_089,Synthetic Task 1155,completed,high,45,2026-08-29 00:00:00,2026-08-16 12:36:00,2026-08-17 07:41:00,overwhelmed
TSK_001156,USR_007,Synthetic Task 1156,completed,medium,120,2026-08-29 00:00:00,2026-08-29 22:28:00,2026-09-03 20:22:00,
TSK_001157,USR_025,Synthetic Task 1157,pending,low,60,2026-07-25 00:00:00,2026-07-23 20:44:00,,
TSK_001158,USR_081,Synthetic Task 1158,completed,medium,45,2026-06-10 00:00:00,2026-06-06 18:37:00,2026-06-08 16:33:00,overwhelmed
TSK_001159,USR_093,Synthetic Task 1159,pending,medium,60,2026-06-04 00:00:00,2026-06-03 11:58:00,,
TSK_001160,USR_077,Synthetic Task 1160,pending,medium,60,,2026-08-05 10:24:00,,calm_needed
TSK_001161,USR_072,Synthetic Task 1161,pending,high,15,2026-07-06 00:00:00,2026-06-27 16:41:00,,overwhelmed
TSK_001162,USR_011,Synthetic Task 1162,pending,medium,30,2026-06-26 00:00:00,2026-06-19 22:31:00,,
TSK_001163,USR_069,Synthetic Task 1163,completed,high,30,,2026-06-21 20:17:00,2026-06-22 00:08:00,
TSK_001164,USR_005,Synthetic Task 1164,completed,high,45,,2026-06-13 09:28:00,2026-06-18 10:26:00,
TSK_001165,USR_032,Synthetic Task 1165,completed,medium,30,,2026-07-18 08:04:00,2026-07-20 09:51:00,well
TSK_001166,USR_015,Synthetic Task 1166,completed,high,60,,2026-08-11 21:00:00,2026-08-14 21:06:00,
TSK_001167,USR_003,Synthetic Task 1167,completed,high,90,2026-08-19 00:00:00,2026-08-09 10:52:00,2026-08-11 20:17:00,
TSK_001168,USR_091,Synthetic Task 1168,completed,medium,30,2026-09-01 00:00:00,2026-08-25 12:37:00,2026-08-31 10:05:00,
TSK_001169,USR_070,Synthetic Task 1169,completed,high,30,2026-06-29 00:00:00,2026-06-20 21:53:00,2026-06-21 00:06:00,
TSK_001170,USR_091,Synthetic Task 1170,completed,medium,45,2026-08-01 00:00:00,2026-07-28 16:54:00,2026-08-04 20:33:00,
TSK_001171,USR_041,Synthetic Task 1171,completed,low,45,2026-07-07 00:00:00,2026-06-25 19:30:00,2026-07-01 12:19:00,
TSK_001172,USR_091,Synthetic Task 1172,completed,high,60,2026-07-31 00:00:00,2026-07-26 08:13:00,2026-07-31 07:16:00,
TSK_001173,USR_085,Synthetic Task 1173,completed,medium,45,,2026-07-11 07:28:00,2026-07-15 17:55:00,overwhelmed
TSK_001174,USR_008,Synthetic Task 1174,pending,high,90,2026-08-16 00:00:00,2026-08-03 22:35:00,,
TSK_001175,USR_062,Synthetic Task 1175,completed,high,30,,2026-06-02 14:10:00,2026-06-07 10:50:00,well
TSK_001176,USR_083,Synthetic Task 1176,completed,high,30,2026-06-17 00:00:00,2026-06-05 19:38:00,2026-06-10 18:54:00,well
TSK_001177,USR_093,Synthetic Task 1177,completed,medium,60,2026-07-13 00:00:00,2026-07-02 19:39:00,2026-07-04 19:12:00,calm_needed
TSK_001178,USR_097,Synthetic Task 1178,completed,medium,30,2026-07-15 00:00:00,2026-07-09 16:07:00,2026-07-14 14:08:00,
TSK_001179,USR_035,Synthetic Task 1179,completed,low,60,,2026-08-05 12:49:00,2026-08-12 16:34:00,
TSK_001180,USR_008,Synthetic Task 1180,pending,high,15,2026-06-12 00:00:00,2026-06-04 21:43:00,,well
TSK_001181,USR_062,Synthetic Task 1181,completed,medium,60,2026-08-28 00:00:00,2026-08-23 08:25:00,2026-08-26 09:54:00,
TSK_001182,USR_088,Synthetic Task 1182,completed,low,15,2026-07-12 00:00:00,2026-07-12 19:37:00,2026-07-14 22:36:00,
TSK_001183,USR_066,Synthetic Task 1183,completed,high,30,2026-08-25 00:00:00,2026-08-21 16:38:00,2026-08-28 20:17:00,
TSK_001184,USR_043,Synthetic Task 1184,completed,medium,30,2026-08-03 00:00:00,2026-07-22 20:26:00,2026-07-29 16:50:00,
TSK_001185,USR_072,Synthetic Task 1185,completed,high,15,2026-07-27 00:00:00,2026-07-19 14:36:00,2026-07-20 16:21:00,
TSK_001186,USR_073,Synthetic Task 1186,completed,medium,15,2026-07-03 00:00:00,2026-06-27 10:37:00,2026-06-30 21:02:00,well
TSK_001187,USR_031,Synthetic Task 1187,pending,low,45,2026-08-28 00:00:00,2026-08-16 07:37:00,,
TSK_001188,USR_040,Synthetic Task 1188,completed,medium,30,2026-07-13 00:00:00,2026-06-30 08:17:00,2026-07-03 12:11:00,well
TSK_001189,USR_089,Synthetic Task 1189,completed,medium,30,2026-08-30 00:00:00,2026-08-28 22:26:00,2026-08-28 23:44:00,well
TSK_001190,USR_030,Synthetic Task 1190,pending,medium,30,2026-08-07 00:00:00,2026-07-25 22:32:00,,
TSK_001191,USR_079,Synthetic Task 1191,completed,medium,30,2026-07-10 00:00:00,2026-06-29 20:27:00,2026-06-30 10:38:00,
TSK_001192,USR_012,Synthetic Task 1192,pending,high,90,2026-08-06 00:00:00,2026-08-06 21:47:00,,
TSK_001193,USR_080,Synthetic Task 1193,completed,medium,30,2026-06-27 00:00:00,2026-06-14 12:41:00,2026-06-21 14:00:00,well
TSK_001194,USR_084,Synthetic Task 1194,completed,medium,60,2026-07-29 00:00:00,2026-07-19 15:14:00,2026-07-23 07:29:00,
TSK_001195,USR_037,Synthetic Task 1195,completed,high,30,2026-09-09 00:00:00,2026-08-29 14:21:00,2026-08-29 15:20:00,
TSK_001196,USR_019,Synthetic Task 1196,completed,high,30,2026-06-10 00:00:00,2026-06-04 13:45:00,2026-06-09 09:25:00,
TSK_001197,USR_032,Synthetic Task 1197,pending,medium,30,2026-07-26 00:00:00,2026-07-14 16:23:00,,
TSK_001198,USR_031,Synthetic Task 1198,completed,high,30,2026-08-20 00:00:00,2026-08-09 19:30:00,2026-08-09 20:16:00,calm_needed
TSK_001199,USR_061,Synthetic Task 1199,completed,medium,90,2026-07-22 00:00:00,2026-07-22 10:11:00,2026-07-23 08:56:00,
TSK_001200,USR_088,Synthetic Task 1200,completed,medium,30,,2026-07-14 10:52:00,2026-07-21 20:52:00,
TSK_001201,USR_016,Synthetic Task 1201,completed,medium,15,2026-09-02 00:00:00,2026-08-27 20:43:00,2026-09-02 16:36:00,
TSK_001202,USR_069,Synthetic Task 1202,completed,medium,30,,2026-07-31 20:41:00,2026-08-05 11:28:00,
TSK_001203,USR_095,Synthetic Task 1203,completed,high,45,,2026-07-02 08:44:00,2026-07-07 07:26:00,overwhelmed
TSK_001204,USR_014,Synthetic Task 1204,pending,low,90,2026-06-10 00:00:00,2026-06-03 14:13:00,,well
TSK_001205,USR_002,Synthetic Task 1205,completed,medium,60,2026-08-06 00:00:00,2026-07-31 14:33:00,2026-08-03 21:02:00,well
TSK_001206,USR_004,Synthetic Task 1206,pending,medium,30,2026-07-16 00:00:00,2026-07-13 22:58:00,,well
TSK_001207,USR_022,Synthetic Task 1207,completed,high,15,2026-09-06 00:00:00,2026-08-24 08:31:00,2026-08-29 20:56:00,
TSK_001208,USR_033,Synthetic Task 1208,pending,high,90,2026-06-30 00:00:00,2026-06-27 13:55:00,,
TSK_001209,USR_053,Synthetic Task 1209,completed,medium,15,2026-08-31 00:00:00,2026-08-22 11:37:00,2026-08-27 19:52:00,
TSK_001210,USR_030,Synthetic Task 1210,pending,medium,45,2026-06-20 00:00:00,2026-06-10 16:35:00,,
TSK_001211,USR_023,Synthetic Task 1211,pending,low,90,2026-06-09 00:00:00,2026-06-04 18:59:00,,overwhelmed
TSK_001212,USR_072,Synthetic Task 1212,completed,high,15,2026-09-05 00:00:00,2026-08-29 08:08:00,2026-08-30 18:22:00,
TSK_001213,USR_074,Synthetic Task 1213,completed,high,45,2026-07-26 00:00:00,2026-07-24 17:48:00,2026-07-27 14:16:00,calm_needed
TSK_001214,USR_061,Synthetic Task 1214,completed,medium,15,2026-07-20 00:00:00,2026-07-08 09:07:00,2026-07-13 09:31:00,well
TSK_001215,USR_090,Synthetic Task 1215,completed,low,60,2026-07-15 00:00:00,2026-07-13 18:53:00,2026-07-20 09:18:00,well
TSK_001216,USR_026,Synthetic Task 1216,completed,medium,30,,2026-08-15 15:40:00,2026-08-22 20:28:00,overwhelmed
TSK_001217,USR_010,Synthetic Task 1217,pending,low,30,2026-08-01 00:00:00,2026-07-28 16:13:00,,well
TSK_001218,USR_041,Synthetic Task 1218,pending,high,15,2026-07-20 00:00:00,2026-07-18 12:22:00,,well
TSK_001219,USR_048,Synthetic Task 1219,completed,low,60,,2026-08-03 11:19:00,2026-08-10 14:21:00,
TSK_001220,USR_052,Synthetic Task 1220,completed,medium,30,2026-06-23 00:00:00,2026-06-17 16:51:00,2026-06-23 11:05:00,well
TSK_001221,USR_097,Synthetic Task 1221,pending,low,15,,2026-06-16 13:29:00,,
TSK_001222,USR_003,Synthetic Task 1222,pending,low,120,2026-06-12 00:00:00,2026-06-08 16:39:00,,
TSK_001223,USR_073,Synthetic Task 1223,completed,medium,15,2026-07-01 00:00:00,2026-06-17 11:50:00,2026-06-23 19:57:00,
TSK_001224,USR_092,Synthetic Task 1224,completed,medium,60,2026-07-06 00:00:00,2026-06-27 14:00:00,2026-06-28 20:12:00,well
TSK_001225,USR_100,Synthetic Task 1225,pending,low,30,,2026-06-21 18:00:00,,
TSK_001226,USR_061,Synthetic Task 1226,completed,low,30,2026-06-27 00:00:00,2026-06-27 16:48:00,2026-07-04 19:40:00,
TSK_001227,USR_053,Synthetic Task 1227,completed,high,30,2026-07-15 00:00:00,2026-07-09 16:08:00,2026-07-13 20:08:00,well
TSK_001228,USR_005,Synthetic Task 1228,completed,high,15,2026-06-10 00:00:00,2026-06-07 21:02:00,2026-06-11 07:39:00,
TSK_001229,USR_033,Synthetic Task 1229,completed,high,15,2026-06-29 00:00:00,2026-06-21 07:42:00,2026-06-26 22:33:00,
TSK_001230,USR_019,Synthetic Task 1230,completed,low,45,2026-07-18 00:00:00,2026-07-08 15:38:00,2026-07-08 19:32:00,
TSK_001231,USR_090,Synthetic Task 1231,completed,high,45,2026-06-04 00:00:00,2026-06-01 18:19:00,2026-06-06 17:22:00,
TSK_001232,USR_099,Synthetic Task 1232,completed,low,30,2026-08-16 00:00:00,2026-08-16 11:14:00,2026-08-22 20:04:00,
TSK_001233,USR_020,Synthetic Task 1233,pending,high,120,,2026-06-30 16:09:00,,
TSK_001234,USR_058,Synthetic Task 1234,completed,medium,45,2026-06-22 00:00:00,2026-06-21 21:02:00,2026-06-23 08:41:00,
TSK_001235,USR_081,Synthetic Task 1235,completed,medium,30,2026-07-29 00:00:00,2026-07-28 12:11:00,2026-07-28 14:50:00,well
TSK_001236,USR_004,Synthetic Task 1236,completed,low,30,2026-08-11 00:00:00,2026-08-05 12:25:00,2026-08-12 13:24:00,well
TSK_001237,USR_070,Synthetic Task 1237,pending,medium,45,2026-08-08 00:00:00,2026-07-30 20:21:00,,well
TSK_001238,USR_067,Synthetic Task 1238,completed,medium,90,2026-08-11 00:00:00,2026-08-06 10:05:00,2026-08-06 11:04:00,
TSK_001239,USR_012,Synthetic Task 1239,completed,medium,30,2026-07-25 00:00:00,2026-07-16 07:53:00,2026-07-23 12:14:00,overwhelmed
TSK_001240,USR_069,Synthetic Task 1240,completed,low,45,2026-07-23 00:00:00,2026-07-13 20:59:00,2026-07-20 16:00:00,
TSK_001241,USR_035,Synthetic Task 1241,completed,low,90,2026-07-04 00:00:00,2026-06-23 14:20:00,2026-06-23 15:47:00,well
TSK_001242,USR_042,Synthetic Task 1242,completed,high,15,2026-09-07 00:00:00,2026-08-24 15:28:00,2026-08-30 07:28:00,
TSK_001243,USR_036,Synthetic Task 1243,pending,medium,45,2026-07-10 00:00:00,2026-06-28 16:22:00,,overwhelmed
TSK_001244,USR_042,Synthetic Task 1244,completed,medium,30,2026-07-26 00:00:00,2026-07-17 13:27:00,2026-07-19 19:04:00,calm_needed
TSK_001245,USR_066,Synthetic Task 1245,pending,high,60,2026-07-17 00:00:00,2026-07-06 08:48:00,,well
TSK_001246,USR_043,Synthetic Task 1246,pending,medium,45,,2026-07-27 14:21:00,,
TSK_001247,USR_044,Synthetic Task 1247,pending,medium,60,2026-07-30 00:00:00,2026-07-22 20:01:00,,well
TSK_001248,USR_072,Synthetic Task 1248,pending,medium,60,2026-07-09 00:00:00,2026-07-03 11:47:00,,
TSK_001249,USR_045,Synthetic Task 1249,completed,medium,60,2026-07-04 00:00:00,2026-06-27 21:29:00,2026-06-29 15:57:00,
TSK_001250,USR_018,Synthetic Task 1250,pending,low,15,2026-07-28 00:00:00,2026-07-21 19:57:00,,well
TSK_001251,USR_039,Synthetic Task 1251,completed,high,90,2026-08-26 00:00:00,2026-08-15 08:49:00,2026-08-19 21:47:00,
TSK_001252,USR_090,Synthetic Task 1252,completed,medium,30,2026-07-04 00:00:00,2026-06-21 20:22:00,2026-06-22 20:41:00,
TSK_001253,USR_097,Synthetic Task 1253,completed,medium,30,2026-08-15 00:00:00,2026-08-04 18:15:00,2026-08-09 12:34:00,
TSK_001254,USR_089,Synthetic Task 1254,pending,medium,30,2026-06-28 00:00:00,2026-06-15 10:50:00,,
TSK_001255,USR_025,Synthetic Task 1255,completed,medium,60,2026-08-13 00:00:00,2026-08-06 09:51:00,2026-08-08 07:04:00,
TSK_001256,USR_023,Synthetic Task 1256,completed,medium,90,2026-08-07 00:00:00,2026-07-31 11:44:00,2026-08-06 13:38:00,
TSK_001257,USR_084,Synthetic Task 1257,completed,low,30,2026-07-13 00:00:00,2026-07-06 17:16:00,2026-07-11 22:46:00,
TSK_001258,USR_058,Synthetic Task 1258,completed,low,60,2026-07-22 00:00:00,2026-07-09 13:35:00,2026-07-10 16:19:00,
TSK_001259,USR_084,Synthetic Task 1259,pending,medium,45,2026-08-11 00:00:00,2026-08-07 08:46:00,,
TSK_001260,USR_068,Synthetic Task 1260,completed,low,30,2026-08-23 00:00:00,2026-08-14 15:34:00,2026-08-20 16:21:00,
TSK_001261,USR_096,Synthetic Task 1261,completed,low,30,2026-07-26 00:00:00,2026-07-13 09:48:00,2026-07-18 15:17:00,
TSK_001262,USR_015,Synthetic Task 1262,completed,medium,60,2026-07-10 00:00:00,2026-06-28 09:28:00,2026-07-01 14:04:00,
TSK_001263,USR_050,Synthetic Task 1263,completed,low,30,2026-07-01 00:00:00,2026-06-22 10:52:00,2026-06-22 18:15:00,
TSK_001264,USR_031,Synthetic Task 1264,completed,high,60,2026-06-11 00:00:00,2026-06-04 09:32:00,2026-06-06 15:06:00,
TSK_001265,USR_056,Synthetic Task 1265,completed,medium,30,2026-09-02 00:00:00,2026-08-22 16:25:00,2026-08-24 16:39:00,
TSK_001266,USR_072,Synthetic Task 1266,completed,medium,30,,2026-08-27 16:47:00,2026-08-28 09:47:00,
TSK_001267,USR_058,Synthetic Task 1267,completed,low,90,2026-06-14 00:00:00,2026-06-03 13:51:00,2026-06-06 22:01:00,
TSK_001268,USR_053,Synthetic Task 1268,completed,medium,30,,2026-08-13 19:40:00,2026-08-16 13:12:00,well
TSK_001269,USR_023,Synthetic Task 1269,pending,medium,60,2026-08-30 00:00:00,2026-08-24 10:29:00,,
TSK_001270,USR_056,Synthetic Task 1270,completed,medium,30,2026-06-14 00:00:00,2026-06-13 18:39:00,2026-06-18 20:18:00,well
TSK_001271,USR_062,Synthetic Task 1271,completed,medium,120,2026-08-07 00:00:00,2026-07-25 16:50:00,2026-07-30 07:56:00,
TSK_001272,USR_004,Synthetic Task 1272,completed,medium,120,2026-06-08 00:00:00,2026-06-02 19:38:00,2026-06-02 20:44:00,
TSK_001273,USR_042,Synthetic Task 1273,completed,medium,60,,2026-06-29 22:02:00,2026-07-04 19:35:00,calm_needed
TSK_001274,USR_006,Synthetic Task 1274,completed,medium,30,2026-07-26 00:00:00,2026-07-12 22:56:00,2026-07-15 13:38:00,
TSK_001275,USR_012,Synthetic Task 1275,completed,medium,90,2026-08-31 00:00:00,2026-08-28 22:57:00,2026-08-29 18:14:00,well
TSK_001276,USR_045,Synthetic Task 1276,completed,medium,45,2026-07-24 00:00:00,2026-07-24 20:15:00,2026-07-26 08:51:00,
TSK_001277,USR_071,Synthetic Task 1277,completed,medium,30,2026-06-14 00:00:00,2026-06-14 16:34:00,2026-06-15 10:38:00,
TSK_001278,USR_017,Synthetic Task 1278,pending,medium,30,2026-07-12 00:00:00,2026-07-08 18:32:00,,
TSK_001279,USR_004,Synthetic Task 1279,completed,low,15,2026-07-17 00:00:00,2026-07-03 13:09:00,2026-07-08 19:29:00,well
TSK_001280,USR_004,Synthetic Task 1280,completed,medium,60,2026-08-30 00:00:00,2026-08-23 14:26:00,2026-08-26 09:06:00,well
TSK_001281,USR_094,Synthetic Task 1281,completed,medium,15,2026-07-07 00:00:00,2026-06-26 10:51:00,2026-06-28 07:53:00,
TSK_001282,USR_069,Synthetic Task 1282,pending,low,45,2026-07-24 00:00:00,2026-07-22 20:20:00,,overwhelmed
TSK_001283,USR_026,Synthetic Task 1283,completed,low,30,2026-08-25 00:00:00,2026-08-20 17:52:00,2026-08-20 19:47:00,calm_needed
TSK_001284,USR_035,Synthetic Task 1284,pending,low,45,2026-07-25 00:00:00,2026-07-16 21:06:00,,
TSK_001285,USR_033,Synthetic Task 1285,completed,medium,30,2026-08-20 00:00:00,2026-08-18 20:55:00,2026-08-24 20:04:00,
TSK_001286,USR_092,Synthetic Task 1286,completed,high,90,,2026-06-24 08:40:00,2026-07-01 08:05:00,well
TSK_001287,USR_062,Synthetic Task 1287,pending,low,30,2026-06-04 00:00:00,2026-06-01 21:53:00,,overwhelmed
TSK_001288,USR_080,Synthetic Task 1288,completed,high,15,2026-07-27 00:00:00,2026-07-24 19:43:00,2026-07-28 13:19:00,
TSK_001289,USR_054,Synthetic Task 1289,completed,low,30,2026-08-12 00:00:00,2026-08-06 11:43:00,2026-08-09 19:17:00,overwhelmed
TSK_001290,USR_086,Synthetic Task 1290,completed,low,90,2026-07-25 00:00:00,2026-07-14 08:13:00,2026-07-20 11:34:00,
TSK_001291,USR_037,Synthetic Task 1291,pending,medium,90,,2026-07-16 15:04:00,,well
TSK_001292,USR_008,Synthetic Task 1292,completed,medium,45,2026-07-08 00:00:00,2026-06-26 16:33:00,2026-06-27 18:01:00,
TSK_001293,USR_014,Synthetic Task 1293,completed,high,60,,2026-06-05 16:47:00,2026-06-08 10:34:00,well
TSK_001294,USR_030,Synthetic Task 1294,completed,medium,15,2026-06-09 00:00:00,2026-06-09 07:47:00,2026-06-16 14:45:00,
TSK_001295,USR_015,Synthetic Task 1295,completed,medium,30,2026-07-30 00:00:00,2026-07-28 11:29:00,2026-08-03 16:17:00,
TSK_001296,USR_092,Synthetic Task 1296,completed,medium,45,2026-08-19 00:00:00,2026-08-07 13:46:00,2026-08-09 14:34:00,
TSK_001297,USR_041,Synthetic Task 1297,completed,medium,45,2026-07-02 00:00:00,2026-06-25 08:02:00,2026-06-29 15:08:00,
TSK_001298,USR_002,Synthetic Task 1298,completed,medium,30,2026-07-04 00:00:00,2026-06-22 15:52:00,2026-06-23 20:15:00,
TSK_001299,USR_031,Synthetic Task 1299,pending,medium,90,2026-07-15 00:00:00,2026-07-13 14:56:00,,
TSK_001300,USR_034,Synthetic Task 1300,completed,low,15,2026-08-14 00:00:00,2026-08-06 22:19:00,2026-08-13 16:00:00,well
TSK_001301,USR_056,Synthetic Task 1301,pending,medium,45,,2026-07-05 13:30:00,,overwhelmed
TSK_001302,USR_079,Synthetic Task 1302,completed,medium,15,2026-06-20 00:00:00,2026-06-11 20:15:00,2026-06-14 11:20:00,well
TSK_001303,USR_010,Synthetic Task 1303,pending,high,45,,2026-06-16 18:06:00,,calm_needed
TSK_001304,USR_070,Synthetic Task 1304,completed,high,15,,2026-08-01 09:07:00,2026-08-02 22:59:00,calm_needed
TSK_001305,USR_054,Synthetic Task 1305,completed,medium,45,2026-07-24 00:00:00,2026-07-24 07:31:00,2026-07-27 18:20:00,overwhelmed
TSK_001306,USR_085,Synthetic Task 1306,completed,high,60,2026-08-19 00:00:00,2026-08-08 07:52:00,2026-08-09 15:35:00,well
TSK_001307,USR_040,Synthetic Task 1307,pending,low,15,2026-08-10 00:00:00,2026-07-31 10:38:00,,overwhelmed
TSK_001308,USR_098,Synthetic Task 1308,completed,high,15,2026-08-31 00:00:00,2026-08-27 21:10:00,2026-08-29 17:44:00,
TSK_001309,USR_073,Synthetic Task 1309,completed,low,15,,2026-07-09 09:15:00,2026-07-11 16:37:00,
TSK_001310,USR_061,Synthetic Task 1310,completed,high,45,2026-06-26 00:00:00,2026-06-20 09:26:00,2026-06-23 13:02:00,
TSK_001311,USR_047,Synthetic Task 1311,completed,low,30,2026-06-24 00:00:00,2026-06-24 22:16:00,2026-06-28 09:17:00,well
TSK_001312,USR_031,Synthetic Task 1312,completed,low,15,2026-08-15 00:00:00,2026-08-05 12:01:00,2026-08-05 14:00:00,
TSK_001313,USR_093,Synthetic Task 1313,completed,medium,60,2026-07-21 00:00:00,2026-07-10 22:20:00,2026-07-14 07:56:00,well
TSK_001314,USR_014,Synthetic Task 1314,pending,medium,45,2026-08-03 00:00:00,2026-07-26 18:33:00,,overwhelmed
TSK_001315,USR_061,Synthetic Task 1315,completed,low,60,2026-07-24 00:00:00,2026-07-10 10:47:00,2026-07-16 13:33:00,calm_needed
TSK_001316,USR_087,Synthetic Task 1316,completed,medium,45,2026-08-23 00:00:00,2026-08-09 18:11:00,2026-08-13 08:03:00,well
TSK_001317,USR_060,Synthetic Task 1317,completed,high,15,2026-07-01 00:00:00,2026-06-19 14:19:00,2026-06-22 19:26:00,calm_needed
TSK_001318,USR_065,Synthetic Task 1318,pending,medium,15,2026-07-21 00:00:00,2026-07-16 10:53:00,,
TSK_001319,USR_043,Synthetic Task 1319,completed,low,60,2026-06-28 00:00:00,2026-06-20 10:24:00,2026-06-20 21:33:00,
TSK_001320,USR_036,Synthetic Task 1320,completed,high,15,2026-08-06 00:00:00,2026-08-05 15:08:00,2026-08-05 15:52:00,calm_needed
TSK_001321,USR_026,Synthetic Task 1321,completed,high,60,2026-07-28 00:00:00,2026-07-14 19:32:00,2026-07-21 17:02:00,well
TSK_001322,USR_017,Synthetic Task 1322,completed,medium,60,2026-06-11 00:00:00,2026-06-09 19:31:00,2026-06-11 22:28:00,
TSK_001323,USR_091,Synthetic Task 1323,completed,low,45,2026-08-06 00:00:00,2026-07-29 20:10:00,2026-08-02 18:41:00,
TSK_001324,USR_086,Synthetic Task 1324,completed,medium,30,2026-07-07 00:00:00,2026-07-01 21:54:00,2026-07-02 11:51:00,
TSK_001325,USR_026,Synthetic Task 1325,pending,medium,30,2026-07-02 00:00:00,2026-06-18 21:33:00,,well
TSK_001326,USR_062,Synthetic Task 1326,pending,high,30,2026-07-14 00:00:00,2026-07-12 14:34:00,,well
TSK_001327,USR_093,Synthetic Task 1327,pending,low,120,2026-06-30 00:00:00,2026-06-22 15:20:00,,
TSK_001328,USR_006,Synthetic Task 1328,completed,high,30,2026-09-06 00:00:00,2026-08-24 16:49:00,2026-08-26 15:30:00,
TSK_001329,USR_051,Synthetic Task 1329,completed,low,120,2026-06-28 00:00:00,2026-06-19 08:16:00,2026-06-19 17:24:00,well
TSK_001330,USR_047,Synthetic Task 1330,completed,medium,60,2026-06-09 00:00:00,2026-06-08 07:34:00,2026-06-11 10:11:00,well
TSK_001331,USR_075,Synthetic Task 1331,completed,medium,45,2026-06-21 00:00:00,2026-06-21 12:47:00,2026-06-25 12:35:00,overwhelmed
TSK_001332,USR_082,Synthetic Task 1332,pending,medium,30,2026-08-14 00:00:00,2026-08-14 20:43:00,,well
TSK_001333,USR_046,Synthetic Task 1333,completed,low,15,,2026-08-29 21:12:00,2026-09-03 20:50:00,well
TSK_001334,USR_064,Synthetic Task 1334,pending,medium,30,2026-07-09 00:00:00,2026-07-01 10:53:00,,
TSK_001335,USR_091,Synthetic Task 1335,completed,low,30,2026-06-28 00:00:00,2026-06-22 07:58:00,2026-06-29 13:40:00,
TSK_001336,USR_097,Synthetic Task 1336,pending,low,15,2026-08-07 00:00:00,2026-07-28 11:21:00,,
TSK_001337,USR_087,Synthetic Task 1337,completed,medium,30,2026-08-15 00:00:00,2026-08-03 19:19:00,2026-08-04 14:17:00,overwhelmed
TSK_001338,USR_032,Synthetic Task 1338,pending,low,45,2026-06-21 00:00:00,2026-06-11 08:44:00,,
TSK_001339,USR_071,Synthetic Task 1339,completed,low,30,2026-06-08 00:00:00,2026-06-02 17:32:00,2026-06-08 19:21:00,calm_needed
TSK_001340,USR_059,Synthetic Task 1340,pending,low,30,2026-06-12 00:00:00,2026-06-03 13:50:00,,
TSK_001341,USR_041,Synthetic Task 1341,completed,low,60,2026-08-21 00:00:00,2026-08-18 09:46:00,2026-08-18 22:24:00,
TSK_001342,USR_027,Synthetic Task 1342,pending,low,90,2026-07-28 00:00:00,2026-07-17 19:52:00,,
TSK_001343,USR_025,Synthetic Task 1343,pending,low,60,2026-08-13 00:00:00,2026-08-04 22:23:00,,
TSK_001344,USR_039,Synthetic Task 1344,completed,high,15,2026-08-24 00:00:00,2026-08-13 18:42:00,2026-08-17 16:05:00,
TSK_001345,USR_072,Synthetic Task 1345,completed,medium,60,2026-08-20 00:00:00,2026-08-19 07:48:00,2026-08-22 18:46:00,
TSK_001346,USR_069,Synthetic Task 1346,completed,medium,30,2026-07-18 00:00:00,2026-07-09 15:33:00,2026-07-15 22:26:00,
TSK_001347,USR_031,Synthetic Task 1347,completed,high,45,2026-07-02 00:00:00,2026-06-24 13:14:00,2026-06-27 19:43:00,
TSK_001348,USR_010,Synthetic Task 1348,pending,high,15,,2026-07-11 11:22:00,,overwhelmed
TSK_001349,USR_072,Synthetic Task 1349,completed,low,30,2026-08-20 00:00:00,2026-08-10 17:03:00,2026-08-14 21:33:00,
TSK_001350,USR_041,Synthetic Task 1350,pending,medium,30,2026-08-11 00:00:00,2026-07-31 20:58:00,,
TSK_001351,USR_037,Synthetic Task 1351,completed,high,120,2026-08-22 00:00:00,2026-08-10 12:28:00,2026-08-17 17:26:00,well
TSK_001352,USR_049,Synthetic Task 1352,completed,high,60,2026-07-30 00:00:00,2026-07-19 21:17:00,2026-07-19 22:26:00,well
TSK_001353,USR_023,Synthetic Task 1353,completed,medium,15,,2026-06-17 18:06:00,2026-06-21 19:27:00,
TSK_001354,USR_092,Synthetic Task 1354,completed,low,30,2026-08-30 00:00:00,2026-08-26 16:15:00,2026-08-30 18:51:00,well
TSK_001355,USR_078,Synthetic Task 1355,completed,high,60,2026-07-21 00:00:00,2026-07-10 12:27:00,2026-07-12 08:03:00,
TSK_001356,USR_045,Synthetic Task 1356,pending,medium,30,2026-09-04 00:00:00,2026-08-21 13:42:00,,
TSK_001357,USR_018,Synthetic Task 1357,completed,low,15,,2026-08-25 08:48:00,2026-09-01 20:54:00,
TSK_001358,USR_100,Synthetic Task 1358,completed,medium,30,2026-07-30 00:00:00,2026-07-24 12:24:00,2026-07-30 22:33:00,
TSK_001359,USR_023,Synthetic Task 1359,completed,medium,30,2026-08-21 00:00:00,2026-08-14 07:39:00,2026-08-20 08:09:00,well
TSK_001360,USR_081,Synthetic Task 1360,completed,high,45,2026-08-26 00:00:00,2026-08-21 08:26:00,2026-08-21 21:15:00,well
TSK_001361,USR_096,Synthetic Task 1361,completed,low,60,2026-09-01 00:00:00,2026-08-19 07:11:00,2026-08-25 09:15:00,well
TSK_001362,USR_015,Synthetic Task 1362,completed,high,30,,2026-06-04 21:05:00,2026-06-08 16:42:00,
TSK_001363,USR_008,Synthetic Task 1363,completed,medium,60,2026-07-26 00:00:00,2026-07-21 11:29:00,2026-07-23 09:01:00,overwhelmed
TSK_001364,USR_022,Synthetic Task 1364,completed,high,15,2026-07-11 00:00:00,2026-07-03 08:21:00,2026-07-05 17:04:00,
TSK_001365,USR_054,Synthetic Task 1365,pending,low,60,2026-07-09 00:00:00,2026-06-29 19:52:00,,calm_needed
TSK_001366,USR_092,Synthetic Task 1366,completed,low,30,2026-08-22 00:00:00,2026-08-12 13:09:00,2026-08-12 18:41:00,well
TSK_001367,USR_053,Synthetic Task 1367,completed,medium,15,,2026-07-10 17:05:00,2026-07-10 21:57:00,overwhelmed
TSK_001368,USR_069,Synthetic Task 1368,completed,low,30,2026-06-08 00:00:00,2026-06-03 13:23:00,2026-06-08 20:57:00,
TSK_001369,USR_036,Synthetic Task 1369,completed,medium,30,2026-06-17 00:00:00,2026-06-17 12:00:00,2026-06-19 16:34:00,well
TSK_001370,USR_051,Synthetic Task 1370,completed,high,30,2026-08-10 00:00:00,2026-08-10 16:55:00,2026-08-15 07:26:00,
TSK_001371,USR_089,Synthetic Task 1371,completed,low,15,2026-08-10 00:00:00,2026-08-02 14:09:00,2026-08-05 21:30:00,overwhelmed
TSK_001372,USR_012,Synthetic Task 1372,completed,low,45,2026-08-04 00:00:00,2026-07-26 22:18:00,2026-08-01 10:23:00,calm_needed
TSK_001373,USR_056,Synthetic Task 1373,completed,medium,60,2026-08-20 00:00:00,2026-08-13 11:27:00,2026-08-20 22:10:00,
TSK_001374,USR_100,Synthetic Task 1374,pending,medium,60,,2026-07-28 14:22:00,,
TSK_001375,USR_067,Synthetic Task 1375,completed,high,15,2026-06-16 00:00:00,2026-06-02 09:28:00,2026-06-08 20:45:00,
TSK_001376,USR_082,Synthetic Task 1376,completed,low,45,2026-06-11 00:00:00,2026-06-02 18:10:00,2026-06-06 07:54:00,
TSK_001377,USR_056,Synthetic Task 1377,completed,high,60,2026-08-07 00:00:00,2026-07-24 11:49:00,2026-07-24 16:48:00,well
TSK_001378,USR_083,Synthetic Task 1378,completed,high,45,2026-07-05 00:00:00,2026-06-24 15:34:00,2026-06-25 19:20:00,
TSK_001379,USR_033,Synthetic Task 1379,completed,low,30,2026-08-04 00:00:00,2026-07-23 16:15:00,2026-07-30 19:55:00,well
TSK_001380,USR_087,Synthetic Task 1380,completed,high,60,2026-07-03 00:00:00,2026-07-01 10:26:00,2026-07-07 13:40:00,well
TSK_001381,USR_094,Synthetic Task 1381,completed,low,30,2026-07-02 00:00:00,2026-07-02 21:37:00,2026-07-02 22:34:00,
TSK_001382,USR_075,Synthetic Task 1382,pending,low,15,2026-06-07 00:00:00,2026-06-05 16:05:00,,calm_needed
TSK_001383,USR_069,Synthetic Task 1383,completed,low,30,2026-09-01 00:00:00,2026-08-26 18:43:00,2026-09-02 21:05:00,
TSK_001384,USR_043,Synthetic Task 1384,completed,medium,120,,2026-08-07 17:25:00,2026-08-07 18:00:00,
TSK_001385,USR_055,Synthetic Task 1385,completed,low,45,2026-06-10 00:00:00,2026-06-06 12:03:00,2026-06-08 19:57:00,
TSK_001386,USR_048,Synthetic Task 1386,pending,medium,60,,2026-06-29 22:24:00,,
TSK_001387,USR_020,Synthetic Task 1387,completed,low,60,2026-08-28 00:00:00,2026-08-23 16:10:00,2026-08-23 19:08:00,
TSK_001388,USR_072,Synthetic Task 1388,completed,low,60,2026-08-09 00:00:00,2026-08-04 13:39:00,2026-08-08 07:29:00,
TSK_001389,USR_057,Synthetic Task 1389,pending,low,30,,2026-08-05 21:19:00,,
TSK_001390,USR_066,Synthetic Task 1390,completed,low,30,2026-07-21 00:00:00,2026-07-08 12:28:00,2026-07-11 20:09:00,
TSK_001391,USR_034,Synthetic Task 1391,completed,high,90,2026-08-03 00:00:00,2026-08-01 13:40:00,2026-08-07 10:59:00,calm_needed
TSK_001392,USR_017,Synthetic Task 1392,completed,high,30,2026-08-29 00:00:00,2026-08-22 07:47:00,2026-08-27 07:32:00,well
TSK_001393,USR_020,Synthetic Task 1393,pending,medium,120,2026-08-23 00:00:00,2026-08-18 14:34:00,,well
TSK_001394,USR_044,Synthetic Task 1394,completed,medium,45,2026-08-27 00:00:00,2026-08-21 07:07:00,2026-08-28 18:04:00,well
TSK_001395,USR_014,Synthetic Task 1395,pending,medium,30,,2026-07-12 21:11:00,,
TSK_001396,USR_026,Synthetic Task 1396,completed,high,90,2026-07-31 00:00:00,2026-07-17 15:24:00,2026-07-19 11:37:00,well
TSK_001397,USR_080,Synthetic Task 1397,completed,high,60,2026-07-05 00:00:00,2026-06-25 17:51:00,2026-07-01 08:52:00,
TSK_001398,USR_054,Synthetic Task 1398,completed,medium,45,2026-06-11 00:00:00,2026-06-04 13:06:00,2026-06-10 18:02:00,
TSK_001399,USR_026,Synthetic Task 1399,completed,low,45,2026-06-28 00:00:00,2026-06-17 21:07:00,2026-06-21 07:35:00,
TSK_001400,USR_091,Synthetic Task 1400,completed,medium,15,2026-07-03 00:00:00,2026-06-20 08:39:00,2026-06-22 15:26:00,well
TSK_001401,USR_071,Synthetic Task 1401,pending,high,30,2026-08-19 00:00:00,2026-08-16 07:39:00,,overwhelmed
TSK_001402,USR_092,Synthetic Task 1402,completed,low,90,2026-08-06 00:00:00,2026-07-26 09:48:00,2026-07-29 19:23:00,well
TSK_001403,USR_086,Synthetic Task 1403,completed,low,30,2026-09-08 00:00:00,2026-08-28 09:23:00,2026-09-04 16:17:00,well
TSK_001404,USR_011,Synthetic Task 1404,completed,medium,30,2026-06-10 00:00:00,2026-06-10 09:18:00,2026-06-12 19:36:00,
TSK_001405,USR_010,Synthetic Task 1405,completed,high,30,2026-08-11 00:00:00,2026-08-07 17:25:00,2026-08-14 14:44:00,overwhelmed
TSK_001406,USR_016,Synthetic Task 1406,completed,low,45,2026-06-17 00:00:00,2026-06-09 12:43:00,2026-06-16 17:03:00,
TSK_001407,USR_027,Synthetic Task 1407,completed,medium,60,2026-08-27 00:00:00,2026-08-22 10:02:00,2026-08-28 11:22:00,
TSK_001408,USR_048,Synthetic Task 1408,completed,medium,45,2026-08-01 00:00:00,2026-07-19 17:19:00,2026-07-22 10:51:00,calm_needed
TSK_001409,USR_025,Synthetic Task 1409,completed,medium,45,2026-08-28 00:00:00,2026-08-20 19:27:00,2026-08-25 17:57:00,well
TSK_001410,USR_067,Synthetic Task 1410,completed,high,30,2026-06-09 00:00:00,2026-06-04 18:14:00,2026-06-11 13:00:00,well
TSK_001411,USR_073,Synthetic Task 1411,completed,medium,90,2026-07-30 00:00:00,2026-07-16 07:51:00,2026-07-18 10:28:00,
TSK_001412,USR_051,Synthetic Task 1412,completed,high,45,,2026-07-11 09:18:00,2026-07-13 19:50:00,
TSK_001413,USR_045,Synthetic Task 1413,completed,low,120,,2026-08-10 15:24:00,2026-08-17 10:43:00,well
TSK_001414,USR_013,Synthetic Task 1414,completed,medium,45,2026-07-13 00:00:00,2026-07-10 11:22:00,2026-07-15 15:56:00,well
TSK_001415,USR_055,Synthetic Task 1415,completed,low,45,2026-07-05 00:00:00,2026-07-02 17:51:00,2026-07-09 21:48:00,
TSK_001416,USR_054,Synthetic Task 1416,completed,medium,45,2026-07-22 00:00:00,2026-07-20 15:58:00,2026-07-23 16:57:00,well
TSK_001417,USR_084,Synthetic Task 1417,completed,low,45,2026-07-19 00:00:00,2026-07-05 20:29:00,2026-07-07 11:15:00,
TSK_001418,USR_025,Synthetic Task 1418,completed,high,30,2026-07-04 00:00:00,2026-06-20 13:15:00,2026-06-21 14:17:00,
TSK_001419,USR_083,Synthetic Task 1419,completed,medium,30,2026-08-21 00:00:00,2026-08-09 12:31:00,2026-08-09 15:17:00,well
TSK_001420,USR_044,Synthetic Task 1420,completed,medium,30,2026-07-30 00:00:00,2026-07-20 18:09:00,2026-07-22 11:11:00,
TSK_001421,USR_091,Synthetic Task 1421,completed,medium,90,2026-06-22 00:00:00,2026-06-17 18:55:00,2026-06-22 15:06:00,
TSK_001422,USR_056,Synthetic Task 1422,completed,medium,45,2026-06-13 00:00:00,2026-06-04 12:12:00,2026-06-11 07:39:00,well
TSK_001423,USR_056,Synthetic Task 1423,completed,medium,45,2026-08-08 00:00:00,2026-08-02 13:52:00,2026-08-02 16:11:00,
TSK_001424,USR_056,Synthetic Task 1424,pending,medium,60,,2026-08-27 15:58:00,,well
TSK_001425,USR_096,Synthetic Task 1425,completed,medium,30,2026-08-11 00:00:00,2026-08-09 22:02:00,2026-08-10 13:28:00,
TSK_001426,USR_018,Synthetic Task 1426,completed,medium,30,2026-07-28 00:00:00,2026-07-24 17:34:00,2026-07-29 15:13:00,overwhelmed
TSK_001427,USR_036,Synthetic Task 1427,completed,high,30,2026-07-25 00:00:00,2026-07-14 10:01:00,2026-07-18 20:13:00,well
TSK_001428,USR_008,Synthetic Task 1428,completed,medium,45,2026-06-12 00:00:00,2026-06-05 22:29:00,2026-06-12 22:08:00,well
TSK_001429,USR_006,Synthetic Task 1429,completed,medium,60,2026-06-20 00:00:00,2026-06-16 18:25:00,2026-06-17 13:06:00,
TSK_001430,USR_010,Synthetic Task 1430,completed,high,45,2026-06-19 00:00:00,2026-06-11 12:06:00,2026-06-14 10:12:00,
TSK_001431,USR_060,Synthetic Task 1431,completed,high,30,2026-08-15 00:00:00,2026-08-11 18:58:00,2026-08-11 22:12:00,
TSK_001432,USR_055,Synthetic Task 1432,completed,medium,15,2026-06-29 00:00:00,2026-06-18 11:47:00,2026-06-22 13:22:00,
TSK_001433,USR_051,Synthetic Task 1433,pending,low,90,2026-08-17 00:00:00,2026-08-05 15:21:00,,calm_needed
TSK_001434,USR_056,Synthetic Task 1434,completed,medium,45,2026-06-29 00:00:00,2026-06-28 15:36:00,2026-07-02 14:27:00,well
TSK_001435,USR_023,Synthetic Task 1435,completed,low,30,2026-08-12 00:00:00,2026-07-30 14:07:00,2026-07-30 21:56:00,well
TSK_001436,USR_094,Synthetic Task 1436,completed,high,15,2026-06-22 00:00:00,2026-06-11 09:39:00,2026-06-11 10:25:00,
TSK_001437,USR_086,Synthetic Task 1437,pending,medium,120,,2026-07-12 09:45:00,,
TSK_001438,USR_075,Synthetic Task 1438,completed,low,45,2026-07-20 00:00:00,2026-07-16 07:15:00,2026-07-23 20:17:00,well
TSK_001439,USR_091,Synthetic Task 1439,completed,low,30,2026-08-19 00:00:00,2026-08-09 15:33:00,2026-08-10 18:24:00,
TSK_001440,USR_023,Synthetic Task 1440,completed,medium,90,2026-07-04 00:00:00,2026-06-20 09:28:00,2026-06-26 22:04:00,
TSK_001441,USR_037,Synthetic Task 1441,pending,medium,15,2026-08-21 00:00:00,2026-08-20 22:54:00,,calm_needed
TSK_001442,USR_008,Synthetic Task 1442,completed,high,30,,2026-07-02 10:48:00,2026-07-09 09:27:00,well
TSK_001443,USR_099,Synthetic Task 1443,completed,medium,15,2026-07-10 00:00:00,2026-07-09 08:20:00,2026-07-16 09:13:00,
TSK_001444,USR_039,Synthetic Task 1444,completed,high,30,2026-08-09 00:00:00,2026-08-05 13:45:00,2026-08-07 08:32:00,calm_needed
TSK_001445,USR_039,Synthetic Task 1445,pending,high,15,2026-06-20 00:00:00,2026-06-11 14:35:00,,
TSK_001446,USR_044,Synthetic Task 1446,completed,medium,15,2026-06-03 00:00:00,2026-06-01 13:47:00,2026-06-02 19:03:00,overwhelmed
TSK_001447,USR_066,Synthetic Task 1447,pending,medium,30,2026-07-08 00:00:00,2026-07-01 13:08:00,,
TSK_001448,USR_097,Synthetic Task 1448,completed,high,30,2026-08-28 00:00:00,2026-08-23 22:27:00,2026-08-28 11:32:00,well
TSK_001449,USR_004,Synthetic Task 1449,completed,medium,45,2026-07-24 00:00:00,2026-07-20 11:10:00,2026-07-25 14:04:00,well
TSK_001450,USR_027,Synthetic Task 1450,completed,low,15,2026-06-05 00:00:00,2026-06-02 12:46:00,2026-06-06 17:11:00,
TSK_001451,USR_087,Synthetic Task 1451,completed,low,15,2026-08-18 00:00:00,2026-08-18 22:12:00,2026-08-19 00:19:00,
TSK_001452,USR_091,Synthetic Task 1452,completed,high,60,2026-07-06 00:00:00,2026-07-03 09:53:00,2026-07-04 19:34:00,
TSK_001453,USR_064,Synthetic Task 1453,completed,low,30,2026-07-01 00:00:00,2026-06-22 14:46:00,2026-06-22 17:18:00,
TSK_001454,USR_090,Synthetic Task 1454,completed,medium,60,2026-07-07 00:00:00,2026-07-07 12:32:00,2026-07-07 14:05:00,well
TSK_001455,USR_051,Synthetic Task 1455,completed,low,30,2026-06-28 00:00:00,2026-06-28 22:35:00,2026-07-05 14:29:00,calm_needed
TSK_001456,USR_073,Synthetic Task 1456,completed,medium,60,2026-07-20 00:00:00,2026-07-06 20:29:00,2026-07-07 17:43:00,
TSK_001457,USR_005,Synthetic Task 1457,pending,medium,15,,2026-08-04 17:50:00,,
TSK_001458,USR_051,Synthetic Task 1458,completed,medium,90,2026-07-11 00:00:00,2026-07-07 14:51:00,2026-07-14 13:44:00,
TSK_001459,USR_013,Synthetic Task 1459,completed,medium,30,2026-09-03 00:00:00,2026-08-29 11:10:00,2026-09-05 11:54:00,well
TSK_001460,USR_035,Synthetic Task 1460,pending,high,60,2026-06-18 00:00:00,2026-06-16 19:43:00,,calm_needed
TSK_001461,USR_045,Synthetic Task 1461,completed,medium,60,2026-07-22 00:00:00,2026-07-16 21:48:00,2026-07-17 01:07:00,well
TSK_001462,USR_069,Synthetic Task 1462,completed,low,60,2026-08-26 00:00:00,2026-08-25 17:46:00,2026-08-28 11:56:00,
TSK_001463,USR_034,Synthetic Task 1463,completed,medium,60,2026-07-14 00:00:00,2026-07-14 11:03:00,2026-07-17 20:04:00,well
TSK_001464,USR_009,Synthetic Task 1464,pending,medium,30,2026-07-31 00:00:00,2026-07-31 10:39:00,,overwhelmed
TSK_001465,USR_074,Synthetic Task 1465,pending,low,30,2026-08-28 00:00:00,2026-08-14 13:17:00,,
TSK_001466,USR_060,Synthetic Task 1466,completed,medium,45,2026-08-20 00:00:00,2026-08-06 08:24:00,2026-08-06 16:32:00,calm_needed
TSK_001467,USR_020,Synthetic Task 1467,completed,low,30,2026-07-27 00:00:00,2026-07-22 21:06:00,2026-07-26 12:17:00,well
TSK_001468,USR_084,Synthetic Task 1468,completed,low,90,2026-07-08 00:00:00,2026-06-27 19:17:00,2026-06-30 14:21:00,
TSK_001469,USR_089,Synthetic Task 1469,completed,medium,45,2026-06-23 00:00:00,2026-06-20 12:35:00,2026-06-20 15:36:00,well
TSK_001470,USR_022,Synthetic Task 1470,completed,medium,45,2026-08-24 00:00:00,2026-08-15 15:39:00,2026-08-16 09:04:00,
TSK_001471,USR_064,Synthetic Task 1471,completed,high,60,2026-08-06 00:00:00,2026-07-28 09:29:00,2026-07-28 17:50:00,
TSK_001472,USR_085,Synthetic Task 1472,completed,medium,45,2026-06-11 00:00:00,2026-06-06 09:13:00,2026-06-08 08:56:00,
TSK_001473,USR_057,Synthetic Task 1473,completed,low,45,2026-07-09 00:00:00,2026-07-05 08:55:00,2026-07-11 20:58:00,
TSK_001474,USR_008,Synthetic Task 1474,completed,high,45,2026-06-18 00:00:00,2026-06-05 19:06:00,2026-06-12 16:16:00,well
TSK_001475,USR_078,Synthetic Task 1475,pending,medium,15,2026-07-29 00:00:00,2026-07-21 10:55:00,,
TSK_001476,USR_080,Synthetic Task 1476,completed,high,90,2026-06-22 00:00:00,2026-06-16 21:30:00,2026-06-18 09:33:00,
TSK_001477,USR_018,Synthetic Task 1477,completed,medium,15,2026-06-24 00:00:00,2026-06-20 13:01:00,2026-06-22 10:49:00,overwhelmed
TSK_001478,USR_093,Synthetic Task 1478,completed,low,30,2026-07-24 00:00:00,2026-07-23 14:15:00,2026-07-30 13:57:00,well
TSK_001479,USR_044,Synthetic Task 1479,completed,low,90,2026-06-24 00:00:00,2026-06-15 21:06:00,2026-06-19 16:50:00,calm_needed
TSK_001480,USR_011,Synthetic Task 1480,pending,low,60,2026-08-11 00:00:00,2026-08-09 16:28:00,,
TSK_001481,USR_080,Synthetic Task 1481,completed,medium,15,2026-07-21 00:00:00,2026-07-08 16:08:00,2026-07-14 20:34:00,
TSK_001482,USR_096,Synthetic Task 1482,completed,high,90,2026-07-11 00:00:00,2026-07-10 17:59:00,2026-07-13 07:42:00,well
TSK_001483,USR_083,Synthetic Task 1483,completed,low,45,2026-07-23 00:00:00,2026-07-13 11:29:00,2026-07-13 16:00:00,
TSK_001484,USR_024,Synthetic Task 1484,completed,medium,15,2026-08-10 00:00:00,2026-08-01 14:42:00,2026-08-06 09:49:00,overwhelmed
TSK_001485,USR_054,Synthetic Task 1485,completed,high,45,2026-08-14 00:00:00,2026-07-31 20:10:00,2026-08-07 12:30:00,
TSK_001486,USR_081,Synthetic Task 1486,completed,medium,30,2026-08-24 00:00:00,2026-08-19 16:21:00,2026-08-19 17:10:00,calm_needed
TSK_001487,USR_089,Synthetic Task 1487,pending,high,45,2026-07-28 00:00:00,2026-07-24 20:01:00,,overwhelmed
TSK_001488,USR_054,Synthetic Task 1488,completed,high,45,2026-08-25 00:00:00,2026-08-12 11:49:00,2026-08-16 12:00:00,well
TSK_001489,USR_047,Synthetic Task 1489,completed,medium,15,2026-08-19 00:00:00,2026-08-12 20:36:00,2026-08-15 10:54:00,well
TSK_001490,USR_056,Synthetic Task 1490,pending,medium,60,2026-07-08 00:00:00,2026-06-25 15:44:00,,overwhelmed
TSK_001491,USR_039,Synthetic Task 1491,completed,low,45,2026-08-09 00:00:00,2026-07-27 11:11:00,2026-07-30 20:19:00,
TSK_001492,USR_065,Synthetic Task 1492,completed,medium,30,2026-07-24 00:00:00,2026-07-13 18:19:00,2026-07-14 14:01:00,well
TSK_001493,USR_075,Synthetic Task 1493,pending,low,60,2026-08-14 00:00:00,2026-08-11 09:40:00,,overwhelmed
TSK_001494,USR_056,Synthetic Task 1494,completed,medium,60,2026-08-27 00:00:00,2026-08-14 14:19:00,2026-08-18 13:06:00,
TSK_001495,USR_003,Synthetic Task 1495,completed,high,30,2026-06-03 00:00:00,2026-06-02 12:32:00,2026-06-05 22:20:00,
TSK_001496,USR_044,Synthetic Task 1496,completed,medium,60,2026-06-10 00:00:00,2026-06-08 14:26:00,2026-06-09 13:33:00,
TSK_001497,USR_073,Synthetic Task 1497,completed,high,30,2026-06-29 00:00:00,2026-06-25 18:46:00,2026-06-26 14:51:00,
TSK_001498,USR_063,Synthetic Task 1498,completed,low,60,2026-08-18 00:00:00,2026-08-05 09:39:00,2026-08-05 21:38:00,
TSK_001499,USR_031,Synthetic Task 1499,completed,medium,30,2026-08-23 00:00:00,2026-08-19 21:26:00,2026-08-24 21:01:00,
TSK_001500,USR_066,Synthetic Task 1500,completed,medium,45,,2026-07-25 14:41:00,2026-07-30 07:23:00,
TSK_001501,USR_038,Synthetic Task 1501,completed,medium,30,2026-08-13 00:00:00,2026-07-30 18:26:00,2026-08-06 08:45:00,
TSK_001502,USR_082,Synthetic Task 1502,completed,medium,15,2026-07-28 00:00:00,2026-07-26 21:52:00,2026-07-28 10:24:00,
TSK_001503,USR_046,Synthetic Task 1503,completed,high,30,2026-06-14 00:00:00,2026-06-01 15:08:00,2026-06-07 20:28:00,
TSK_001504,USR_048,Synthetic Task 1504,completed,high,30,2026-07-21 00:00:00,2026-07-13 09:53:00,2026-07-13 19:33:00,
TSK_001505,USR_084,Synthetic Task 1505,completed,low,30,,2026-08-14 18:09:00,2026-08-21 09:15:00,
TSK_001506,USR_040,Synthetic Task 1506,completed,medium,30,,2026-08-24 12:18:00,2026-08-26 20:06:00,overwhelmed
TSK_001507,USR_087,Synthetic Task 1507,completed,medium,30,2026-09-09 00:00:00,2026-08-29 17:54:00,2026-09-05 19:16:00,
TSK_001508,USR_083,Synthetic Task 1508,completed,medium,30,2026-06-29 00:00:00,2026-06-23 13:06:00,2026-06-28 17:41:00,
TSK_001509,USR_093,Synthetic Task 1509,completed,medium,30,2026-06-13 00:00:00,2026-06-01 21:14:00,2026-06-05 14:27:00,
TSK_001510,USR_021,Synthetic Task 1510,completed,medium,60,,2026-07-19 13:37:00,2026-07-22 19:56:00,
TSK_001511,USR_084,Synthetic Task 1511,completed,high,15,2026-07-15 00:00:00,2026-07-05 13:44:00,2026-07-05 14:56:00,
TSK_001512,USR_006,Synthetic Task 1512,completed,low,90,2026-08-04 00:00:00,2026-07-25 18:26:00,2026-07-29 12:08:00,
TSK_001513,USR_058,Synthetic Task 1513,pending,low,30,2026-07-31 00:00:00,2026-07-24 07:38:00,,
TSK_001514,USR_097,Synthetic Task 1514,completed,medium,30,,2026-07-05 08:50:00,2026-07-06 09:08:00,overwhelmed
TSK_001515,USR_089,Synthetic Task 1515,completed,low,30,2026-07-17 00:00:00,2026-07-04 10:04:00,2026-07-08 19:53:00,well
TSK_001516,USR_021,Synthetic Task 1516,completed,high,15,2026-08-16 00:00:00,2026-08-16 12:47:00,2026-08-17 08:24:00,
TSK_001517,USR_086,Synthetic Task 1517,pending,low,30,2026-08-24 00:00:00,2026-08-20 18:22:00,,
TSK_001518,USR_009,Synthetic Task 1518,completed,medium,120,,2026-06-24 21:18:00,2026-06-28 12:24:00,
TSK_001519,USR_068,Synthetic Task 1519,pending,medium,60,2026-07-11 00:00:00,2026-07-02 20:48:00,,
TSK_001520,USR_022,Synthetic Task 1520,completed,high,30,,2026-07-04 07:56:00,2026-07-04 22:31:00,
TSK_001521,USR_022,Synthetic Task 1521,pending,low,60,2026-07-29 00:00:00,2026-07-26 10:20:00,,well
TSK_001522,USR_040,Synthetic Task 1522,completed,medium,60,2026-06-16 00:00:00,2026-06-14 16:51:00,2026-06-17 09:55:00,well
TSK_001523,USR_015,Synthetic Task 1523,pending,low,30,2026-07-20 00:00:00,2026-07-15 21:10:00,,
TSK_001524,USR_071,Synthetic Task 1524,pending,medium,45,2026-07-30 00:00:00,2026-07-26 20:53:00,,
TSK_001525,USR_049,Synthetic Task 1525,completed,medium,45,2026-07-10 00:00:00,2026-06-27 18:23:00,2026-06-28 10:00:00,
TSK_001526,USR_075,Synthetic Task 1526,completed,high,60,2026-07-17 00:00:00,2026-07-16 14:18:00,2026-07-20 16:14:00,well
TSK_001527,USR_086,Synthetic Task 1527,completed,low,15,2026-06-30 00:00:00,2026-06-17 21:23:00,2026-06-20 16:05:00,
TSK_001528,USR_072,Synthetic Task 1528,completed,medium,60,2026-09-03 00:00:00,2026-08-25 13:39:00,2026-08-27 16:20:00,
TSK_001529,USR_009,Synthetic Task 1529,completed,medium,15,2026-06-19 00:00:00,2026-06-14 12:09:00,2026-06-19 21:37:00,well
TSK_001530,USR_061,Synthetic Task 1530,completed,medium,90,2026-08-22 00:00:00,2026-08-13 07:41:00,2026-08-14 17:43:00,
TSK_001531,USR_019,Synthetic Task 1531,completed,high,60,2026-08-06 00:00:00,2026-08-01 17:02:00,2026-08-08 12:29:00,overwhelmed
TSK_001532,USR_011,Synthetic Task 1532,completed,medium,45,2026-08-13 00:00:00,2026-08-11 17:28:00,2026-08-12 12:37:00,
TSK_001533,USR_072,Synthetic Task 1533,pending,low,30,,2026-08-11 19:32:00,,
TSK_001534,USR_078,Synthetic Task 1534,completed,high,30,2026-07-03 00:00:00,2026-07-02 20:43:00,2026-07-09 11:46:00,
TSK_001535,USR_063,Synthetic Task 1535,completed,low,60,2026-07-24 00:00:00,2026-07-16 13:28:00,2026-07-23 22:44:00,well
TSK_001536,USR_071,Synthetic Task 1536,completed,high,45,2026-08-17 00:00:00,2026-08-10 07:42:00,2026-08-10 17:07:00,
TSK_001537,USR_091,Synthetic Task 1537,completed,low,45,2026-06-08 00:00:00,2026-06-04 07:05:00,2026-06-11 13:03:00,
TSK_001538,USR_069,Synthetic Task 1538,pending,high,60,2026-07-31 00:00:00,2026-07-19 21:59:00,,
TSK_001539,USR_076,Synthetic Task 1539,completed,medium,120,2026-08-25 00:00:00,2026-08-22 19:26:00,2026-08-27 20:54:00,overwhelmed
TSK_001540,USR_100,Synthetic Task 1540,completed,low,15,2026-07-15 00:00:00,2026-07-07 19:08:00,2026-07-09 09:50:00,
TSK_001541,USR_079,Synthetic Task 1541,pending,low,30,2026-09-04 00:00:00,2026-08-26 07:40:00,,overwhelmed
TSK_001542,USR_031,Synthetic Task 1542,completed,low,15,2026-08-18 00:00:00,2026-08-10 12:07:00,2026-08-14 10:37:00,well
TSK_001543,USR_081,Synthetic Task 1543,completed,medium,60,2026-06-18 00:00:00,2026-06-16 08:42:00,2026-06-17 18:14:00,
TSK_001544,USR_054,Synthetic Task 1544,pending,low,120,2026-08-06 00:00:00,2026-07-24 22:50:00,,overwhelmed
TSK_001545,USR_082,Synthetic Task 1545,completed,low,30,,2026-07-27 20:15:00,2026-08-02 18:49:00,well
TSK_001546,USR_010,Synthetic Task 1546,completed,high,60,2026-06-08 00:00:00,2026-06-04 07:09:00,2026-06-06 21:25:00,well
TSK_001547,USR_099,Synthetic Task 1547,completed,high,45,,2026-08-07 09:41:00,2026-08-14 09:12:00,
TSK_001548,USR_065,Synthetic Task 1548,pending,medium,120,2026-08-03 00:00:00,2026-08-02 15:10:00,,
TSK_001549,USR_087,Synthetic Task 1549,pending,high,45,2026-08-10 00:00:00,2026-07-28 10:22:00,,overwhelmed
TSK_001550,USR_037,Synthetic Task 1550,completed,high,15,2026-07-23 00:00:00,2026-07-18 22:05:00,2026-07-24 10:12:00,
TSK_001551,USR_035,Synthetic Task 1551,completed,medium,15,2026-06-24 00:00:00,2026-06-16 13:50:00,2026-06-20 07:10:00,calm_needed
TSK_001552,USR_029,Synthetic Task 1552,completed,medium,60,2026-07-04 00:00:00,2026-06-26 08:46:00,2026-07-01 13:12:00,
TSK_001553,USR_047,Synthetic Task 1553,completed,high,30,2026-08-02 00:00:00,2026-07-22 20:28:00,2026-07-27 16:04:00,calm_needed
TSK_001554,USR_036,Synthetic Task 1554,completed,medium,90,,2026-06-28 07:07:00,2026-06-28 11:19:00,overwhelmed
TSK_001555,USR_030,Synthetic Task 1555,completed,medium,60,,2026-08-13 18:57:00,2026-08-15 19:04:00,
TSK_001556,USR_034,Synthetic Task 1556,completed,high,60,2026-09-05 00:00:00,2026-08-24 20:23:00,2026-08-28 11:32:00,well
TSK_001557,USR_058,Synthetic Task 1557,completed,medium,45,2026-08-29 00:00:00,2026-08-24 09:04:00,2026-08-31 10:54:00,
TSK_001558,USR_016,Synthetic Task 1558,completed,low,15,2026-06-09 00:00:00,2026-06-04 17:29:00,2026-06-10 11:47:00,
TSK_001559,USR_049,Synthetic Task 1559,completed,low,30,2026-08-25 00:00:00,2026-08-14 16:18:00,2026-08-21 11:25:00,calm_needed
TSK_001560,USR_093,Synthetic Task 1560,pending,medium,60,2026-06-27 00:00:00,2026-06-17 16:55:00,,well
TSK_001561,USR_094,Synthetic Task 1561,completed,medium,60,2026-07-22 00:00:00,2026-07-18 22:34:00,2026-07-18 22:58:00,
TSK_001562,USR_005,Synthetic Task 1562,completed,medium,90,2026-08-12 00:00:00,2026-08-03 11:20:00,2026-08-07 18:08:00,
TSK_001563,USR_098,Synthetic Task 1563,completed,medium,90,,2026-08-18 14:04:00,2026-08-25 19:53:00,
TSK_001564,USR_005,Synthetic Task 1564,completed,medium,30,2026-08-09 00:00:00,2026-08-08 16:40:00,2026-08-14 17:48:00,
TSK_001565,USR_026,Synthetic Task 1565,pending,medium,45,,2026-08-02 18:05:00,,
TSK_001566,USR_005,Synthetic Task 1566,completed,low,45,2026-07-28 00:00:00,2026-07-24 08:05:00,2026-07-30 16:46:00,
TSK_001567,USR_010,Synthetic Task 1567,completed,high,30,2026-06-28 00:00:00,2026-06-23 14:50:00,2026-06-30 08:47:00,
TSK_001568,USR_026,Synthetic Task 1568,pending,low,30,2026-08-11 00:00:00,2026-08-09 09:40:00,,well
TSK_001569,USR_063,Synthetic Task 1569,completed,medium,30,2026-06-16 00:00:00,2026-06-13 09:04:00,2026-06-19 07:53:00,
TSK_001570,USR_022,Synthetic Task 1570,completed,medium,15,2026-07-01 00:00:00,2026-07-01 15:46:00,2026-07-05 15:54:00,
TSK_001571,USR_059,Synthetic Task 1571,completed,medium,15,2026-06-18 00:00:00,2026-06-04 11:38:00,2026-06-04 13:10:00,
TSK_001572,USR_068,Synthetic Task 1572,completed,medium,90,2026-07-19 00:00:00,2026-07-15 18:41:00,2026-07-18 18:11:00,well
TSK_001573,USR_060,Synthetic Task 1573,completed,medium,60,2026-08-25 00:00:00,2026-08-16 20:58:00,2026-08-23 12:38:00,calm_needed
TSK_001574,USR_032,Synthetic Task 1574,pending,medium,45,2026-08-15 00:00:00,2026-08-04 14:28:00,,
TSK_001575,USR_036,Synthetic Task 1575,completed,high,30,2026-08-13 00:00:00,2026-07-31 13:34:00,2026-08-06 18:35:00,well
TSK_001576,USR_065,Synthetic Task 1576,completed,low,30,2026-07-21 00:00:00,2026-07-11 15:33:00,2026-07-14 08:28:00,well
TSK_001577,USR_010,Synthetic Task 1577,completed,medium,15,2026-08-30 00:00:00,2026-08-26 07:10:00,2026-09-02 18:32:00,well
TSK_001578,USR_005,Synthetic Task 1578,pending,low,60,2026-06-25 00:00:00,2026-06-18 07:57:00,,
TSK_001579,USR_087,Synthetic Task 1579,completed,low,30,2026-08-29 00:00:00,2026-08-26 08:56:00,2026-08-26 11:20:00,
TSK_001580,USR_050,Synthetic Task 1580,completed,medium,45,2026-07-21 00:00:00,2026-07-09 18:49:00,2026-07-11 20:31:00,
TSK_001581,USR_074,Synthetic Task 1581,completed,high,30,2026-06-20 00:00:00,2026-06-10 18:02:00,2026-06-13 13:18:00,
TSK_001582,USR_099,Synthetic Task 1582,completed,low,30,2026-06-17 00:00:00,2026-06-09 11:05:00,2026-06-15 18:08:00,
TSK_001583,USR_023,Synthetic Task 1583,completed,medium,120,2026-08-25 00:00:00,2026-08-14 22:28:00,2026-08-18 07:54:00,well
TSK_001584,USR_050,Synthetic Task 1584,pending,low,120,2026-07-06 00:00:00,2026-07-03 08:39:00,,well
TSK_001585,USR_075,Synthetic Task 1585,completed,medium,30,2026-08-25 00:00:00,2026-08-13 20:06:00,2026-08-20 20:58:00,well
TSK_001586,USR_031,Synthetic Task 1586,pending,high,30,2026-07-05 00:00:00,2026-07-02 19:11:00,,overwhelmed
TSK_001587,USR_008,Synthetic Task 1587,completed,medium,30,2026-09-03 00:00:00,2026-08-26 11:15:00,2026-09-01 13:55:00,
TSK_001588,USR_005,Synthetic Task 1588,completed,high,45,2026-07-19 00:00:00,2026-07-14 13:36:00,2026-07-14 21:19:00,
TSK_001589,USR_046,Synthetic Task 1589,pending,high,90,,2026-08-12 10:25:00,,overwhelmed
TSK_001590,USR_038,Synthetic Task 1590,completed,medium,60,2026-06-23 00:00:00,2026-06-15 09:08:00,2026-06-20 20:43:00,
TSK_001591,USR_060,Synthetic Task 1591,pending,low,30,2026-09-06 00:00:00,2026-08-24 18:06:00,,
TSK_001592,USR_084,Synthetic Task 1592,completed,low,15,2026-07-14 00:00:00,2026-07-14 08:41:00,2026-07-16 15:26:00,
TSK_001593,USR_094,Synthetic Task 1593,completed,high,60,,2026-08-09 15:53:00,2026-08-16 12:10:00,well
TSK_001594,USR_006,Synthetic Task 1594,completed,low,90,2026-08-30 00:00:00,2026-08-29 22:23:00,2026-08-31 16:23:00,
TSK_001595,USR_024,Synthetic Task 1595,completed,high,120,2026-06-10 00:00:00,2026-06-02 14:52:00,2026-06-04 10:19:00,
TSK_001596,USR_007,Synthetic Task 1596,completed,medium,15,2026-08-01 00:00:00,2026-07-18 14:53:00,2026-07-24 10:54:00,
TSK_001597,USR_022,Synthetic Task 1597,completed,medium,30,2026-08-27 00:00:00,2026-08-22 22:58:00,2026-08-29 14:24:00,
TSK_001598,USR_083,Synthetic Task 1598,completed,medium,45,2026-08-22 00:00:00,2026-08-09 16:13:00,2026-08-09 21:09:00,well
TSK_001599,USR_088,Synthetic Task 1599,completed,medium,45,2026-07-27 00:00:00,2026-07-18 07:45:00,2026-07-18 12:15:00,
TSK_001600,USR_092,Synthetic Task 1600,pending,high,30,2026-08-16 00:00:00,2026-08-07 20:11:00,,
TSK_001601,USR_041,Synthetic Task 1601,completed,medium,15,2026-07-05 00:00:00,2026-06-27 16:55:00,2026-06-29 21:31:00,overwhelmed
TSK_001602,USR_078,Synthetic Task 1602,completed,medium,60,2026-06-14 00:00:00,2026-06-12 19:19:00,2026-06-18 17:35:00,
TSK_001603,USR_009,Synthetic Task 1603,pending,medium,30,2026-08-13 00:00:00,2026-08-13 07:09:00,,
TSK_001604,USR_002,Synthetic Task 1604,completed,high,45,2026-07-29 00:00:00,2026-07-19 22:44:00,2026-07-22 12:50:00,
TSK_001605,USR_014,Synthetic Task 1605,completed,high,90,,2026-06-10 08:13:00,2026-06-16 10:29:00,overwhelmed
TSK_001606,USR_058,Synthetic Task 1606,completed,medium,60,2026-06-20 00:00:00,2026-06-18 10:29:00,2026-06-18 16:46:00,
TSK_001607,USR_026,Synthetic Task 1607,completed,medium,45,2026-07-09 00:00:00,2026-06-30 17:51:00,2026-07-05 22:49:00,
TSK_001608,USR_062,Synthetic Task 1608,completed,medium,30,2026-06-18 00:00:00,2026-06-18 11:50:00,2026-06-24 15:24:00,
TSK_001609,USR_038,Synthetic Task 1609,completed,medium,60,2026-06-13 00:00:00,2026-06-13 07:08:00,2026-06-18 22:48:00,
TSK_001610,USR_068,Synthetic Task 1610,completed,medium,60,2026-06-07 00:00:00,2026-06-07 10:27:00,2026-06-12 11:06:00,well
TSK_001611,USR_031,Synthetic Task 1611,completed,low,45,2026-08-19 00:00:00,2026-08-18 09:48:00,2026-08-18 20:09:00,
TSK_001612,USR_085,Synthetic Task 1612,completed,medium,30,2026-08-15 00:00:00,2026-08-13 11:25:00,2026-08-20 19:00:00,well
TSK_001613,USR_021,Synthetic Task 1613,completed,high,90,2026-08-28 00:00:00,2026-08-14 20:30:00,2026-08-20 21:13:00,
TSK_001614,USR_096,Synthetic Task 1614,completed,medium,45,,2026-07-12 11:56:00,2026-07-15 08:59:00,well
TSK_001615,USR_051,Synthetic Task 1615,completed,low,60,2026-08-19 00:00:00,2026-08-12 18:06:00,2026-08-19 15:56:00,calm_needed
TSK_001616,USR_027,Synthetic Task 1616,pending,medium,60,2026-07-24 00:00:00,2026-07-20 17:56:00,,
TSK_001617,USR_040,Synthetic Task 1617,completed,high,45,2026-08-27 00:00:00,2026-08-25 22:40:00,2026-08-29 12:27:00,well
TSK_001618,USR_033,Synthetic Task 1618,completed,low,60,2026-06-03 00:00:00,2026-06-02 09:27:00,2026-06-09 09:30:00,
TSK_001619,USR_039,Synthetic Task 1619,completed,high,45,2026-07-04 00:00:00,2026-06-20 07:08:00,2026-06-24 19:54:00,overwhelmed
TSK_001620,USR_084,Synthetic Task 1620,completed,high,120,2026-07-16 00:00:00,2026-07-11 20:46:00,2026-07-17 17:21:00,
TSK_001621,USR_092,Synthetic Task 1621,completed,low,90,2026-06-15 00:00:00,2026-06-09 17:34:00,2026-06-09 22:41:00,
TSK_001622,USR_029,Synthetic Task 1622,completed,medium,15,2026-07-16 00:00:00,2026-07-11 10:39:00,2026-07-11 14:53:00,
TSK_001623,USR_058,Synthetic Task 1623,completed,high,15,2026-06-17 00:00:00,2026-06-14 20:49:00,2026-06-20 11:25:00,well
TSK_001624,USR_017,Synthetic Task 1624,pending,medium,30,,2026-08-23 22:05:00,,overwhelmed
TSK_001625,USR_045,Synthetic Task 1625,completed,high,60,2026-06-23 00:00:00,2026-06-20 16:16:00,2026-06-27 13:05:00,
TSK_001626,USR_043,Synthetic Task 1626,completed,high,15,2026-09-04 00:00:00,2026-08-26 08:35:00,2026-08-31 09:39:00,well
TSK_001627,USR_001,Synthetic Task 1627,completed,medium,45,2026-07-18 00:00:00,2026-07-07 07:34:00,2026-07-07 15:04:00,
TSK_001628,USR_056,Synthetic Task 1628,pending,medium,45,2026-09-11 00:00:00,2026-08-28 18:37:00,,well
TSK_001629,USR_095,Synthetic Task 1629,pending,medium,90,2026-07-27 00:00:00,2026-07-20 08:38:00,,overwhelmed
TSK_001630,USR_083,Synthetic Task 1630,completed,medium,120,2026-07-10 00:00:00,2026-06-29 17:52:00,2026-07-05 10:57:00,
TSK_001631,USR_014,Synthetic Task 1631,completed,high,60,2026-07-28 00:00:00,2026-07-22 12:03:00,2026-07-28 14:12:00,
TSK_001632,USR_092,Synthetic Task 1632,completed,high,30,2026-08-09 00:00:00,2026-08-05 19:01:00,2026-08-10 17:25:00,well
TSK_001633,USR_067,Synthetic Task 1633,completed,high,30,2026-08-10 00:00:00,2026-08-05 20:57:00,2026-08-05 23:44:00,well
TSK_001634,USR_070,Synthetic Task 1634,completed,medium,15,2026-06-15 00:00:00,2026-06-08 17:54:00,2026-06-14 16:23:00,well
TSK_001635,USR_095,Synthetic Task 1635,completed,medium,30,2026-06-25 00:00:00,2026-06-16 16:49:00,2026-06-16 19:41:00,overwhelmed
TSK_001636,USR_068,Synthetic Task 1636,completed,medium,30,2026-07-28 00:00:00,2026-07-20 17:53:00,2026-07-21 15:59:00,overwhelmed
TSK_001637,USR_072,Synthetic Task 1637,pending,medium,60,2026-06-28 00:00:00,2026-06-18 09:17:00,,
TSK_001638,USR_067,Synthetic Task 1638,completed,medium,60,2026-09-02 00:00:00,2026-08-25 21:30:00,2026-08-27 19:10:00,
TSK_001639,USR_007,Synthetic Task 1639,completed,medium,60,2026-08-03 00:00:00,2026-07-25 18:16:00,2026-07-28 16:37:00,
TSK_001640,USR_076,Synthetic Task 1640,completed,low,60,2026-07-10 00:00:00,2026-07-07 10:00:00,2026-07-10 16:09:00,calm_needed
TSK_001641,USR_029,Synthetic Task 1641,pending,medium,90,2026-08-29 00:00:00,2026-08-26 09:15:00,,
TSK_001642,USR_025,Synthetic Task 1642,completed,medium,60,,2026-08-09 09:38:00,2026-08-13 20:04:00,calm_needed
TSK_001643,USR_033,Synthetic Task 1643,completed,medium,60,2026-07-25 00:00:00,2026-07-18 09:59:00,2026-07-20 10:50:00,
TSK_001644,USR_021,Synthetic Task 1644,completed,high,15,2026-08-27 00:00:00,2026-08-21 09:10:00,2026-08-23 09:22:00,
TSK_001645,USR_086,Synthetic Task 1645,completed,low,90,2026-07-20 00:00:00,2026-07-12 20:01:00,2026-07-18 19:48:00,
TSK_001646,USR_075,Synthetic Task 1646,completed,medium,90,2026-06-24 00:00:00,2026-06-17 20:17:00,2026-06-20 07:40:00,well
TSK_001647,USR_026,Synthetic Task 1647,completed,medium,45,,2026-08-11 18:19:00,2026-08-17 12:37:00,well
TSK_001648,USR_017,Synthetic Task 1648,completed,medium,30,2026-07-01 00:00:00,2026-06-26 12:16:00,2026-07-02 14:38:00,well
TSK_001649,USR_092,Synthetic Task 1649,completed,low,30,2026-07-25 00:00:00,2026-07-20 22:05:00,2026-07-20 23:20:00,well
TSK_001650,USR_022,Synthetic Task 1650,completed,medium,30,2026-08-06 00:00:00,2026-07-27 15:25:00,2026-08-02 10:28:00,
TSK_001651,USR_074,Synthetic Task 1651,pending,low,60,2026-06-22 00:00:00,2026-06-12 19:13:00,,well
TSK_001652,USR_065,Synthetic Task 1652,completed,high,60,,2026-07-17 13:42:00,2026-07-19 17:14:00,
TSK_001653,USR_090,Synthetic Task 1653,completed,low,30,2026-09-10 00:00:00,2026-08-28 07:05:00,2026-08-30 12:46:00,
TSK_001654,USR_044,Synthetic Task 1654,completed,low,45,,2026-06-18 22:39:00,2026-06-23 10:20:00,
TSK_001655,USR_063,Synthetic Task 1655,pending,medium,60,2026-08-29 00:00:00,2026-08-15 16:46:00,,
TSK_001656,USR_057,Synthetic Task 1656,completed,medium,60,2026-08-22 00:00:00,2026-08-14 08:52:00,2026-08-18 17:27:00,
TSK_001657,USR_004,Synthetic Task 1657,pending,low,45,2026-08-17 00:00:00,2026-08-17 17:29:00,,
TSK_001658,USR_094,Synthetic Task 1658,pending,low,45,2026-09-10 00:00:00,2026-08-29 20:50:00,,calm_needed
TSK_001659,USR_068,Synthetic Task 1659,completed,high,90,2026-06-16 00:00:00,2026-06-10 18:40:00,2026-06-15 17:05:00,overwhelmed
TSK_001660,USR_077,Synthetic Task 1660,completed,high,15,2026-09-03 00:00:00,2026-08-27 19:47:00,2026-08-27 23:11:00,
TSK_001661,USR_006,Synthetic Task 1661,pending,high,45,2026-08-21 00:00:00,2026-08-11 08:17:00,,
TSK_001662,USR_019,Synthetic Task 1662,pending,medium,60,2026-08-27 00:00:00,2026-08-23 10:51:00,,
TSK_001663,USR_066,Synthetic Task 1663,pending,high,30,2026-07-12 00:00:00,2026-07-11 08:53:00,,
TSK_001664,USR_044,Synthetic Task 1664,completed,high,30,2026-07-20 00:00:00,2026-07-18 09:34:00,2026-07-20 13:41:00,
TSK_001665,USR_087,Synthetic Task 1665,pending,medium,30,2026-08-23 00:00:00,2026-08-22 19:17:00,,
TSK_001666,USR_088,Synthetic Task 1666,completed,high,30,2026-06-21 00:00:00,2026-06-18 10:35:00,2026-06-22 22:06:00,
TSK_001667,USR_038,Synthetic Task 1667,completed,low,30,2026-06-16 00:00:00,2026-06-13 19:21:00,2026-06-19 20:12:00,
TSK_001668,USR_017,Synthetic Task 1668,pending,low,30,2026-07-17 00:00:00,2026-07-07 22:02:00,,
TSK_001669,USR_095,Synthetic Task 1669,completed,low,60,,2026-08-11 13:00:00,2026-08-17 17:48:00,well
TSK_001670,USR_003,Synthetic Task 1670,completed,low,45,2026-07-13 00:00:00,2026-07-04 22:00:00,2026-07-07 19:39:00,
TSK_001671,USR_006,Synthetic Task 1671,completed,medium,45,2026-07-21 00:00:00,2026-07-16 13:10:00,2026-07-22 08:28:00,
TSK_001672,USR_063,Synthetic Task 1672,completed,low,60,2026-06-13 00:00:00,2026-06-01 11:44:00,2026-06-08 19:35:00,
TSK_001673,USR_065,Synthetic Task 1673,completed,low,120,2026-06-15 00:00:00,2026-06-03 22:19:00,2026-06-08 13:50:00,well
TSK_001674,USR_093,Synthetic Task 1674,completed,high,45,2026-07-25 00:00:00,2026-07-12 20:59:00,2026-07-18 10:41:00,calm_needed
TSK_001675,USR_049,Synthetic Task 1675,pending,medium,30,2026-06-22 00:00:00,2026-06-18 17:41:00,,
TSK_001676,USR_067,Synthetic Task 1676,completed,medium,30,2026-08-14 00:00:00,2026-08-04 09:58:00,2026-08-08 20:10:00,
TSK_001677,USR_002,Synthetic Task 1677,completed,medium,45,2026-07-23 00:00:00,2026-07-23 15:58:00,2026-07-23 19:48:00,well
TSK_001678,USR_069,Synthetic Task 1678,completed,low,90,2026-07-31 00:00:00,2026-07-26 15:57:00,2026-08-01 12:46:00,
TSK_001679,USR_045,Synthetic Task 1679,completed,low,30,2026-07-08 00:00:00,2026-06-30 22:56:00,2026-07-04 07:31:00,
TSK_001680,USR_058,Synthetic Task 1680,completed,low,60,2026-08-25 00:00:00,2026-08-16 09:16:00,2026-08-21 20:50:00,well
TSK_001681,USR_016,Synthetic Task 1681,completed,low,60,2026-08-17 00:00:00,2026-08-14 12:03:00,2026-08-15 09:24:00,
TSK_001682,USR_035,Synthetic Task 1682,pending,medium,30,2026-08-25 00:00:00,2026-08-24 21:35:00,,well
TSK_001683,USR_060,Synthetic Task 1683,completed,low,90,2026-08-21 00:00:00,2026-08-11 14:59:00,2026-08-12 17:35:00,
TSK_001684,USR_001,Synthetic Task 1684,completed,medium,30,2026-06-14 00:00:00,2026-06-08 15:45:00,2026-06-10 22:11:00,
TSK_001685,USR_024,Synthetic Task 1685,completed,medium,45,2026-07-01 00:00:00,2026-06-22 16:03:00,2026-06-25 08:06:00,
TSK_001686,USR_039,Synthetic Task 1686,pending,low,15,2026-07-07 00:00:00,2026-07-05 15:47:00,,
TSK_001687,USR_027,Synthetic Task 1687,completed,low,45,2026-08-16 00:00:00,2026-08-04 12:01:00,2026-08-09 18:56:00,
TSK_001688,USR_031,Synthetic Task 1688,completed,low,15,2026-08-03 00:00:00,2026-08-03 12:52:00,2026-08-05 19:06:00,
TSK_001689,USR_040,Synthetic Task 1689,completed,medium,120,2026-08-13 00:00:00,2026-08-11 13:06:00,2026-08-15 11:24:00,
TSK_001690,USR_036,Synthetic Task 1690,completed,low,60,2026-07-05 00:00:00,2026-06-27 12:41:00,2026-07-02 12:12:00,
TSK_001691,USR_013,Synthetic Task 1691,pending,medium,45,2026-07-07 00:00:00,2026-06-25 21:21:00,,
TSK_001692,USR_026,Synthetic Task 1692,pending,medium,60,2026-08-30 00:00:00,2026-08-20 12:54:00,,calm_needed
TSK_001693,USR_088,Synthetic Task 1693,completed,high,30,2026-06-16 00:00:00,2026-06-08 20:53:00,2026-06-09 19:31:00,
TSK_001694,USR_098,Synthetic Task 1694,pending,medium,45,2026-06-22 00:00:00,2026-06-13 19:53:00,,
TSK_001695,USR_055,Synthetic Task 1695,completed,medium,30,,2026-06-03 18:57:00,2026-06-10 14:31:00,well
TSK_001696,USR_005,Synthetic Task 1696,completed,high,60,2026-07-31 00:00:00,2026-07-30 14:50:00,2026-07-30 17:33:00,
TSK_001697,USR_033,Synthetic Task 1697,completed,medium,30,2026-06-17 00:00:00,2026-06-04 08:54:00,2026-06-05 15:08:00,
TSK_001698,USR_067,Synthetic Task 1698,pending,low,15,2026-07-11 00:00:00,2026-07-01 14:44:00,,
TSK_001699,USR_036,Synthetic Task 1699,completed,low,60,2026-09-02 00:00:00,2026-08-24 18:45:00,2026-08-27 12:58:00,overwhelmed
TSK_001700,USR_074,Synthetic Task 1700,completed,medium,30,,2026-07-30 20:26:00,2026-08-04 16:58:00,well
TSK_001701,USR_084,Synthetic Task 1701,completed,high,45,,2026-06-08 14:19:00,2026-06-09 18:17:00,
TSK_001702,USR_006,Synthetic Task 1702,completed,medium,60,,2026-06-19 15:02:00,2026-06-24 18:37:00,
TSK_001703,USR_057,Synthetic Task 1703,completed,low,60,2026-07-26 00:00:00,2026-07-25 16:14:00,2026-08-01 13:34:00,
TSK_001704,USR_004,Synthetic Task 1704,completed,high,30,2026-06-19 00:00:00,2026-06-08 10:09:00,2026-06-14 16:34:00,well
TSK_001705,USR_074,Synthetic Task 1705,completed,medium,60,2026-06-25 00:00:00,2026-06-11 08:15:00,2026-06-17 10:51:00,
TSK_001706,USR_048,Synthetic Task 1706,completed,low,60,2026-07-04 00:00:00,2026-06-26 13:05:00,2026-07-02 22:05:00,
TSK_001707,USR_001,Synthetic Task 1707,completed,medium,90,2026-06-12 00:00:00,2026-06-05 13:17:00,2026-06-05 19:02:00,
TSK_001708,USR_044,Synthetic Task 1708,completed,high,60,2026-06-15 00:00:00,2026-06-12 12:21:00,2026-06-17 20:08:00,calm_needed
TSK_001709,USR_095,Synthetic Task 1709,completed,medium,15,2026-08-31 00:00:00,2026-08-24 22:53:00,2026-08-25 01:30:00,
TSK_001710,USR_030,Synthetic Task 1710,pending,low,90,2026-07-23 00:00:00,2026-07-11 10:06:00,,
TSK_001711,USR_044,Synthetic Task 1711,pending,low,45,2026-09-05 00:00:00,2026-08-27 21:23:00,,
TSK_001712,USR_017,Synthetic Task 1712,pending,medium,45,2026-08-21 00:00:00,2026-08-08 19:03:00,,well
TSK_001713,USR_093,Synthetic Task 1713,pending,high,90,2026-08-24 00:00:00,2026-08-14 17:58:00,,well
TSK_001714,USR_068,Synthetic Task 1714,completed,medium,15,2026-08-04 00:00:00,2026-07-24 15:18:00,2026-07-26 15:37:00,well
TSK_001715,USR_011,Synthetic Task 1715,completed,medium,30,2026-06-28 00:00:00,2026-06-14 19:23:00,2026-06-19 16:10:00,
TSK_001716,USR_061,Synthetic Task 1716,completed,high,90,2026-06-21 00:00:00,2026-06-17 08:56:00,2026-06-22 12:49:00,well
TSK_001717,USR_017,Synthetic Task 1717,completed,medium,15,2026-08-30 00:00:00,2026-08-29 09:58:00,2026-09-01 15:12:00,well
TSK_001718,USR_093,Synthetic Task 1718,completed,high,30,2026-08-19 00:00:00,2026-08-14 17:47:00,2026-08-17 17:20:00,well
TSK_001719,USR_059,Synthetic Task 1719,pending,high,30,2026-08-11 00:00:00,2026-08-07 11:59:00,,overwhelmed
TSK_001720,USR_014,Synthetic Task 1720,pending,high,30,2026-07-29 00:00:00,2026-07-22 10:46:00,,
TSK_001721,USR_035,Synthetic Task 1721,completed,medium,45,2026-07-25 00:00:00,2026-07-14 13:48:00,2026-07-14 19:03:00,calm_needed
TSK_001722,USR_094,Synthetic Task 1722,completed,medium,30,2026-08-15 00:00:00,2026-08-06 20:28:00,2026-08-07 07:18:00,
TSK_001723,USR_030,Synthetic Task 1723,completed,high,120,2026-07-27 00:00:00,2026-07-13 16:11:00,2026-07-20 21:55:00,
TSK_001724,USR_023,Synthetic Task 1724,pending,medium,45,2026-08-26 00:00:00,2026-08-20 17:12:00,,well
TSK_001725,USR_018,Synthetic Task 1725,completed,low,60,2026-07-12 00:00:00,2026-07-12 18:25:00,2026-07-12 22:06:00,
TSK_001726,USR_043,Synthetic Task 1726,pending,medium,90,2026-06-23 00:00:00,2026-06-14 13:57:00,,
TSK_001727,USR_017,Synthetic Task 1727,completed,medium,15,2026-07-18 00:00:00,2026-07-04 12:13:00,2026-07-07 16:58:00,
TSK_001728,USR_070,Synthetic Task 1728,pending,high,45,2026-06-27 00:00:00,2026-06-20 13:56:00,,
TSK_001729,USR_023,Synthetic Task 1729,completed,high,60,,2026-06-18 20:49:00,2026-06-25 13:04:00,
TSK_001730,USR_048,Synthetic Task 1730,completed,medium,60,2026-08-29 00:00:00,2026-08-18 17:01:00,2026-08-20 09:49:00,
TSK_001731,USR_059,Synthetic Task 1731,pending,high,30,,2026-08-06 22:35:00,,
TSK_001732,USR_009,Synthetic Task 1732,pending,medium,90,2026-08-26 00:00:00,2026-08-15 18:58:00,,
TSK_001733,USR_091,Synthetic Task 1733,pending,medium,45,2026-08-25 00:00:00,2026-08-13 17:01:00,,
TSK_001734,USR_001,Synthetic Task 1734,completed,high,30,2026-07-02 00:00:00,2026-07-01 12:33:00,2026-07-02 13:57:00,
TSK_001735,USR_076,Synthetic Task 1735,completed,medium,30,2026-06-28 00:00:00,2026-06-27 13:00:00,2026-07-03 16:32:00,overwhelmed
TSK_001736,USR_049,Synthetic Task 1736,completed,medium,45,2026-08-31 00:00:00,2026-08-28 12:47:00,2026-08-28 14:56:00,
TSK_001737,USR_064,Synthetic Task 1737,completed,medium,45,2026-08-03 00:00:00,2026-07-28 07:05:00,2026-08-04 21:14:00,
TSK_001738,USR_069,Synthetic Task 1738,completed,low,120,2026-06-17 00:00:00,2026-06-10 10:11:00,2026-06-15 09:39:00,
TSK_001739,USR_069,Synthetic Task 1739,completed,medium,60,2026-06-21 00:00:00,2026-06-13 10:08:00,2026-06-16 18:35:00,
TSK_001740,USR_026,Synthetic Task 1740,completed,high,30,2026-07-23 00:00:00,2026-07-14 16:41:00,2026-07-15 10:10:00,well
TSK_001741,USR_046,Synthetic Task 1741,completed,medium,15,2026-06-24 00:00:00,2026-06-13 12:13:00,2026-06-18 07:40:00,well
TSK_001742,USR_020,Synthetic Task 1742,completed,medium,60,2026-08-12 00:00:00,2026-08-04 22:11:00,2026-08-08 13:08:00,
TSK_001743,USR_070,Synthetic Task 1743,completed,medium,30,,2026-07-27 19:55:00,2026-07-27 20:11:00,
TSK_001744,USR_067,Synthetic Task 1744,completed,low,30,2026-08-19 00:00:00,2026-08-18 17:33:00,2026-08-18 20:43:00,
TSK_001745,USR_085,Synthetic Task 1745,pending,medium,60,2026-07-15 00:00:00,2026-07-03 11:58:00,,
TSK_001746,USR_067,Synthetic Task 1746,completed,medium,30,2026-09-08 00:00:00,2026-08-29 22:15:00,2026-09-03 20:28:00,
TSK_001747,USR_057,Synthetic Task 1747,pending,medium,15,2026-07-18 00:00:00,2026-07-18 07:43:00,,
TSK_001748,USR_075,Synthetic Task 1748,completed,medium,30,2026-08-07 00:00:00,2026-07-25 20:17:00,2026-07-28 09:01:00,well
TSK_001749,USR_031,Synthetic Task 1749,pending,medium,60,2026-06-25 00:00:00,2026-06-16 21:28:00,,
TSK_001750,USR_092,Synthetic Task 1750,completed,medium,15,,2026-07-26 07:23:00,2026-07-29 13:51:00,well
TSK_001751,USR_077,Synthetic Task 1751,pending,medium,30,2026-06-17 00:00:00,2026-06-13 16:28:00,,overwhelmed
TSK_001752,USR_039,Synthetic Task 1752,completed,medium,60,2026-07-14 00:00:00,2026-07-11 11:07:00,2026-07-18 09:26:00,
TSK_001753,USR_007,Synthetic Task 1753,completed,low,30,2026-08-13 00:00:00,2026-07-31 10:31:00,2026-08-01 19:45:00,
TSK_001754,USR_005,Synthetic Task 1754,completed,medium,45,,2026-07-14 16:57:00,2026-07-16 12:08:00,
TSK_001755,USR_095,Synthetic Task 1755,completed,low,15,2026-08-07 00:00:00,2026-07-24 18:23:00,2026-07-27 08:57:00,calm_needed
TSK_001756,USR_009,Synthetic Task 1756,completed,medium,30,2026-08-20 00:00:00,2026-08-18 13:43:00,2026-08-21 22:36:00,
TSK_001757,USR_029,Synthetic Task 1757,completed,low,15,2026-06-11 00:00:00,2026-06-05 10:50:00,2026-06-06 20:44:00,well
TSK_001758,USR_029,Synthetic Task 1758,pending,low,60,2026-09-07 00:00:00,2026-08-25 09:56:00,,
TSK_001759,USR_033,Synthetic Task 1759,completed,medium,15,,2026-08-10 08:09:00,2026-08-14 10:18:00,well
TSK_001760,USR_070,Synthetic Task 1760,pending,medium,45,2026-08-08 00:00:00,2026-08-02 07:07:00,,overwhelmed
TSK_001761,USR_013,Synthetic Task 1761,completed,medium,30,2026-07-31 00:00:00,2026-07-23 13:27:00,2026-07-26 08:56:00,well
TSK_001762,USR_062,Synthetic Task 1762,completed,high,90,2026-07-23 00:00:00,2026-07-15 21:07:00,2026-07-15 21:55:00,
TSK_001763,USR_002,Synthetic Task 1763,completed,low,60,2026-06-11 00:00:00,2026-06-07 21:40:00,2026-06-10 12:33:00,
TSK_001764,USR_075,Synthetic Task 1764,completed,medium,30,,2026-06-10 19:54:00,2026-06-15 14:36:00,calm_needed
TSK_001765,USR_028,Synthetic Task 1765,pending,low,60,2026-08-31 00:00:00,2026-08-17 16:43:00,,well
TSK_001766,USR_094,Synthetic Task 1766,completed,low,45,,2026-06-26 10:00:00,2026-07-01 07:28:00,
TSK_001767,USR_015,Synthetic Task 1767,completed,low,60,2026-06-16 00:00:00,2026-06-14 13:00:00,2026-06-18 09:39:00,
TSK_001768,USR_046,Synthetic Task 1768,completed,medium,60,,2026-06-06 14:51:00,2026-06-10 20:31:00,
TSK_001769,USR_023,Synthetic Task 1769,completed,high,60,2026-06-24 00:00:00,2026-06-16 22:25:00,2026-06-18 09:57:00,
TSK_001770,USR_062,Synthetic Task 1770,completed,high,45,2026-06-30 00:00:00,2026-06-17 12:58:00,2026-06-24 12:56:00,well
TSK_001771,USR_039,Synthetic Task 1771,pending,low,30,2026-07-17 00:00:00,2026-07-12 22:38:00,,
TSK_001772,USR_039,Synthetic Task 1772,completed,high,30,2026-07-31 00:00:00,2026-07-27 12:59:00,2026-07-31 18:48:00,
TSK_001773,USR_054,Synthetic Task 1773,pending,low,30,,2026-08-10 18:19:00,,
TSK_001774,USR_044,Synthetic Task 1774,completed,medium,120,2026-08-06 00:00:00,2026-08-01 09:18:00,2026-08-04 12:18:00,
TSK_001775,USR_066,Synthetic Task 1775,completed,high,30,2026-07-06 00:00:00,2026-06-23 08:48:00,2026-06-27 12:52:00,
TSK_001776,USR_089,Synthetic Task 1776,completed,high,30,2026-06-14 00:00:00,2026-06-04 22:00:00,2026-06-05 18:17:00,
TSK_001777,USR_024,Synthetic Task 1777,completed,medium,30,2026-08-30 00:00:00,2026-08-27 22:24:00,2026-08-30 10:59:00,calm_needed
TSK_001778,USR_012,Synthetic Task 1778,completed,low,45,,2026-08-15 20:33:00,2026-08-21 10:55:00,
TSK_001779,USR_080,Synthetic Task 1779,completed,low,30,2026-09-10 00:00:00,2026-08-27 09:00:00,2026-08-29 21:15:00,well
TSK_001780,USR_081,Synthetic Task 1780,completed,high,15,2026-07-24 00:00:00,2026-07-11 11:44:00,2026-07-16 14:05:00,overwhelmed
TSK_001781,USR_089,Synthetic Task 1781,completed,high,45,2026-07-24 00:00:00,2026-07-18 07:25:00,2026-07-24 18:41:00,overwhelmed
TSK_001782,USR_062,Synthetic Task 1782,pending,low,30,2026-08-23 00:00:00,2026-08-21 20:53:00,,
TSK_001783,USR_098,Synthetic Task 1783,pending,high,90,2026-08-07 00:00:00,2026-07-29 15:12:00,,
TSK_001784,USR_059,Synthetic Task 1784,pending,medium,60,2026-08-08 00:00:00,2026-08-08 20:26:00,,
TSK_001785,USR_070,Synthetic Task 1785,completed,high,45,2026-08-23 00:00:00,2026-08-14 20:49:00,2026-08-20 20:14:00,
TSK_001786,USR_063,Synthetic Task 1786,completed,medium,15,,2026-06-25 16:12:00,2026-06-29 09:24:00,well
TSK_001787,USR_058,Synthetic Task 1787,pending,medium,30,2026-07-20 00:00:00,2026-07-08 07:19:00,,
TSK_001788,USR_057,Synthetic Task 1788,completed,high,45,2026-07-17 00:00:00,2026-07-15 18:01:00,2026-07-15 19:22:00,
TSK_001789,USR_094,Synthetic Task 1789,pending,medium,60,2026-06-17 00:00:00,2026-06-08 11:38:00,,
TSK_001790,USR_075,Synthetic Task 1790,completed,medium,90,2026-09-02 00:00:00,2026-08-24 22:21:00,2026-08-29 12:10:00,overwhelmed
TSK_001791,USR_007,Synthetic Task 1791,completed,medium,30,2026-07-20 00:00:00,2026-07-12 19:19:00,2026-07-13 15:23:00,well
TSK_001792,USR_061,Synthetic Task 1792,completed,medium,45,2026-09-09 00:00:00,2026-08-28 14:28:00,2026-09-01 12:03:00,
TSK_001793,USR_017,Synthetic Task 1793,completed,low,30,2026-06-30 00:00:00,2026-06-29 07:35:00,2026-07-02 20:08:00,
TSK_001794,USR_062,Synthetic Task 1794,completed,medium,15,,2026-06-20 13:17:00,2026-06-22 22:01:00,
TSK_001795,USR_039,Synthetic Task 1795,completed,high,30,2026-06-21 00:00:00,2026-06-10 17:24:00,2026-06-12 16:35:00,well
TSK_001796,USR_083,Synthetic Task 1796,pending,medium,30,2026-07-05 00:00:00,2026-06-23 20:16:00,,
TSK_001797,USR_086,Synthetic Task 1797,completed,medium,60,2026-06-26 00:00:00,2026-06-20 12:37:00,2026-06-24 08:34:00,
TSK_001798,USR_034,Synthetic Task 1798,completed,low,30,2026-07-17 00:00:00,2026-07-06 12:36:00,2026-07-10 11:35:00,well
TSK_001799,USR_093,Synthetic Task 1799,completed,low,120,,2026-08-03 08:51:00,2026-08-10 18:21:00,
TSK_001800,USR_010,Synthetic Task 1800,completed,medium,15,2026-07-07 00:00:00,2026-06-25 08:48:00,2026-06-30 21:44:00,well
TSK_001801,USR_083,Synthetic Task 1801,completed,low,45,2026-08-28 00:00:00,2026-08-18 19:06:00,2026-08-20 13:16:00,well
TSK_001802,USR_088,Synthetic Task 1802,pending,high,30,2026-06-07 00:00:00,2026-06-05 16:38:00,,
TSK_001803,USR_060,Synthetic Task 1803,completed,medium,60,2026-06-28 00:00:00,2026-06-26 21:24:00,2026-07-02 08:49:00,well
TSK_001804,USR_044,Synthetic Task 1804,completed,high,60,2026-06-19 00:00:00,2026-06-06 10:36:00,2026-06-08 07:40:00,calm_needed
TSK_001805,USR_100,Synthetic Task 1805,completed,low,60,2026-07-12 00:00:00,2026-07-10 22:35:00,2026-07-16 08:23:00,
TSK_001806,USR_079,Synthetic Task 1806,pending,low,120,2026-07-28 00:00:00,2026-07-14 20:11:00,,well
TSK_001807,USR_095,Synthetic Task 1807,completed,high,60,2026-07-15 00:00:00,2026-07-15 19:56:00,2026-07-17 10:10:00,overwhelmed
TSK_001808,USR_006,Synthetic Task 1808,completed,medium,30,2026-08-07 00:00:00,2026-07-31 11:09:00,2026-08-04 08:05:00,
TSK_001809,USR_014,Synthetic Task 1809,completed,high,60,2026-06-27 00:00:00,2026-06-23 13:53:00,2026-06-29 17:31:00,
TSK_001810,USR_088,Synthetic Task 1810,completed,low,60,2026-06-22 00:00:00,2026-06-11 09:54:00,2026-06-18 17:16:00,well
TSK_001811,USR_055,Synthetic Task 1811,pending,medium,60,,2026-07-16 22:53:00,,calm_needed
TSK_001812,USR_045,Synthetic Task 1812,completed,low,60,2026-06-06 00:00:00,2026-06-03 17:42:00,2026-06-09 13:17:00,
TSK_001813,USR_090,Synthetic Task 1813,completed,medium,30,2026-08-14 00:00:00,2026-08-01 14:19:00,2026-08-07 19:25:00,
TSK_001814,USR_007,Synthetic Task 1814,pending,high,30,,2026-07-07 10:54:00,,
TSK_001815,USR_058,Synthetic Task 1815,completed,high,30,2026-08-13 00:00:00,2026-08-02 17:39:00,2026-08-03 18:38:00,well
TSK_001816,USR_089,Synthetic Task 1816,completed,medium,90,2026-08-03 00:00:00,2026-07-28 08:35:00,2026-08-03 12:19:00,well
TSK_001817,USR_004,Synthetic Task 1817,completed,medium,15,2026-07-15 00:00:00,2026-07-12 12:26:00,2026-07-14 14:23:00,
TSK_001818,USR_018,Synthetic Task 1818,completed,high,15,2026-08-12 00:00:00,2026-08-09 07:11:00,2026-08-13 22:01:00,well
TSK_001819,USR_012,Synthetic Task 1819,pending,medium,90,2026-06-13 00:00:00,2026-06-04 16:04:00,,
TSK_001820,USR_083,Synthetic Task 1820,pending,medium,15,2026-06-19 00:00:00,2026-06-06 14:30:00,,well
TSK_001821,USR_028,Synthetic Task 1821,completed,medium,30,2026-07-23 00:00:00,2026-07-12 20:51:00,2026-07-19 16:13:00,
TSK_001822,USR_004,Synthetic Task 1822,pending,high,45,,2026-06-22 12:28:00,,
TSK_001823,USR_090,Synthetic Task 1823,pending,low,120,,2026-08-23 19:35:00,,well
TSK_001824,USR_036,Synthetic Task 1824,completed,high,90,2026-06-24 00:00:00,2026-06-15 18:39:00,2026-06-19 16:46:00,well
TSK_001825,USR_011,Synthetic Task 1825,completed,low,30,2026-06-06 00:00:00,2026-06-02 20:03:00,2026-06-08 15:56:00,
TSK_001826,USR_092,Synthetic Task 1826,completed,low,30,2026-08-06 00:00:00,2026-08-05 11:58:00,2026-08-05 15:33:00,well
TSK_001827,USR_028,Synthetic Task 1827,completed,medium,90,2026-06-23 00:00:00,2026-06-11 20:20:00,2026-06-16 13:41:00,
TSK_001828,USR_021,Synthetic Task 1828,completed,low,30,2026-06-24 00:00:00,2026-06-22 08:09:00,2026-06-27 11:32:00,calm_needed
TSK_001829,USR_041,Synthetic Task 1829,completed,medium,30,2026-06-20 00:00:00,2026-06-13 12:03:00,2026-06-18 14:23:00,
TSK_001830,USR_100,Synthetic Task 1830,pending,high,30,2026-09-03 00:00:00,2026-08-29 07:32:00,,
TSK_001831,USR_056,Synthetic Task 1831,completed,high,15,,2026-07-05 15:03:00,2026-07-07 18:14:00,overwhelmed
TSK_001832,USR_094,Synthetic Task 1832,completed,high,30,2026-07-29 00:00:00,2026-07-17 18:02:00,2026-07-23 17:08:00,
TSK_001833,USR_081,Synthetic Task 1833,pending,medium,120,2026-07-20 00:00:00,2026-07-15 20:29:00,,overwhelmed
TSK_001834,USR_083,Synthetic Task 1834,pending,low,60,2026-06-25 00:00:00,2026-06-19 18:52:00,,well
TSK_001835,USR_067,Synthetic Task 1835,completed,high,60,2026-06-11 00:00:00,2026-06-09 17:05:00,2026-06-16 08:20:00,
TSK_001836,USR_099,Synthetic Task 1836,completed,low,60,2026-07-05 00:00:00,2026-06-30 09:38:00,2026-07-03 15:34:00,
TSK_001837,USR_034,Synthetic Task 1837,completed,medium,60,2026-07-01 00:00:00,2026-07-01 20:32:00,2026-07-05 07:15:00,
TSK_001838,USR_099,Synthetic Task 1838,completed,medium,30,2026-08-08 00:00:00,2026-08-07 08:23:00,2026-08-10 10:48:00,
TSK_001839,USR_045,Synthetic Task 1839,pending,medium,45,2026-07-01 00:00:00,2026-06-20 09:54:00,,
TSK_001840,USR_019,Synthetic Task 1840,completed,high,60,2026-08-24 00:00:00,2026-08-24 21:30:00,2026-08-28 07:57:00,
TSK_001841,USR_090,Synthetic Task 1841,completed,medium,30,2026-07-15 00:00:00,2026-07-07 07:59:00,2026-07-07 22:16:00,well
TSK_001842,USR_087,Synthetic Task 1842,completed,low,60,2026-07-12 00:00:00,2026-06-30 17:50:00,2026-07-07 13:57:00,well
TSK_001843,USR_068,Synthetic Task 1843,completed,medium,30,2026-08-28 00:00:00,2026-08-16 12:11:00,2026-08-19 21:15:00,well
TSK_001844,USR_005,Synthetic Task 1844,completed,medium,15,2026-08-16 00:00:00,2026-08-08 15:23:00,2026-08-09 12:45:00,
TSK_001845,USR_078,Synthetic Task 1845,pending,medium,45,2026-08-20 00:00:00,2026-08-07 13:57:00,,
TSK_001846,USR_071,Synthetic Task 1846,pending,medium,30,2026-07-24 00:00:00,2026-07-15 08:31:00,,well
TSK_001847,USR_090,Synthetic Task 1847,completed,low,45,,2026-07-08 07:04:00,2026-07-10 14:48:00,well
TSK_001848,USR_094,Synthetic Task 1848,pending,medium,60,2026-08-30 00:00:00,2026-08-22 19:51:00,,
TSK_001849,USR_096,Synthetic Task 1849,completed,high,30,2026-07-16 00:00:00,2026-07-04 11:45:00,2026-07-09 12:16:00,calm_needed
TSK_001850,USR_023,Synthetic Task 1850,completed,medium,30,2026-08-26 00:00:00,2026-08-26 07:56:00,2026-09-01 10:27:00,
TSK_001851,USR_043,Synthetic Task 1851,completed,medium,45,2026-06-15 00:00:00,2026-06-13 10:27:00,2026-06-19 21:45:00,
TSK_001852,USR_081,Synthetic Task 1852,completed,high,30,2026-07-11 00:00:00,2026-07-02 21:08:00,2026-07-05 18:31:00,
TSK_001853,USR_084,Synthetic Task 1853,completed,high,120,2026-08-16 00:00:00,2026-08-08 14:44:00,2026-08-09 12:05:00,
TSK_001854,USR_007,Synthetic Task 1854,completed,medium,90,2026-07-16 00:00:00,2026-07-07 16:31:00,2026-07-10 21:10:00,
TSK_001855,USR_036,Synthetic Task 1855,completed,medium,30,2026-08-16 00:00:00,2026-08-05 21:00:00,2026-08-08 09:01:00,calm_needed
TSK_001856,USR_033,Synthetic Task 1856,completed,medium,15,2026-07-23 00:00:00,2026-07-23 16:37:00,2026-07-24 15:36:00,well
TSK_001857,USR_002,Synthetic Task 1857,completed,medium,15,,2026-06-02 17:04:00,2026-06-02 20:25:00,calm_needed
TSK_001858,USR_061,Synthetic Task 1858,completed,low,45,2026-07-13 00:00:00,2026-07-10 21:24:00,2026-07-17 12:46:00,calm_needed
TSK_001859,USR_050,Synthetic Task 1859,completed,high,45,2026-07-12 00:00:00,2026-07-04 18:07:00,2026-07-08 14:30:00,
TSK_001860,USR_012,Synthetic Task 1860,completed,low,45,2026-06-14 00:00:00,2026-06-14 20:34:00,2026-06-16 11:50:00,
TSK_001861,USR_059,Synthetic Task 1861,completed,medium,90,2026-06-23 00:00:00,2026-06-09 13:57:00,2026-06-11 15:01:00,
TSK_001862,USR_088,Synthetic Task 1862,completed,medium,60,2026-08-06 00:00:00,2026-07-23 22:07:00,2026-07-26 07:43:00,calm_needed
TSK_001863,USR_004,Synthetic Task 1863,completed,medium,30,2026-07-24 00:00:00,2026-07-18 20:58:00,2026-07-22 11:24:00,well
TSK_001864,USR_095,Synthetic Task 1864,completed,high,90,2026-07-31 00:00:00,2026-07-30 09:37:00,2026-08-03 15:47:00,well
TSK_001865,USR_068,Synthetic Task 1865,completed,high,15,2026-06-13 00:00:00,2026-06-07 21:48:00,2026-06-08 15:13:00,well
TSK_001866,USR_014,Synthetic Task 1866,pending,medium,60,2026-08-27 00:00:00,2026-08-20 22:59:00,,
TSK_001867,USR_094,Synthetic Task 1867,pending,low,90,2026-08-16 00:00:00,2026-08-02 07:41:00,,calm_needed
TSK_001868,USR_037,Synthetic Task 1868,completed,high,90,2026-08-23 00:00:00,2026-08-17 20:05:00,2026-08-20 19:19:00,
TSK_001869,USR_089,Synthetic Task 1869,completed,medium,30,2026-06-08 00:00:00,2026-06-03 18:22:00,2026-06-04 08:30:00,well
TSK_001870,USR_089,Synthetic Task 1870,completed,medium,45,2026-06-26 00:00:00,2026-06-24 17:36:00,2026-06-30 22:29:00,calm_needed
TSK_001871,USR_087,Synthetic Task 1871,completed,low,60,2026-06-06 00:00:00,2026-06-06 09:11:00,2026-06-06 11:00:00,well
TSK_001872,USR_030,Synthetic Task 1872,completed,high,45,2026-08-13 00:00:00,2026-08-10 11:00:00,2026-08-11 19:40:00,
TSK_001873,USR_060,Synthetic Task 1873,completed,medium,30,2026-07-17 00:00:00,2026-07-15 14:30:00,2026-07-17 10:25:00,
TSK_001874,USR_079,Synthetic Task 1874,completed,high,60,2026-08-07 00:00:00,2026-08-07 09:58:00,2026-08-07 10:53:00,calm_needed
TSK_001875,USR_094,Synthetic Task 1875,pending,high,60,2026-07-19 00:00:00,2026-07-09 08:59:00,,well
TSK_001876,USR_083,Synthetic Task 1876,pending,medium,60,2026-09-04 00:00:00,2026-08-29 13:12:00,,
TSK_001877,USR_023,Synthetic Task 1877,completed,medium,45,2026-07-10 00:00:00,2026-07-02 15:41:00,2026-07-03 18:49:00,overwhelmed
TSK_001878,USR_078,Synthetic Task 1878,completed,high,60,2026-08-15 00:00:00,2026-08-11 17:41:00,2026-08-14 13:23:00,
TSK_001879,USR_078,Synthetic Task 1879,completed,high,90,2026-09-08 00:00:00,2026-08-29 15:59:00,2026-09-05 10:08:00,
TSK_001880,USR_059,Synthetic Task 1880,completed,medium,60,2026-06-30 00:00:00,2026-06-19 09:08:00,2026-06-21 19:36:00,
TSK_001881,USR_048,Synthetic Task 1881,pending,medium,90,2026-07-24 00:00:00,2026-07-18 09:53:00,,
TSK_001882,USR_030,Synthetic Task 1882,completed,high,30,2026-07-29 00:00:00,2026-07-18 11:51:00,2026-07-18 13:04:00,
TSK_001883,USR_036,Synthetic Task 1883,completed,low,30,2026-08-06 00:00:00,2026-07-30 16:13:00,2026-08-05 07:29:00,overwhelmed
TSK_001884,USR_006,Synthetic Task 1884,completed,medium,30,,2026-06-19 10:48:00,2026-06-19 14:29:00,
TSK_001885,USR_058,Synthetic Task 1885,completed,low,15,2026-07-07 00:00:00,2026-07-02 14:50:00,2026-07-02 18:24:00,
TSK_001886,USR_073,Synthetic Task 1886,pending,high,30,2026-06-27 00:00:00,2026-06-19 10:53:00,,
TSK_001887,USR_048,Synthetic Task 1887,completed,medium,45,2026-08-17 00:00:00,2026-08-05 20:03:00,2026-08-06 13:05:00,well
TSK_001888,USR_028,Synthetic Task 1888,completed,medium,90,2026-07-03 00:00:00,2026-06-23 20:22:00,2026-06-24 21:55:00,
TSK_001889,USR_058,Synthetic Task 1889,completed,high,30,2026-08-04 00:00:00,2026-07-29 14:45:00,2026-08-04 08:31:00,
TSK_001890,USR_044,Synthetic Task 1890,completed,high,30,2026-07-19 00:00:00,2026-07-14 09:43:00,2026-07-15 09:51:00,calm_needed
TSK_001891,USR_009,Synthetic Task 1891,pending,medium,30,,2026-07-11 12:04:00,,
TSK_001892,USR_085,Synthetic Task 1892,completed,high,120,2026-07-24 00:00:00,2026-07-18 17:07:00,2026-07-19 12:15:00,
TSK_001893,USR_029,Synthetic Task 1893,completed,medium,60,2026-07-04 00:00:00,2026-06-26 12:14:00,2026-06-30 07:15:00,
TSK_001894,USR_016,Synthetic Task 1894,completed,high,90,2026-06-24 00:00:00,2026-06-13 16:16:00,2026-06-18 08:22:00,
TSK_001895,USR_086,Synthetic Task 1895,completed,low,60,2026-08-13 00:00:00,2026-08-12 12:40:00,2026-08-19 14:17:00,
TSK_001896,USR_036,Synthetic Task 1896,pending,low,15,2026-06-20 00:00:00,2026-06-10 10:20:00,,well
TSK_001897,USR_079,Synthetic Task 1897,pending,low,45,2026-08-02 00:00:00,2026-07-22 22:47:00,,
TSK_001898,USR_006,Synthetic Task 1898,completed,medium,15,2026-08-10 00:00:00,2026-07-31 12:37:00,2026-08-05 21:47:00,
TSK_001899,USR_062,Synthetic Task 1899,completed,medium,30,2026-07-11 00:00:00,2026-06-28 18:15:00,2026-06-29 16:52:00,
TSK_001900,USR_060,Synthetic Task 1900,pending,medium,30,2026-08-01 00:00:00,2026-07-28 17:29:00,,
TSK_001901,USR_044,Synthetic Task 1901,completed,medium,30,2026-07-26 00:00:00,2026-07-16 12:07:00,2026-07-16 14:07:00,overwhelmed
TSK_001902,USR_016,Synthetic Task 1902,pending,medium,60,2026-07-15 00:00:00,2026-07-09 14:00:00,,
TSK_001903,USR_054,Synthetic Task 1903,completed,high,60,2026-06-30 00:00:00,2026-06-27 07:59:00,2026-07-03 22:40:00,
TSK_001904,USR_039,Synthetic Task 1904,completed,medium,30,2026-07-31 00:00:00,2026-07-19 17:19:00,2026-07-20 15:31:00,
TSK_001905,USR_007,Synthetic Task 1905,completed,low,45,2026-07-04 00:00:00,2026-07-01 18:50:00,2026-07-02 16:01:00,
TSK_001906,USR_082,Synthetic Task 1906,pending,low,30,2026-08-04 00:00:00,2026-07-24 21:48:00,,well
TSK_001907,USR_009,Synthetic Task 1907,completed,medium,30,2026-06-16 00:00:00,2026-06-12 22:06:00,2026-06-15 10:41:00,well
TSK_001908,USR_067,Synthetic Task 1908,completed,medium,30,2026-07-21 00:00:00,2026-07-08 21:34:00,2026-07-11 17:27:00,
TSK_001909,USR_014,Synthetic Task 1909,pending,low,30,2026-08-04 00:00:00,2026-08-01 16:10:00,,calm_needed
TSK_001910,USR_052,Synthetic Task 1910,completed,medium,45,2026-06-23 00:00:00,2026-06-16 08:44:00,2026-06-21 07:30:00,
TSK_001911,USR_030,Synthetic Task 1911,pending,medium,15,2026-07-08 00:00:00,2026-07-06 11:20:00,,
TSK_001912,USR_013,Synthetic Task 1912,completed,high,90,2026-06-13 00:00:00,2026-06-09 07:30:00,2026-06-15 13:28:00,well
TSK_001913,USR_083,Synthetic Task 1913,completed,high,15,2026-08-05 00:00:00,2026-07-28 07:57:00,2026-07-31 17:35:00,
TSK_001914,USR_045,Synthetic Task 1914,completed,high,45,2026-06-17 00:00:00,2026-06-05 07:21:00,2026-06-08 15:18:00,
TSK_001915,USR_045,Synthetic Task 1915,completed,high,45,,2026-06-30 22:50:00,2026-07-06 08:20:00,
TSK_001916,USR_034,Synthetic Task 1916,completed,low,45,2026-08-23 00:00:00,2026-08-13 10:32:00,2026-08-15 07:56:00,well
TSK_001917,USR_071,Synthetic Task 1917,pending,low,30,2026-08-26 00:00:00,2026-08-20 18:16:00,,well
TSK_001918,USR_090,Synthetic Task 1918,completed,high,30,2026-06-10 00:00:00,2026-06-04 20:19:00,2026-06-09 22:08:00,
TSK_001919,USR_033,Synthetic Task 1919,completed,medium,45,2026-07-04 00:00:00,2026-07-01 13:21:00,2026-07-03 12:34:00,
TSK_001920,USR_094,Synthetic Task 1920,completed,medium,30,2026-07-03 00:00:00,2026-06-30 07:59:00,2026-06-30 08:30:00,overwhelmed
TSK_001921,USR_061,Synthetic Task 1921,completed,medium,45,2026-07-14 00:00:00,2026-07-09 09:23:00,2026-07-12 08:00:00,
TSK_001922,USR_002,Synthetic Task 1922,completed,medium,45,2026-06-27 00:00:00,2026-06-16 11:11:00,2026-06-18 14:34:00,
TSK_001923,USR_039,Synthetic Task 1923,pending,high,30,2026-08-10 00:00:00,2026-08-02 10:24:00,,
TSK_001924,USR_094,Synthetic Task 1924,completed,medium,45,2026-08-04 00:00:00,2026-07-31 13:56:00,2026-08-05 07:59:00,well
TSK_001925,USR_077,Synthetic Task 1925,pending,medium,30,2026-07-12 00:00:00,2026-07-04 07:50:00,,well
TSK_001926,USR_075,Synthetic Task 1926,completed,low,45,2026-07-21 00:00:00,2026-07-08 21:01:00,2026-07-13 22:09:00,well
TSK_001927,USR_035,Synthetic Task 1927,completed,medium,30,2026-08-01 00:00:00,2026-07-29 15:47:00,2026-07-31 22:48:00,calm_needed
TSK_001928,USR_065,Synthetic Task 1928,pending,low,45,2026-06-14 00:00:00,2026-06-14 22:54:00,,
TSK_001929,USR_086,Synthetic Task 1929,completed,low,15,,2026-06-07 08:20:00,2026-06-14 16:37:00,calm_needed
TSK_001930,USR_058,Synthetic Task 1930,completed,medium,60,,2026-08-27 11:43:00,2026-09-03 12:54:00,
TSK_001931,USR_051,Synthetic Task 1931,completed,low,45,2026-07-19 00:00:00,2026-07-12 18:06:00,2026-07-17 21:31:00,
TSK_001932,USR_100,Synthetic Task 1932,completed,low,30,2026-09-02 00:00:00,2026-08-20 10:21:00,2026-08-20 10:39:00,
TSK_001933,USR_092,Synthetic Task 1933,completed,medium,90,2026-06-15 00:00:00,2026-06-12 17:00:00,2026-06-18 22:53:00,
TSK_001934,USR_070,Synthetic Task 1934,pending,medium,90,,2026-07-24 15:49:00,,
TSK_001935,USR_094,Synthetic Task 1935,completed,high,120,,2026-06-27 10:01:00,2026-07-03 12:18:00,
TSK_001936,USR_039,Synthetic Task 1936,completed,high,60,2026-07-21 00:00:00,2026-07-12 13:29:00,2026-07-12 20:34:00,
TSK_001937,USR_018,Synthetic Task 1937,completed,medium,90,2026-07-23 00:00:00,2026-07-09 18:05:00,2026-07-12 07:31:00,
TSK_001938,USR_019,Synthetic Task 1938,completed,high,30,2026-08-02 00:00:00,2026-08-01 22:37:00,2026-08-03 13:06:00,overwhelmed
TSK_001939,USR_099,Synthetic Task 1939,pending,high,90,2026-07-18 00:00:00,2026-07-08 12:00:00,,
TSK_001940,USR_020,Synthetic Task 1940,completed,low,45,2026-08-05 00:00:00,2026-07-30 14:18:00,2026-08-03 10:25:00,
TSK_001941,USR_074,Synthetic Task 1941,completed,high,30,2026-08-09 00:00:00,2026-08-04 17:48:00,2026-08-04 19:22:00,
TSK_001942,USR_080,Synthetic Task 1942,pending,low,45,2026-08-18 00:00:00,2026-08-05 15:26:00,,
TSK_001943,USR_059,Synthetic Task 1943,completed,high,90,2026-06-28 00:00:00,2026-06-28 21:44:00,2026-06-30 15:27:00,
TSK_001944,USR_092,Synthetic Task 1944,pending,medium,120,2026-07-03 00:00:00,2026-06-29 18:49:00,,
TSK_001945,USR_061,Synthetic Task 1945,completed,high,60,2026-06-18 00:00:00,2026-06-07 16:22:00,2026-06-07 20:42:00,well
TSK_001946,USR_054,Synthetic Task 1946,pending,low,60,2026-08-15 00:00:00,2026-08-11 11:20:00,,well
TSK_001947,USR_015,Synthetic Task 1947,completed,high,45,2026-08-18 00:00:00,2026-08-18 14:16:00,2026-08-23 13:39:00,
TSK_001948,USR_026,Synthetic Task 1948,completed,low,90,2026-08-23 00:00:00,2026-08-15 09:14:00,2026-08-18 07:05:00,overwhelmed
TSK_001949,USR_065,Synthetic Task 1949,pending,medium,60,2026-08-22 00:00:00,2026-08-16 07:59:00,,overwhelmed
TSK_001950,USR_038,Synthetic Task 1950,completed,medium,120,2026-08-08 00:00:00,2026-07-27 12:49:00,2026-07-29 08:41:00,
TSK_001951,USR_083,Synthetic Task 1951,pending,high,30,2026-08-02 00:00:00,2026-07-22 07:20:00,,well
TSK_001952,USR_042,Synthetic Task 1952,completed,low,90,2026-06-12 00:00:00,2026-06-06 16:15:00,2026-06-09 10:17:00,well
TSK_001953,USR_007,Synthetic Task 1953,completed,low,30,2026-06-28 00:00:00,2026-06-16 20:57:00,2026-06-16 23:47:00,well
TSK_001954,USR_015,Synthetic Task 1954,completed,high,30,2026-06-22 00:00:00,2026-06-08 13:57:00,2026-06-10 12:25:00,
TSK_001955,USR_044,Synthetic Task 1955,completed,medium,60,2026-06-21 00:00:00,2026-06-14 17:31:00,2026-06-19 07:24:00,well
TSK_001956,USR_073,Synthetic Task 1956,completed,low,15,2026-06-05 00:00:00,2026-06-02 12:13:00,2026-06-04 07:32:00,
TSK_001957,USR_031,Synthetic Task 1957,completed,medium,45,2026-08-14 00:00:00,2026-08-09 17:44:00,2026-08-15 22:39:00,calm_needed
TSK_001958,USR_052,Synthetic Task 1958,pending,medium,60,2026-08-22 00:00:00,2026-08-14 11:36:00,,overwhelmed
TSK_001959,USR_058,Synthetic Task 1959,pending,high,45,2026-08-25 00:00:00,2026-08-11 20:35:00,,
TSK_001960,USR_002,Synthetic Task 1960,completed,medium,60,2026-06-06 00:00:00,2026-06-02 15:07:00,2026-06-03 09:45:00,calm_needed
TSK_001961,USR_030,Synthetic Task 1961,pending,high,45,2026-07-16 00:00:00,2026-07-14 16:32:00,,
TSK_001962,USR_065,Synthetic Task 1962,pending,medium,30,2026-06-30 00:00:00,2026-06-17 21:05:00,,
TSK_001963,USR_051,Synthetic Task 1963,completed,low,15,2026-06-21 00:00:00,2026-06-15 22:11:00,2026-06-18 22:08:00,calm_needed
TSK_001964,USR_095,Synthetic Task 1964,completed,medium,30,2026-07-06 00:00:00,2026-06-26 19:03:00,2026-07-03 09:24:00,
TSK_001965,USR_037,Synthetic Task 1965,completed,medium,30,2026-06-12 00:00:00,2026-06-10 12:35:00,2026-06-13 07:16:00,
TSK_001966,USR_009,Synthetic Task 1966,completed,medium,45,2026-08-01 00:00:00,2026-07-29 10:53:00,2026-08-03 11:59:00,well
TSK_001967,USR_006,Synthetic Task 1967,pending,low,60,2026-09-04 00:00:00,2026-08-27 21:21:00,,
TSK_001968,USR_022,Synthetic Task 1968,pending,low,30,,2026-08-21 22:35:00,,
TSK_001969,USR_083,Synthetic Task 1969,completed,low,30,,2026-08-23 17:16:00,2026-08-27 13:08:00,
TSK_001970,USR_030,Synthetic Task 1970,completed,high,60,2026-09-04 00:00:00,2026-08-23 14:45:00,2026-08-23 17:50:00,
TSK_001971,USR_083,Synthetic Task 1971,completed,low,45,2026-08-18 00:00:00,2026-08-04 19:46:00,2026-08-09 16:44:00,
TSK_001972,USR_005,Synthetic Task 1972,completed,medium,90,2026-07-05 00:00:00,2026-06-26 18:14:00,2026-06-30 07:52:00,
TSK_001973,USR_029,Synthetic Task 1973,completed,high,120,,2026-06-26 12:59:00,2026-06-26 15:20:00,
TSK_001974,USR_070,Synthetic Task 1974,completed,medium,30,2026-07-13 00:00:00,2026-07-03 15:29:00,2026-07-05 21:49:00,well
TSK_001975,USR_052,Synthetic Task 1975,completed,low,30,2026-07-24 00:00:00,2026-07-21 11:06:00,2026-07-24 19:22:00,well
TSK_001976,USR_098,Synthetic Task 1976,completed,medium,30,2026-07-20 00:00:00,2026-07-19 14:36:00,2026-07-24 17:38:00,well
TSK_001977,USR_045,Synthetic Task 1977,pending,low,45,2026-09-08 00:00:00,2026-08-26 21:03:00,,calm_needed
TSK_001978,USR_012,Synthetic Task 1978,completed,low,90,,2026-06-13 20:51:00,2026-06-17 22:22:00,calm_needed
TSK_001979,USR_092,Synthetic Task 1979,completed,low,15,2026-06-24 00:00:00,2026-06-13 08:58:00,2026-06-18 09:06:00,calm_needed
TSK_001980,USR_026,Synthetic Task 1980,completed,high,30,2026-08-10 00:00:00,2026-08-07 21:15:00,2026-08-09 17:32:00,well
TSK_001981,USR_070,Synthetic Task 1981,pending,low,45,2026-08-14 00:00:00,2026-07-31 11:58:00,,
TSK_001982,USR_043,Synthetic Task 1982,completed,low,30,,2026-06-05 08:45:00,2026-06-05 09:50:00,
TSK_001983,USR_016,Synthetic Task 1983,completed,low,45,2026-07-08 00:00:00,2026-06-30 22:42:00,2026-07-06 19:05:00,
TSK_001984,USR_072,Synthetic Task 1984,completed,medium,15,2026-08-30 00:00:00,2026-08-27 22:53:00,2026-09-03 14:25:00,
TSK_001985,USR_084,Synthetic Task 1985,completed,medium,15,2026-09-02 00:00:00,2026-08-22 15:50:00,2026-08-26 17:24:00,
TSK_001986,USR_028,Synthetic Task 1986,completed,high,30,2026-08-14 00:00:00,2026-08-08 18:24:00,2026-08-10 12:07:00,overwhelmed
TSK_001987,USR_009,Synthetic Task 1987,completed,low,15,,2026-06-29 12:00:00,2026-07-04 19:06:00,
TSK_001988,USR_087,Synthetic Task 1988,completed,medium,45,,2026-07-28 16:43:00,2026-08-02 18:21:00,overwhelmed
TSK_001989,USR_089,Synthetic Task 1989,pending,medium,60,2026-06-29 00:00:00,2026-06-15 07:10:00,,
TSK_001990,USR_058,Synthetic Task 1990,pending,medium,90,2026-06-26 00:00:00,2026-06-21 18:21:00,,
TSK_001991,USR_044,Synthetic Task 1991,pending,medium,15,,2026-08-23 22:18:00,,calm_needed
TSK_001992,USR_001,Synthetic Task 1992,completed,low,15,2026-07-15 00:00:00,2026-07-04 09:25:00,2026-07-11 19:31:00,well
TSK_001993,USR_088,Synthetic Task 1993,pending,medium,60,2026-07-16 00:00:00,2026-07-10 21:00:00,,overwhelmed
TSK_001994,USR_045,Synthetic Task 1994,completed,medium,15,2026-06-14 00:00:00,2026-06-04 22:14:00,2026-06-08 14:43:00,
TSK_001995,USR_070,Synthetic Task 1995,completed,high,30,2026-09-06 00:00:00,2026-08-26 21:38:00,2026-08-27 13:02:00,
TSK_001996,USR_043,Synthetic Task 1996,completed,medium,60,2026-06-06 00:00:00,2026-06-04 19:49:00,2026-06-05 09:59:00,
TSK_001997,USR_054,Synthetic Task 1997,completed,high,45,2026-07-30 00:00:00,2026-07-28 20:15:00,2026-07-28 22:06:00,
TSK_001998,USR_093,Synthetic Task 1998,completed,high,45,2026-07-13 00:00:00,2026-07-09 10:49:00,2026-07-10 12:57:00,
TSK_001999,USR_100,Synthetic Task 1999,completed,medium,30,2026-08-18 00:00:00,2026-08-11 09:28:00,2026-08-18 14:57:00,
TSK_002000,USR_049,Synthetic Task 2000,completed,high,60,,2026-07-13 16:12:00,2026-07-14 07:27:00,overwhelmed
TSK_002001,USR_042,Synthetic Task 2001,completed,low,15,2026-08-06 00:00:00,2026-07-28 19:09:00,2026-08-02 13:19:00,
TSK_002002,USR_005,Synthetic Task 2002,completed,high,30,2026-07-19 00:00:00,2026-07-05 19:12:00,2026-07-11 10:30:00,
TSK_002003,USR_069,Synthetic Task 2003,completed,medium,15,2026-07-17 00:00:00,2026-07-07 08:37:00,2026-07-07 11:54:00,
TSK_002004,USR_021,Synthetic Task 2004,completed,low,30,2026-07-22 00:00:00,2026-07-15 22:47:00,2026-07-19 07:51:00,well
TSK_002005,USR_082,Synthetic Task 2005,completed,medium,60,2026-08-28 00:00:00,2026-08-23 18:31:00,2026-08-29 12:05:00,
TSK_002006,USR_039,Synthetic Task 2006,completed,low,30,2026-09-08 00:00:00,2026-08-25 17:10:00,2026-09-01 12:07:00,calm_needed
TSK_002007,USR_028,Synthetic Task 2007,completed,medium,15,,2026-07-12 18:21:00,2026-07-14 08:22:00,
TSK_002008,USR_020,Synthetic Task 2008,pending,low,15,2026-08-17 00:00:00,2026-08-10 13:28:00,,
TSK_002009,USR_084,Synthetic Task 2009,completed,medium,30,2026-07-30 00:00:00,2026-07-23 10:32:00,2026-07-25 21:44:00,
TSK_002010,USR_097,Synthetic Task 2010,pending,medium,30,,2026-06-08 11:32:00,,
TSK_002011,USR_033,Synthetic Task 2011,completed,low,15,2026-07-15 00:00:00,2026-07-11 07:28:00,2026-07-12 15:53:00,
TSK_002012,USR_093,Synthetic Task 2012,completed,low,30,2026-08-14 00:00:00,2026-08-03 12:01:00,2026-08-10 14:19:00,
TSK_002013,USR_028,Synthetic Task 2013,completed,low,45,2026-07-30 00:00:00,2026-07-23 20:38:00,2026-07-26 18:37:00,
TSK_002014,USR_023,Synthetic Task 2014,completed,high,30,2026-07-16 00:00:00,2026-07-12 12:15:00,2026-07-13 08:09:00,
TSK_002015,USR_025,Synthetic Task 2015,completed,low,30,2026-08-04 00:00:00,2026-07-31 08:53:00,2026-08-04 22:28:00,
TSK_002016,USR_044,Synthetic Task 2016,completed,medium,45,2026-06-11 00:00:00,2026-06-11 12:46:00,2026-06-13 13:50:00,overwhelmed
TSK_002017,USR_097,Synthetic Task 2017,pending,low,30,2026-07-19 00:00:00,2026-07-12 10:12:00,,
TSK_002018,USR_065,Synthetic Task 2018,pending,medium,45,2026-06-16 00:00:00,2026-06-05 20:52:00,,
TSK_002019,USR_034,Synthetic Task 2019,pending,medium,15,2026-06-23 00:00:00,2026-06-14 12:15:00,,calm_needed
TSK_002020,USR_074,Synthetic Task 2020,completed,high,15,,2026-08-06 17:10:00,2026-08-09 19:48:00,
TSK_002021,USR_038,Synthetic Task 2021,completed,high,60,2026-08-06 00:00:00,2026-07-30 09:59:00,2026-08-01 16:46:00,
TSK_002022,USR_080,Synthetic Task 2022,pending,low,45,2026-09-07 00:00:00,2026-08-24 18:07:00,,
TSK_002023,USR_063,Synthetic Task 2023,completed,high,15,2026-07-08 00:00:00,2026-07-01 15:22:00,2026-07-07 15:53:00,overwhelmed
TSK_002024,USR_006,Synthetic Task 2024,pending,low,45,,2026-07-23 13:26:00,,
TSK_002025,USR_088,Synthetic Task 2025,completed,medium,30,2026-06-16 00:00:00,2026-06-06 20:42:00,2026-06-06 22:56:00,
TSK_002026,USR_009,Synthetic Task 2026,pending,medium,60,2026-08-22 00:00:00,2026-08-08 11:09:00,,
TSK_002027,USR_004,Synthetic Task 2027,completed,low,30,2026-07-01 00:00:00,2026-06-28 14:57:00,2026-07-03 12:15:00,
TSK_002028,USR_073,Synthetic Task 2028,completed,high,15,,2026-06-01 20:26:00,2026-06-08 13:51:00,
TSK_002029,USR_092,Synthetic Task 2029,completed,high,30,2026-06-29 00:00:00,2026-06-24 08:50:00,2026-06-27 13:33:00,well
TSK_002030,USR_059,Synthetic Task 2030,completed,high,30,,2026-06-12 21:35:00,2026-06-19 13:18:00,
TSK_002031,USR_090,Synthetic Task 2031,pending,medium,15,,2026-06-08 17:12:00,,
TSK_002032,USR_066,Synthetic Task 2032,completed,medium,90,2026-06-24 00:00:00,2026-06-21 20:06:00,2026-06-27 19:38:00,calm_needed
TSK_002033,USR_098,Synthetic Task 2033,pending,low,30,2026-08-06 00:00:00,2026-08-04 16:29:00,,
TSK_002034,USR_091,Synthetic Task 2034,completed,medium,30,2026-07-29 00:00:00,2026-07-23 09:03:00,2026-07-24 10:02:00,
TSK_002035,USR_060,Synthetic Task 2035,pending,medium,45,2026-08-13 00:00:00,2026-08-09 13:34:00,,
TSK_002036,USR_090,Synthetic Task 2036,completed,medium,30,2026-08-15 00:00:00,2026-08-14 08:57:00,2026-08-18 21:35:00,well
TSK_002037,USR_071,Synthetic Task 2037,completed,medium,30,2026-06-12 00:00:00,2026-06-05 11:44:00,2026-06-11 13:28:00,
TSK_002038,USR_032,Synthetic Task 2038,pending,medium,30,2026-06-05 00:00:00,2026-06-02 16:42:00,,
TSK_002039,USR_023,Synthetic Task 2039,pending,high,30,2026-08-30 00:00:00,2026-08-21 07:32:00,,calm_needed
TSK_002040,USR_085,Synthetic Task 2040,completed,medium,60,2026-06-28 00:00:00,2026-06-28 14:05:00,2026-06-30 09:51:00,
TSK_002041,USR_077,Synthetic Task 2041,completed,medium,120,,2026-08-04 16:59:00,2026-08-10 13:54:00,well
TSK_002042,USR_037,Synthetic Task 2042,pending,medium,30,,2026-06-10 09:33:00,,
TSK_002043,USR_085,Synthetic Task 2043,pending,medium,30,2026-08-10 00:00:00,2026-07-28 15:23:00,,
TSK_002044,USR_093,Synthetic Task 2044,completed,medium,120,2026-08-28 00:00:00,2026-08-28 17:34:00,2026-09-02 11:12:00,
TSK_002045,USR_051,Synthetic Task 2045,completed,high,45,2026-07-11 00:00:00,2026-06-28 14:34:00,2026-07-05 07:26:00,calm_needed
TSK_002046,USR_023,Synthetic Task 2046,pending,low,30,2026-07-02 00:00:00,2026-07-02 16:16:00,,overwhelmed
TSK_002047,USR_046,Synthetic Task 2047,pending,medium,15,,2026-06-27 21:33:00,,
TSK_002048,USR_030,Synthetic Task 2048,completed,low,60,2026-08-13 00:00:00,2026-08-12 13:08:00,2026-08-12 22:42:00,
TSK_002049,USR_042,Synthetic Task 2049,completed,medium,30,2026-08-12 00:00:00,2026-08-12 17:55:00,2026-08-14 09:51:00,
TSK_002050,USR_010,Synthetic Task 2050,completed,medium,30,2026-08-03 00:00:00,2026-07-30 19:26:00,2026-08-01 16:13:00,
TSK_002051,USR_076,Synthetic Task 2051,completed,medium,120,2026-08-18 00:00:00,2026-08-16 18:21:00,2026-08-20 19:30:00,well
TSK_002052,USR_099,Synthetic Task 2052,pending,low,60,2026-06-07 00:00:00,2026-06-07 18:13:00,,
TSK_002053,USR_012,Synthetic Task 2053,completed,high,60,2026-07-07 00:00:00,2026-07-04 17:21:00,2026-07-07 18:18:00,overwhelmed
TSK_002054,USR_080,Synthetic Task 2054,pending,medium,45,2026-08-25 00:00:00,2026-08-25 18:47:00,,overwhelmed
TSK_002055,USR_077,Synthetic Task 2055,completed,medium,30,,2026-07-22 10:53:00,2026-07-25 14:00:00,overwhelmed
TSK_002056,USR_023,Synthetic Task 2056,completed,medium,60,,2026-07-18 07:55:00,2026-07-22 20:33:00,
TSK_002057,USR_100,Synthetic Task 2057,pending,medium,30,2026-07-29 00:00:00,2026-07-27 14:56:00,,
TSK_002058,USR_072,Synthetic Task 2058,pending,high,45,2026-09-04 00:00:00,2026-08-25 15:24:00,,
TSK_002059,USR_039,Synthetic Task 2059,pending,high,30,2026-06-21 00:00:00,2026-06-15 07:56:00,,calm_needed
TSK_002060,USR_037,Synthetic Task 2060,pending,low,15,2026-06-09 00:00:00,2026-06-07 16:15:00,,
TSK_002061,USR_020,Synthetic Task 2061,completed,medium,90,,2026-07-01 20:22:00,2026-07-01 20:56:00,well
TSK_002062,USR_033,Synthetic Task 2062,completed,medium,90,2026-07-26 00:00:00,2026-07-18 18:11:00,2026-07-20 08:58:00,
TSK_002063,USR_085,Synthetic Task 2063,completed,medium,30,2026-07-27 00:00:00,2026-07-25 21:45:00,2026-07-29 18:57:00,
TSK_002064,USR_072,Synthetic Task 2064,pending,low,45,2026-07-16 00:00:00,2026-07-03 15:20:00,,
TSK_002065,USR_100,Synthetic Task 2065,pending,medium,60,2026-07-27 00:00:00,2026-07-14 20:50:00,,
TSK_002066,USR_067,Synthetic Task 2066,completed,low,15,2026-06-19 00:00:00,2026-06-16 15:40:00,2026-06-23 09:48:00,
TSK_002067,USR_048,Synthetic Task 2067,completed,low,90,2026-08-31 00:00:00,2026-08-26 13:52:00,2026-09-02 18:10:00,
TSK_002068,USR_053,Synthetic Task 2068,pending,medium,90,2026-07-26 00:00:00,2026-07-20 19:09:00,,calm_needed
TSK_002069,USR_094,Synthetic Task 2069,pending,low,90,2026-08-18 00:00:00,2026-08-09 18:59:00,,well
TSK_002070,USR_086,Synthetic Task 2070,completed,medium,30,2026-06-14 00:00:00,2026-06-11 07:04:00,2026-06-15 07:20:00,well
TSK_002071,USR_066,Synthetic Task 2071,completed,high,90,2026-08-01 00:00:00,2026-07-27 12:26:00,2026-07-31 07:08:00,
TSK_002072,USR_006,Synthetic Task 2072,completed,medium,90,2026-07-02 00:00:00,2026-06-28 15:04:00,2026-06-29 18:22:00,
TSK_002073,USR_002,Synthetic Task 2073,completed,medium,30,,2026-07-19 15:25:00,2026-07-26 11:19:00,
TSK_002074,USR_004,Synthetic Task 2074,pending,medium,60,2026-07-03 00:00:00,2026-06-30 15:46:00,,
TSK_002075,USR_049,Synthetic Task 2075,completed,medium,15,2026-07-01 00:00:00,2026-06-30 10:36:00,2026-06-30 18:44:00,
TSK_002076,USR_046,Synthetic Task 2076,completed,low,60,2026-06-18 00:00:00,2026-06-14 22:12:00,2026-06-16 14:52:00,
TSK_002077,USR_080,Synthetic Task 2077,pending,medium,30,2026-07-29 00:00:00,2026-07-21 12:54:00,,
TSK_002078,USR_057,Synthetic Task 2078,pending,high,60,2026-07-29 00:00:00,2026-07-20 15:47:00,,
TSK_002079,USR_056,Synthetic Task 2079,completed,low,15,,2026-08-12 12:32:00,2026-08-13 12:32:00,well
TSK_002080,USR_045,Synthetic Task 2080,pending,low,30,2026-07-14 00:00:00,2026-07-07 11:25:00,,
TSK_002081,USR_005,Synthetic Task 2081,pending,low,60,2026-06-16 00:00:00,2026-06-08 11:09:00,,
TSK_002082,USR_010,Synthetic Task 2082,completed,medium,15,2026-06-14 00:00:00,2026-06-07 21:50:00,2026-06-10 11:30:00,calm_needed
TSK_002083,USR_039,Synthetic Task 2083,completed,low,30,2026-08-11 00:00:00,2026-07-30 11:35:00,2026-07-31 18:45:00,overwhelmed
TSK_002084,USR_100,Synthetic Task 2084,completed,medium,45,2026-07-27 00:00:00,2026-07-24 21:37:00,2026-07-26 07:34:00,
TSK_002085,USR_050,Synthetic Task 2085,completed,high,45,2026-06-28 00:00:00,2026-06-24 17:17:00,2026-07-01 10:33:00,
TSK_002086,USR_011,Synthetic Task 2086,completed,medium,120,2026-08-20 00:00:00,2026-08-19 10:33:00,2026-08-24 21:38:00,well
TSK_002087,USR_089,Synthetic Task 2087,completed,low,30,2026-06-17 00:00:00,2026-06-05 20:44:00,2026-06-09 11:27:00,
TSK_002088,USR_082,Synthetic Task 2088,completed,low,30,2026-07-11 00:00:00,2026-06-29 10:08:00,2026-06-30 15:22:00,well
TSK_002089,USR_056,Synthetic Task 2089,completed,low,15,2026-08-10 00:00:00,2026-07-28 21:21:00,2026-07-30 20:17:00,
TSK_002090,USR_046,Synthetic Task 2090,completed,medium,60,,2026-06-19 18:59:00,2026-06-23 17:23:00,
TSK_002091,USR_002,Synthetic Task 2091,completed,medium,45,2026-08-10 00:00:00,2026-08-09 20:44:00,2026-08-12 11:55:00,well
TSK_002092,USR_098,Synthetic Task 2092,completed,high,30,2026-06-13 00:00:00,2026-06-12 17:23:00,2026-06-13 12:22:00,
TSK_002093,USR_081,Synthetic Task 2093,pending,high,60,2026-07-27 00:00:00,2026-07-17 19:34:00,,
TSK_002094,USR_098,Synthetic Task 2094,pending,medium,60,2026-08-08 00:00:00,2026-07-27 20:36:00,,
TSK_002095,USR_050,Synthetic Task 2095,completed,medium,60,2026-08-21 00:00:00,2026-08-07 14:04:00,2026-08-08 15:53:00,
TSK_002096,USR_028,Synthetic Task 2096,completed,high,30,,2026-08-22 20:35:00,2026-08-26 12:31:00,calm_needed
TSK_002097,USR_014,Synthetic Task 2097,completed,high,60,2026-07-10 00:00:00,2026-07-02 20:08:00,2026-07-06 12:02:00,
TSK_002098,USR_017,Synthetic Task 2098,pending,high,60,,2026-07-17 14:57:00,,
TSK_002099,USR_027,Synthetic Task 2099,completed,low,45,,2026-06-13 21:10:00,2026-06-14 11:58:00,
TSK_002100,USR_098,Synthetic Task 2100,completed,low,90,2026-06-28 00:00:00,2026-06-26 11:18:00,2026-06-30 19:01:00,
TSK_002101,USR_027,Synthetic Task 2101,completed,medium,15,2026-08-17 00:00:00,2026-08-15 09:57:00,2026-08-18 12:06:00,
TSK_002102,USR_018,Synthetic Task 2102,completed,low,60,2026-08-12 00:00:00,2026-08-09 08:32:00,2026-08-11 16:32:00,well
TSK_002103,USR_043,Synthetic Task 2103,completed,low,90,2026-08-24 00:00:00,2026-08-21 17:47:00,2026-08-23 19:18:00,
TSK_002104,USR_096,Synthetic Task 2104,completed,medium,30,2026-08-30 00:00:00,2026-08-27 18:15:00,2026-08-29 13:00:00,well
TSK_002105,USR_097,Synthetic Task 2105,completed,medium,30,2026-08-07 00:00:00,2026-07-25 12:39:00,2026-07-27 09:09:00,
TSK_002106,USR_096,Synthetic Task 2106,completed,high,45,2026-08-19 00:00:00,2026-08-12 07:34:00,2026-08-12 14:25:00,well
TSK_002107,USR_010,Synthetic Task 2107,completed,low,45,2026-08-17 00:00:00,2026-08-17 20:00:00,2026-08-21 22:11:00,calm_needed
TSK_002108,USR_058,Synthetic Task 2108,pending,medium,60,2026-06-26 00:00:00,2026-06-22 21:25:00,,
TSK_002109,USR_064,Synthetic Task 2109,completed,medium,90,2026-08-21 00:00:00,2026-08-07 22:09:00,2026-08-09 15:32:00,
TSK_002110,USR_055,Synthetic Task 2110,pending,low,60,2026-09-03 00:00:00,2026-08-26 08:34:00,,
TSK_002111,USR_011,Synthetic Task 2111,completed,medium,30,,2026-08-17 07:27:00,2026-08-21 22:54:00,
TSK_002112,USR_058,Synthetic Task 2112,pending,low,60,,2026-07-10 10:03:00,,
TSK_002113,USR_002,Synthetic Task 2113,completed,medium,15,2026-07-23 00:00:00,2026-07-13 15:49:00,2026-07-17 07:34:00,well
TSK_002114,USR_045,Synthetic Task 2114,completed,high,120,,2026-07-12 13:43:00,2026-07-13 15:37:00,well
TSK_002115,USR_050,Synthetic Task 2115,completed,high,45,2026-09-07 00:00:00,2026-08-27 11:24:00,2026-09-03 21:41:00,
TSK_002116,USR_088,Synthetic Task 2116,completed,low,120,,2026-06-21 08:22:00,2026-06-27 13:06:00,
TSK_002117,USR_092,Synthetic Task 2117,completed,high,30,2026-08-01 00:00:00,2026-07-29 16:44:00,2026-07-30 07:17:00,calm_needed
TSK_002118,USR_077,Synthetic Task 2118,completed,high,60,2026-07-02 00:00:00,2026-06-27 13:57:00,2026-07-04 19:58:00,
TSK_002119,USR_066,Synthetic Task 2119,completed,low,30,2026-09-05 00:00:00,2026-08-26 22:14:00,2026-08-28 13:26:00,well
TSK_002120,USR_049,Synthetic Task 2120,pending,medium,90,2026-09-01 00:00:00,2026-08-25 13:37:00,,calm_needed
TSK_002121,USR_046,Synthetic Task 2121,completed,high,45,2026-06-27 00:00:00,2026-06-24 22:13:00,2026-07-01 14:09:00,
TSK_002122,USR_024,Synthetic Task 2122,pending,low,15,2026-09-01 00:00:00,2026-08-29 19:47:00,,overwhelmed
TSK_002123,USR_067,Synthetic Task 2123,pending,medium,15,2026-08-29 00:00:00,2026-08-24 16:10:00,,
TSK_002124,USR_071,Synthetic Task 2124,pending,high,15,2026-06-17 00:00:00,2026-06-13 12:02:00,,calm_needed
TSK_002125,USR_021,Synthetic Task 2125,completed,medium,60,2026-06-28 00:00:00,2026-06-28 08:55:00,2026-07-05 14:50:00,
TSK_002126,USR_056,Synthetic Task 2126,pending,medium,120,2026-09-05 00:00:00,2026-08-23 20:56:00,,overwhelmed
TSK_002127,USR_010,Synthetic Task 2127,pending,low,60,2026-08-18 00:00:00,2026-08-09 16:41:00,,calm_needed
TSK_002128,USR_080,Synthetic Task 2128,completed,medium,15,2026-06-21 00:00:00,2026-06-19 12:25:00,2026-06-22 07:54:00,
TSK_002129,USR_083,Synthetic Task 2129,completed,medium,45,2026-08-15 00:00:00,2026-08-01 09:45:00,2026-08-04 16:20:00,calm_needed
TSK_002130,USR_057,Synthetic Task 2130,completed,low,30,2026-07-09 00:00:00,2026-07-08 11:43:00,2026-07-08 16:14:00,calm_needed
TSK_002131,USR_032,Synthetic Task 2131,completed,medium,45,2026-06-04 00:00:00,2026-06-04 13:02:00,2026-06-10 20:40:00,
TSK_002132,USR_026,Synthetic Task 2132,completed,low,30,2026-08-17 00:00:00,2026-08-03 08:23:00,2026-08-06 22:51:00,calm_needed
TSK_002133,USR_088,Synthetic Task 2133,completed,medium,45,2026-07-15 00:00:00,2026-07-06 21:10:00,2026-07-10 20:25:00,
TSK_002134,USR_001,Synthetic Task 2134,completed,medium,45,2026-06-20 00:00:00,2026-06-09 17:06:00,2026-06-11 11:55:00,calm_needed
TSK_002135,USR_074,Synthetic Task 2135,completed,medium,15,2026-08-29 00:00:00,2026-08-20 20:30:00,2026-08-23 14:14:00,overwhelmed
TSK_002136,USR_068,Synthetic Task 2136,completed,high,15,2026-06-06 00:00:00,2026-06-04 09:03:00,2026-06-11 22:21:00,
TSK_002137,USR_021,Synthetic Task 2137,completed,medium,45,,2026-07-28 20:51:00,2026-07-29 22:49:00,
TSK_002138,USR_067,Synthetic Task 2138,completed,medium,45,2026-08-29 00:00:00,2026-08-18 13:36:00,2026-08-23 16:35:00,
TSK_002139,USR_045,Synthetic Task 2139,pending,low,60,2026-06-23 00:00:00,2026-06-16 10:07:00,,
TSK_002140,USR_025,Synthetic Task 2140,pending,high,60,2026-07-11 00:00:00,2026-07-11 20:12:00,,
TSK_002141,USR_012,Synthetic Task 2141,completed,medium,15,2026-08-21 00:00:00,2026-08-19 19:10:00,2026-08-26 14:43:00,well
TSK_002142,USR_088,Synthetic Task 2142,pending,high,30,2026-07-24 00:00:00,2026-07-23 07:08:00,,calm_needed
TSK_002143,USR_059,Synthetic Task 2143,completed,low,30,2026-07-13 00:00:00,2026-06-30 09:54:00,2026-07-06 16:16:00,
TSK_002144,USR_071,Synthetic Task 2144,completed,low,15,2026-08-10 00:00:00,2026-08-01 20:28:00,2026-08-08 13:26:00,
TSK_002145,USR_049,Synthetic Task 2145,completed,medium,30,2026-08-01 00:00:00,2026-07-27 13:17:00,2026-08-03 16:18:00,
TSK_002146,USR_054,Synthetic Task 2146,pending,low,30,2026-06-27 00:00:00,2026-06-24 07:30:00,,
TSK_002147,USR_061,Synthetic Task 2147,completed,medium,45,,2026-08-21 16:31:00,2026-08-25 17:24:00,well
TSK_002148,USR_047,Synthetic Task 2148,pending,medium,60,2026-07-28 00:00:00,2026-07-15 11:30:00,,
TSK_002149,USR_052,Synthetic Task 2149,completed,low,90,2026-09-02 00:00:00,2026-08-23 17:21:00,2026-08-28 14:49:00,
TSK_002150,USR_017,Synthetic Task 2150,completed,medium,30,2026-07-01 00:00:00,2026-06-24 17:07:00,2026-06-24 18:55:00,well
TSK_002151,USR_034,Synthetic Task 2151,completed,low,45,2026-08-07 00:00:00,2026-07-30 14:30:00,2026-08-04 16:37:00,well
TSK_002152,USR_090,Synthetic Task 2152,completed,low,15,2026-08-30 00:00:00,2026-08-16 15:47:00,2026-08-22 15:54:00,well
TSK_002153,USR_088,Synthetic Task 2153,completed,low,30,2026-07-21 00:00:00,2026-07-15 07:59:00,2026-07-19 21:48:00,
TSK_002154,USR_042,Synthetic Task 2154,completed,high,90,2026-09-03 00:00:00,2026-08-24 17:57:00,2026-08-26 12:11:00,
TSK_002155,USR_066,Synthetic Task 2155,pending,high,30,2026-07-06 00:00:00,2026-06-25 09:33:00,,
TSK_002156,USR_080,Synthetic Task 2156,pending,medium,30,,2026-07-09 19:12:00,,
TSK_002157,USR_069,Synthetic Task 2157,pending,low,45,2026-08-16 00:00:00,2026-08-09 15:50:00,,
TSK_002158,USR_085,Synthetic Task 2158,pending,high,90,,2026-08-17 07:34:00,,well
TSK_002159,USR_006,Synthetic Task 2159,completed,low,60,2026-06-16 00:00:00,2026-06-10 10:19:00,2026-06-12 10:55:00,
TSK_002160,USR_013,Synthetic Task 2160,completed,high,30,2026-08-20 00:00:00,2026-08-13 13:36:00,2026-08-18 19:28:00,overwhelmed
TSK_002161,USR_051,Synthetic Task 2161,completed,medium,15,2026-08-10 00:00:00,2026-08-08 20:07:00,2026-08-15 11:48:00,well
TSK_002162,USR_011,Synthetic Task 2162,pending,medium,30,2026-08-05 00:00:00,2026-08-03 12:15:00,,
TSK_002163,USR_004,Synthetic Task 2163,completed,medium,30,2026-08-30 00:00:00,2026-08-22 09:16:00,2026-08-29 12:02:00,
TSK_002164,USR_076,Synthetic Task 2164,pending,low,45,2026-07-07 00:00:00,2026-06-26 08:41:00,,well
TSK_002165,USR_061,Synthetic Task 2165,pending,high,30,2026-08-27 00:00:00,2026-08-16 13:45:00,,
TSK_002166,USR_022,Synthetic Task 2166,completed,high,15,2026-07-31 00:00:00,2026-07-29 20:38:00,2026-08-01 19:51:00,
TSK_002167,USR_072,Synthetic Task 2167,completed,medium,15,2026-08-08 00:00:00,2026-07-30 07:03:00,2026-08-05 11:41:00,
TSK_002168,USR_094,Synthetic Task 2168,completed,low,15,2026-06-10 00:00:00,2026-06-10 13:23:00,2026-06-14 09:43:00,
TSK_002169,USR_003,Synthetic Task 2169,completed,low,60,2026-06-12 00:00:00,2026-06-08 13:30:00,2026-06-14 14:47:00,
TSK_002170,USR_058,Synthetic Task 2170,completed,low,60,2026-08-16 00:00:00,2026-08-12 11:40:00,2026-08-13 20:16:00,
TSK_002171,USR_033,Synthetic Task 2171,completed,low,60,2026-07-03 00:00:00,2026-06-22 09:10:00,2026-06-27 15:52:00,
TSK_002172,USR_057,Synthetic Task 2172,completed,low,60,2026-06-19 00:00:00,2026-06-05 13:58:00,2026-06-06 18:23:00,
TSK_002173,USR_036,Synthetic Task 2173,pending,high,60,2026-07-04 00:00:00,2026-07-01 10:22:00,,
TSK_002174,USR_068,Synthetic Task 2174,completed,low,30,2026-09-09 00:00:00,2026-08-27 18:13:00,2026-09-01 08:58:00,well
TSK_002175,USR_019,Synthetic Task 2175,pending,medium,45,2026-06-20 00:00:00,2026-06-12 22:25:00,,
TSK_002176,USR_081,Synthetic Task 2176,completed,medium,60,2026-07-15 00:00:00,2026-07-13 17:35:00,2026-07-16 12:46:00,calm_needed
TSK_002177,USR_067,Synthetic Task 2177,completed,medium,30,2026-06-22 00:00:00,2026-06-11 10:22:00,2026-06-17 13:11:00,
TSK_002178,USR_100,Synthetic Task 2178,completed,medium,60,,2026-08-07 14:35:00,2026-08-08 12:19:00,
TSK_002179,USR_005,Synthetic Task 2179,completed,medium,60,2026-06-22 00:00:00,2026-06-13 10:08:00,2026-06-20 17:41:00,
TSK_002180,USR_050,Synthetic Task 2180,completed,high,30,2026-08-28 00:00:00,2026-08-21 08:20:00,2026-08-25 11:41:00,
TSK_002181,USR_094,Synthetic Task 2181,completed,medium,60,2026-07-25 00:00:00,2026-07-18 10:35:00,2026-07-22 15:23:00,
TSK_002182,USR_036,Synthetic Task 2182,pending,low,30,2026-07-08 00:00:00,2026-07-01 14:45:00,,
TSK_002183,USR_097,Synthetic Task 2183,completed,medium,30,2026-08-16 00:00:00,2026-08-03 09:52:00,2026-08-08 17:27:00,
TSK_002184,USR_005,Synthetic Task 2184,pending,medium,90,,2026-06-12 18:28:00,,
TSK_002185,USR_075,Synthetic Task 2185,completed,low,30,2026-08-31 00:00:00,2026-08-29 08:28:00,2026-08-30 16:56:00,well
TSK_002186,USR_010,Synthetic Task 2186,completed,low,60,2026-06-15 00:00:00,2026-06-11 13:12:00,2026-06-18 09:31:00,
TSK_002187,USR_065,Synthetic Task 2187,completed,low,60,2026-06-27 00:00:00,2026-06-27 13:00:00,2026-07-01 07:27:00,
TSK_002188,USR_085,Synthetic Task 2188,completed,medium,120,2026-08-07 00:00:00,2026-08-07 18:03:00,2026-08-08 10:46:00,well
TSK_002189,USR_034,Synthetic Task 2189,completed,medium,30,2026-07-24 00:00:00,2026-07-15 21:29:00,2026-07-22 12:53:00,overwhelmed
TSK_002190,USR_078,Synthetic Task 2190,completed,medium,45,2026-06-17 00:00:00,2026-06-08 09:34:00,2026-06-14 15:42:00,
TSK_002191,USR_055,Synthetic Task 2191,completed,medium,45,2026-08-24 00:00:00,2026-08-14 15:29:00,2026-08-21 22:24:00,overwhelmed
TSK_002192,USR_069,Synthetic Task 2192,completed,low,30,2026-06-14 00:00:00,2026-06-02 13:16:00,2026-06-02 21:54:00,well
TSK_002193,USR_033,Synthetic Task 2193,completed,low,30,2026-08-27 00:00:00,2026-08-17 12:28:00,2026-08-18 10:38:00,well
TSK_002194,USR_028,Synthetic Task 2194,completed,medium,60,2026-08-18 00:00:00,2026-08-10 21:44:00,2026-08-12 17:57:00,
TSK_002195,USR_086,Synthetic Task 2195,completed,low,60,,2026-08-12 17:33:00,2026-08-16 21:36:00,
TSK_002196,USR_048,Synthetic Task 2196,pending,low,45,,2026-08-11 12:56:00,,
TSK_002197,USR_051,Synthetic Task 2197,pending,medium,90,2026-07-05 00:00:00,2026-06-21 21:55:00,,well
TSK_002198,USR_015,Synthetic Task 2198,completed,medium,30,2026-07-22 00:00:00,2026-07-18 20:27:00,2026-07-20 15:29:00,overwhelmed
TSK_002199,USR_045,Synthetic Task 2199,completed,high,30,2026-07-28 00:00:00,2026-07-14 14:01:00,2026-07-16 10:03:00,overwhelmed
TSK_002200,USR_068,Synthetic Task 2200,completed,medium,30,2026-09-02 00:00:00,2026-08-19 11:17:00,2026-08-20 17:36:00,calm_needed
TSK_002201,USR_022,Synthetic Task 2201,pending,medium,90,2026-06-17 00:00:00,2026-06-06 20:55:00,,
TSK_002202,USR_050,Synthetic Task 2202,pending,medium,90,,2026-07-29 14:11:00,,
TSK_002203,USR_094,Synthetic Task 2203,pending,low,60,2026-07-03 00:00:00,2026-06-25 11:21:00,,well
TSK_002204,USR_098,Synthetic Task 2204,completed,low,60,2026-07-20 00:00:00,2026-07-11 08:22:00,2026-07-17 16:44:00,
TSK_002205,USR_072,Synthetic Task 2205,completed,low,60,,2026-07-21 12:01:00,2026-07-26 17:51:00,
TSK_002206,USR_043,Synthetic Task 2206,pending,medium,60,2026-07-29 00:00:00,2026-07-22 17:57:00,,
TSK_002207,USR_076,Synthetic Task 2207,pending,low,15,2026-07-04 00:00:00,2026-07-02 19:44:00,,well
TSK_002208,USR_057,Synthetic Task 2208,pending,low,45,2026-08-16 00:00:00,2026-08-04 20:54:00,,
TSK_002209,USR_076,Synthetic Task 2209,completed,medium,90,2026-06-06 00:00:00,2026-06-04 13:09:00,2026-06-11 07:24:00,well
TSK_002210,USR_058,Synthetic Task 2210,completed,medium,45,2026-07-28 00:00:00,2026-07-23 20:17:00,2026-07-24 08:35:00,
TSK_002211,USR_064,Synthetic Task 2211,pending,high,30,,2026-07-11 20:52:00,,overwhelmed
TSK_002212,USR_029,Synthetic Task 2212,completed,high,30,2026-08-14 00:00:00,2026-08-09 07:17:00,2026-08-16 10:21:00,
TSK_002213,USR_095,Synthetic Task 2213,completed,low,30,2026-06-23 00:00:00,2026-06-23 14:28:00,2026-06-27 14:55:00,well
TSK_002214,USR_080,Synthetic Task 2214,completed,medium,45,2026-06-19 00:00:00,2026-06-19 11:21:00,2026-06-21 13:49:00,
TSK_002215,USR_028,Synthetic Task 2215,completed,low,30,2026-07-18 00:00:00,2026-07-17 11:59:00,2026-07-17 16:09:00,
TSK_002216,USR_096,Synthetic Task 2216,completed,low,30,2026-06-14 00:00:00,2026-06-08 11:21:00,2026-06-08 17:43:00,overwhelmed
TSK_002217,USR_064,Synthetic Task 2217,completed,low,15,2026-06-30 00:00:00,2026-06-30 10:44:00,2026-06-30 13:54:00,
TSK_002218,USR_030,Synthetic Task 2218,completed,medium,15,2026-06-26 00:00:00,2026-06-24 22:12:00,2026-06-25 22:22:00,
TSK_002219,USR_006,Synthetic Task 2219,pending,medium,30,2026-07-16 00:00:00,2026-07-13 07:08:00,,
TSK_002220,USR_093,Synthetic Task 2220,completed,high,30,2026-06-28 00:00:00,2026-06-17 15:24:00,2026-06-21 16:29:00,well
TSK_002221,USR_048,Synthetic Task 2221,completed,low,60,2026-06-26 00:00:00,2026-06-23 10:32:00,2026-06-23 18:45:00,well
TSK_002222,USR_088,Synthetic Task 2222,completed,medium,45,2026-08-10 00:00:00,2026-08-09 21:54:00,2026-08-10 20:34:00,
TSK_002223,USR_084,Synthetic Task 2223,completed,high,30,2026-07-31 00:00:00,2026-07-18 15:31:00,2026-07-22 12:43:00,
TSK_002224,USR_043,Synthetic Task 2224,completed,medium,60,2026-06-17 00:00:00,2026-06-09 14:45:00,2026-06-10 19:58:00,
TSK_002225,USR_089,Synthetic Task 2225,completed,high,60,2026-06-20 00:00:00,2026-06-16 09:59:00,2026-06-18 22:28:00,well
TSK_002226,USR_052,Synthetic Task 2226,completed,low,30,2026-08-20 00:00:00,2026-08-06 18:23:00,2026-08-06 20:53:00,well
TSK_002227,USR_085,Synthetic Task 2227,completed,medium,30,2026-08-11 00:00:00,2026-07-28 11:18:00,2026-08-03 17:54:00,
TSK_002228,USR_053,Synthetic Task 2228,completed,medium,30,2026-08-09 00:00:00,2026-07-27 20:33:00,2026-07-31 17:37:00,
TSK_002229,USR_017,Synthetic Task 2229,completed,low,30,,2026-08-19 07:55:00,2026-08-25 13:54:00,
TSK_002230,USR_038,Synthetic Task 2230,pending,low,15,2026-09-09 00:00:00,2026-08-26 11:50:00,,
TSK_002231,USR_057,Synthetic Task 2231,pending,high,90,,2026-06-19 08:02:00,,
TSK_002232,USR_002,Synthetic Task 2232,completed,medium,90,2026-07-23 00:00:00,2026-07-15 13:26:00,2026-07-15 16:38:00,
TSK_002233,USR_033,Synthetic Task 2233,completed,medium,90,2026-07-21 00:00:00,2026-07-18 09:31:00,2026-07-19 15:21:00,
TSK_002234,USR_012,Synthetic Task 2234,pending,high,45,2026-08-29 00:00:00,2026-08-29 19:35:00,,overwhelmed
TSK_002235,USR_078,Synthetic Task 2235,completed,high,60,2026-08-25 00:00:00,2026-08-23 11:26:00,2026-08-30 07:47:00,
TSK_002236,USR_068,Synthetic Task 2236,completed,medium,45,,2026-06-10 12:21:00,2026-06-10 13:23:00,overwhelmed
TSK_002237,USR_018,Synthetic Task 2237,completed,low,60,2026-09-02 00:00:00,2026-08-19 09:46:00,2026-08-21 16:49:00,
TSK_002238,USR_044,Synthetic Task 2238,completed,high,45,,2026-08-25 18:09:00,2026-08-30 08:25:00,well
TSK_002239,USR_074,Synthetic Task 2239,pending,low,90,2026-08-09 00:00:00,2026-07-28 09:22:00,,well
TSK_002240,USR_059,Synthetic Task 2240,completed,low,45,2026-06-02 00:00:00,2026-06-02 17:07:00,2026-06-03 17:40:00,calm_needed
TSK_002241,USR_063,Synthetic Task 2241,completed,high,60,2026-06-29 00:00:00,2026-06-26 09:35:00,2026-07-03 11:43:00,overwhelmed
TSK_002242,USR_042,Synthetic Task 2242,completed,medium,30,2026-09-12 00:00:00,2026-08-29 13:55:00,2026-08-29 15:47:00,
TSK_002243,USR_056,Synthetic Task 2243,completed,medium,45,2026-06-20 00:00:00,2026-06-07 20:56:00,2026-06-12 07:45:00,
TSK_002244,USR_076,Synthetic Task 2244,completed,low,45,,2026-06-08 15:06:00,2026-06-15 18:45:00,
TSK_002245,USR_082,Synthetic Task 2245,pending,high,15,2026-06-11 00:00:00,2026-06-10 08:57:00,,overwhelmed
TSK_002246,USR_026,Synthetic Task 2246,completed,low,30,2026-08-19 00:00:00,2026-08-14 15:33:00,2026-08-14 17:11:00,well
TSK_002247,USR_022,Synthetic Task 2247,completed,high,45,2026-08-17 00:00:00,2026-08-05 21:00:00,2026-08-07 15:46:00,well
TSK_002248,USR_036,Synthetic Task 2248,completed,medium,30,2026-07-07 00:00:00,2026-07-04 17:08:00,2026-07-08 07:36:00,well
TSK_002249,USR_005,Synthetic Task 2249,completed,medium,45,2026-06-13 00:00:00,2026-06-10 18:43:00,2026-06-14 14:06:00,well
TSK_002250,USR_031,Synthetic Task 2250,completed,medium,45,2026-07-29 00:00:00,2026-07-16 07:05:00,2026-07-23 18:29:00,well
TSK_002251,USR_026,Synthetic Task 2251,completed,medium,15,2026-06-12 00:00:00,2026-06-03 07:49:00,2026-06-06 16:33:00,well
TSK_002252,USR_022,Synthetic Task 2252,completed,high,30,2026-08-08 00:00:00,2026-08-02 12:50:00,2026-08-07 18:19:00,well
TSK_002253,USR_063,Synthetic Task 2253,completed,medium,15,2026-07-27 00:00:00,2026-07-21 14:00:00,2026-07-23 09:13:00,well
TSK_002254,USR_009,Synthetic Task 2254,completed,high,45,,2026-07-21 22:52:00,2026-07-25 09:00:00,well
TSK_002255,USR_066,Synthetic Task 2255,pending,medium,90,2026-08-12 00:00:00,2026-08-03 10:11:00,,well
TSK_002256,USR_100,Synthetic Task 2256,completed,medium,90,2026-08-11 00:00:00,2026-08-07 22:42:00,2026-08-08 01:56:00,
TSK_002257,USR_059,Synthetic Task 2257,pending,medium,90,2026-07-18 00:00:00,2026-07-16 10:39:00,,well
TSK_002258,USR_053,Synthetic Task 2258,completed,medium,60,2026-08-15 00:00:00,2026-08-15 07:03:00,2026-08-16 10:40:00,calm_needed
TSK_002259,USR_062,Synthetic Task 2259,completed,medium,60,2026-07-18 00:00:00,2026-07-15 18:02:00,2026-07-17 11:14:00,
TSK_002260,USR_001,Synthetic Task 2260,completed,low,45,2026-08-11 00:00:00,2026-07-30 16:12:00,2026-08-02 17:56:00,well
TSK_002261,USR_067,Synthetic Task 2261,completed,low,45,2026-06-21 00:00:00,2026-06-10 11:45:00,2026-06-16 08:07:00,
TSK_002262,USR_031,Synthetic Task 2262,completed,medium,45,2026-06-11 00:00:00,2026-06-02 07:00:00,2026-06-04 18:36:00,
TSK_002263,USR_021,Synthetic Task 2263,completed,medium,30,2026-07-01 00:00:00,2026-06-25 09:02:00,2026-06-30 09:12:00,overwhelmed
TSK_002264,USR_033,Synthetic Task 2264,pending,medium,15,,2026-06-17 14:05:00,,
TSK_002265,USR_092,Synthetic Task 2265,completed,medium,15,2026-07-18 00:00:00,2026-07-06 19:20:00,2026-07-07 17:56:00,calm_needed
TSK_002266,USR_094,Synthetic Task 2266,completed,medium,30,2026-07-12 00:00:00,2026-07-02 11:11:00,2026-07-04 16:12:00,
TSK_002267,USR_093,Synthetic Task 2267,completed,low,15,2026-07-16 00:00:00,2026-07-11 14:04:00,2026-07-15 13:14:00,overwhelmed
TSK_002268,USR_075,Synthetic Task 2268,pending,low,90,2026-08-30 00:00:00,2026-08-24 12:25:00,,overwhelmed
TSK_002269,USR_100,Synthetic Task 2269,completed,medium,120,2026-06-30 00:00:00,2026-06-22 11:01:00,2026-06-27 14:58:00,
TSK_002270,USR_071,Synthetic Task 2270,completed,low,45,2026-06-27 00:00:00,2026-06-17 19:09:00,2026-06-17 21:17:00,calm_needed
TSK_002271,USR_094,Synthetic Task 2271,pending,medium,45,,2026-06-30 17:33:00,,overwhelmed
TSK_002272,USR_087,Synthetic Task 2272,completed,medium,60,2026-08-12 00:00:00,2026-08-04 10:09:00,2026-08-06 18:05:00,overwhelmed
TSK_002273,USR_099,Synthetic Task 2273,completed,high,45,2026-08-03 00:00:00,2026-07-29 22:31:00,2026-08-05 14:38:00,
TSK_002274,USR_043,Synthetic Task 2274,completed,medium,15,2026-06-29 00:00:00,2026-06-17 21:14:00,2026-06-23 07:22:00,
TSK_002275,USR_029,Synthetic Task 2275,completed,medium,60,2026-08-28 00:00:00,2026-08-17 16:01:00,2026-08-22 09:33:00,
TSK_002276,USR_042,Synthetic Task 2276,completed,low,45,2026-07-19 00:00:00,2026-07-09 11:57:00,2026-07-11 11:38:00,overwhelmed
TSK_002277,USR_091,Synthetic Task 2277,completed,low,30,2026-08-28 00:00:00,2026-08-26 10:04:00,2026-08-28 21:25:00,
TSK_002278,USR_036,Synthetic Task 2278,pending,medium,30,2026-06-27 00:00:00,2026-06-16 13:31:00,,overwhelmed
TSK_002279,USR_012,Synthetic Task 2279,pending,medium,90,2026-09-12 00:00:00,2026-08-29 10:43:00,,overwhelmed
TSK_002280,USR_003,Synthetic Task 2280,pending,medium,30,,2026-08-19 08:37:00,,
TSK_002281,USR_008,Synthetic Task 2281,completed,low,45,2026-06-11 00:00:00,2026-06-07 11:36:00,2026-06-13 08:26:00,
TSK_002282,USR_034,Synthetic Task 2282,completed,low,60,2026-07-30 00:00:00,2026-07-19 15:26:00,2026-07-25 13:56:00,
TSK_002283,USR_086,Synthetic Task 2283,completed,medium,15,2026-07-28 00:00:00,2026-07-21 20:39:00,2026-07-22 20:11:00,
TSK_002284,USR_032,Synthetic Task 2284,completed,high,45,2026-06-22 00:00:00,2026-06-11 11:25:00,2026-06-16 07:09:00,
TSK_002285,USR_057,Synthetic Task 2285,completed,high,45,2026-06-21 00:00:00,2026-06-07 13:53:00,2026-06-14 21:57:00,well
TSK_002286,USR_086,Synthetic Task 2286,completed,high,30,2026-06-10 00:00:00,2026-06-10 08:12:00,2026-06-13 10:31:00,well
TSK_002287,USR_099,Synthetic Task 2287,pending,medium,60,2026-06-21 00:00:00,2026-06-19 20:08:00,,
TSK_002288,USR_034,Synthetic Task 2288,completed,medium,30,,2026-06-25 20:00:00,2026-06-30 21:09:00,well
TSK_002289,USR_077,Synthetic Task 2289,completed,low,30,2026-09-03 00:00:00,2026-08-20 19:12:00,2026-08-27 17:35:00,well
TSK_002290,USR_069,Synthetic Task 2290,completed,high,15,2026-07-17 00:00:00,2026-07-06 09:45:00,2026-07-13 11:39:00,well
TSK_002291,USR_087,Synthetic Task 2291,pending,medium,60,2026-07-23 00:00:00,2026-07-12 08:30:00,,
TSK_002292,USR_056,Synthetic Task 2292,completed,low,30,2026-06-13 00:00:00,2026-06-04 13:51:00,2026-06-10 19:22:00,well
TSK_002293,USR_070,Synthetic Task 2293,completed,low,30,2026-08-15 00:00:00,2026-08-10 22:05:00,2026-08-14 07:50:00,overwhelmed
TSK_002294,USR_035,Synthetic Task 2294,completed,high,60,,2026-08-18 13:37:00,2026-08-22 18:03:00,
TSK_002295,USR_004,Synthetic Task 2295,completed,high,30,2026-08-26 00:00:00,2026-08-21 14:40:00,2026-08-21 22:05:00,
TSK_002296,USR_075,Synthetic Task 2296,completed,high,60,2026-07-28 00:00:00,2026-07-18 22:03:00,2026-07-23 16:56:00,calm_needed
TSK_002297,USR_009,Synthetic Task 2297,completed,medium,45,2026-06-25 00:00:00,2026-06-18 21:51:00,2026-06-19 00:11:00,well
TSK_002298,USR_086,Synthetic Task 2298,pending,medium,15,2026-07-27 00:00:00,2026-07-18 20:18:00,,calm_needed
TSK_002299,USR_100,Synthetic Task 2299,completed,low,45,2026-06-15 00:00:00,2026-06-12 13:10:00,2026-06-14 11:14:00,well
TSK_002300,USR_047,Synthetic Task 2300,completed,high,15,2026-08-30 00:00:00,2026-08-23 18:52:00,2026-08-28 14:14:00,
TSK_002301,USR_030,Synthetic Task 2301,completed,medium,45,,2026-08-23 10:22:00,2026-08-27 19:26:00,
TSK_002302,USR_080,Synthetic Task 2302,pending,low,90,2026-08-02 00:00:00,2026-07-20 18:11:00,,well
TSK_002303,USR_071,Synthetic Task 2303,pending,low,30,,2026-07-13 21:20:00,,overwhelmed
TSK_002304,USR_084,Synthetic Task 2304,pending,medium,60,2026-09-03 00:00:00,2026-08-23 22:25:00,,
TSK_002305,USR_090,Synthetic Task 2305,pending,medium,30,2026-07-17 00:00:00,2026-07-04 16:35:00,,
TSK_002306,USR_024,Synthetic Task 2306,completed,medium,90,2026-07-19 00:00:00,2026-07-16 09:52:00,2026-07-16 16:58:00,
TSK_002307,USR_050,Synthetic Task 2307,pending,medium,15,2026-08-11 00:00:00,2026-07-28 10:12:00,,calm_needed
TSK_002308,USR_096,Synthetic Task 2308,completed,low,30,2026-06-21 00:00:00,2026-06-10 16:18:00,2026-06-15 07:25:00,
TSK_002309,USR_018,Synthetic Task 2309,completed,high,60,,2026-08-11 22:39:00,2026-08-15 22:40:00,
TSK_002310,USR_065,Synthetic Task 2310,completed,medium,45,2026-08-11 00:00:00,2026-08-05 13:12:00,2026-08-08 13:20:00,
TSK_002311,USR_066,Synthetic Task 2311,completed,high,45,2026-06-23 00:00:00,2026-06-16 16:27:00,2026-06-23 22:31:00,
TSK_002312,USR_023,Synthetic Task 2312,completed,medium,30,,2026-07-30 13:44:00,2026-08-01 09:38:00,well
TSK_002313,USR_023,Synthetic Task 2313,pending,low,30,,2026-06-10 07:26:00,,
TSK_002314,USR_008,Synthetic Task 2314,completed,low,30,2026-06-23 00:00:00,2026-06-11 08:51:00,2026-06-18 14:15:00,
TSK_002315,USR_037,Synthetic Task 2315,pending,medium,30,2026-06-11 00:00:00,2026-06-03 15:51:00,,
TSK_002316,USR_025,Synthetic Task 2316,completed,high,60,2026-08-27 00:00:00,2026-08-15 17:19:00,2026-08-22 16:33:00,overwhelmed
TSK_002317,USR_042,Synthetic Task 2317,completed,high,60,2026-08-07 00:00:00,2026-07-28 12:31:00,2026-08-02 16:12:00,
TSK_002318,USR_080,Synthetic Task 2318,completed,medium,45,2026-07-23 00:00:00,2026-07-20 07:24:00,2026-07-26 18:43:00,well
TSK_002319,USR_039,Synthetic Task 2319,completed,low,30,2026-08-31 00:00:00,2026-08-26 19:29:00,2026-08-29 17:13:00,calm_needed
TSK_002320,USR_007,Synthetic Task 2320,pending,high,90,2026-07-26 00:00:00,2026-07-14 13:53:00,,
TSK_002321,USR_097,Synthetic Task 2321,completed,medium,30,,2026-07-10 09:29:00,2026-07-12 13:02:00,well
TSK_002322,USR_019,Synthetic Task 2322,pending,medium,30,2026-08-03 00:00:00,2026-08-02 14:49:00,,
TSK_002323,USR_058,Synthetic Task 2323,completed,high,45,2026-07-07 00:00:00,2026-07-01 11:42:00,2026-07-05 13:37:00,
TSK_002324,USR_099,Synthetic Task 2324,pending,medium,120,,2026-07-27 22:20:00,,
TSK_002325,USR_024,Synthetic Task 2325,completed,medium,90,2026-06-07 00:00:00,2026-06-02 21:55:00,2026-06-03 00:43:00,
TSK_002326,USR_051,Synthetic Task 2326,pending,medium,45,2026-06-25 00:00:00,2026-06-14 20:57:00,,
TSK_002327,USR_085,Synthetic Task 2327,completed,medium,60,2026-09-02 00:00:00,2026-08-21 17:26:00,2026-08-22 16:20:00,
TSK_002328,USR_047,Synthetic Task 2328,pending,high,90,,2026-06-08 11:04:00,,well
TSK_002329,USR_004,Synthetic Task 2329,completed,medium,60,2026-07-14 00:00:00,2026-07-10 09:53:00,2026-07-12 22:03:00,
TSK_002330,USR_042,Synthetic Task 2330,pending,medium,30,2026-06-27 00:00:00,2026-06-25 18:44:00,,overwhelmed
TSK_002331,USR_076,Synthetic Task 2331,completed,medium,60,2026-09-02 00:00:00,2026-08-19 10:19:00,2026-08-24 16:54:00,well
TSK_002332,USR_059,Synthetic Task 2332,completed,low,60,2026-06-19 00:00:00,2026-06-08 09:04:00,2026-06-08 11:12:00,well
TSK_002333,USR_024,Synthetic Task 2333,completed,low,60,2026-07-25 00:00:00,2026-07-15 11:52:00,2026-07-17 15:39:00,overwhelmed
TSK_002334,USR_042,Synthetic Task 2334,completed,low,45,2026-08-20 00:00:00,2026-08-09 21:40:00,2026-08-11 13:54:00,
TSK_002335,USR_007,Synthetic Task 2335,pending,high,60,2026-07-07 00:00:00,2026-07-07 22:54:00,,
TSK_002336,USR_090,Synthetic Task 2336,completed,medium,30,2026-06-24 00:00:00,2026-06-20 20:24:00,2026-06-22 09:33:00,well
TSK_002337,USR_083,Synthetic Task 2337,completed,medium,90,2026-07-02 00:00:00,2026-06-21 22:27:00,2026-06-24 08:09:00,overwhelmed
TSK_002338,USR_085,Synthetic Task 2338,completed,high,45,2026-09-02 00:00:00,2026-08-19 13:51:00,2026-08-22 07:01:00,
TSK_002339,USR_061,Synthetic Task 2339,completed,high,60,2026-07-01 00:00:00,2026-06-27 19:31:00,2026-06-28 10:32:00,
TSK_002340,USR_059,Synthetic Task 2340,completed,low,30,2026-08-21 00:00:00,2026-08-08 08:47:00,2026-08-10 08:17:00,
TSK_002341,USR_076,Synthetic Task 2341,completed,medium,60,2026-08-01 00:00:00,2026-07-28 07:06:00,2026-07-30 18:53:00,well
TSK_002342,USR_056,Synthetic Task 2342,pending,high,120,2026-08-09 00:00:00,2026-07-26 18:51:00,,
TSK_002343,USR_082,Synthetic Task 2343,completed,medium,30,2026-09-05 00:00:00,2026-08-23 07:00:00,2026-08-25 16:20:00,
TSK_002344,USR_063,Synthetic Task 2344,completed,medium,60,2026-07-08 00:00:00,2026-07-08 11:44:00,2026-07-15 12:45:00,well
TSK_002345,USR_009,Synthetic Task 2345,completed,medium,30,2026-09-03 00:00:00,2026-08-29 09:51:00,2026-09-05 08:40:00,well
TSK_002346,USR_033,Synthetic Task 2346,completed,low,45,2026-07-30 00:00:00,2026-07-28 07:47:00,2026-07-30 10:37:00,
TSK_002347,USR_100,Synthetic Task 2347,completed,medium,60,2026-07-10 00:00:00,2026-07-02 19:38:00,2026-07-06 17:46:00,
TSK_002348,USR_055,Synthetic Task 2348,completed,high,45,2026-06-10 00:00:00,2026-06-02 18:18:00,2026-06-04 12:46:00,
TSK_002349,USR_099,Synthetic Task 2349,completed,high,120,2026-07-31 00:00:00,2026-07-26 19:37:00,2026-07-30 20:42:00,
TSK_002350,USR_082,Synthetic Task 2350,completed,medium,45,2026-08-05 00:00:00,2026-07-23 11:21:00,2026-07-30 19:35:00,
TSK_002351,USR_079,Synthetic Task 2351,pending,medium,30,2026-08-22 00:00:00,2026-08-11 17:52:00,,well
TSK_002352,USR_067,Synthetic Task 2352,completed,high,90,2026-08-25 00:00:00,2026-08-23 08:11:00,2026-08-27 18:39:00,
TSK_002353,USR_014,Synthetic Task 2353,completed,low,15,2026-07-31 00:00:00,2026-07-22 20:21:00,2026-07-28 09:00:00,
TSK_002354,USR_018,Synthetic Task 2354,completed,high,60,2026-09-03 00:00:00,2026-08-21 14:30:00,2026-08-22 10:28:00,
TSK_002355,USR_003,Synthetic Task 2355,completed,low,120,2026-09-05 00:00:00,2026-08-24 10:54:00,2026-08-24 18:17:00,well
TSK_002356,USR_040,Synthetic Task 2356,completed,medium,90,2026-06-22 00:00:00,2026-06-13 07:30:00,2026-06-20 12:48:00,
TSK_002357,USR_013,Synthetic Task 2357,completed,low,60,2026-07-02 00:00:00,2026-06-29 13:46:00,2026-07-05 13:21:00,well
TSK_002358,USR_075,Synthetic Task 2358,completed,low,15,2026-07-28 00:00:00,2026-07-26 11:18:00,2026-07-28 14:42:00,well
TSK_002359,USR_049,Synthetic Task 2359,completed,medium,45,2026-07-19 00:00:00,2026-07-16 19:05:00,2026-07-17 10:10:00,
TSK_002360,USR_022,Synthetic Task 2360,completed,high,120,2026-08-20 00:00:00,2026-08-06 14:44:00,2026-08-10 14:43:00,
TSK_002361,USR_067,Synthetic Task 2361,completed,low,30,2026-07-31 00:00:00,2026-07-21 16:31:00,2026-07-21 16:57:00,
TSK_002362,USR_095,Synthetic Task 2362,completed,medium,60,2026-08-02 00:00:00,2026-07-21 08:04:00,2026-07-23 17:15:00,
TSK_002363,USR_041,Synthetic Task 2363,pending,low,45,2026-08-03 00:00:00,2026-07-21 20:23:00,,
TSK_002364,USR_079,Synthetic Task 2364,completed,medium,90,,2026-07-23 10:12:00,2026-07-28 10:51:00,
TSK_002365,USR_094,Synthetic Task 2365,completed,high,45,2026-09-02 00:00:00,2026-08-29 18:05:00,2026-09-02 07:43:00,calm_needed
TSK_002366,USR_094,Synthetic Task 2366,completed,low,30,2026-08-01 00:00:00,2026-07-19 10:09:00,2026-07-23 22:01:00,
TSK_002367,USR_017,Synthetic Task 2367,completed,low,30,2026-08-18 00:00:00,2026-08-06 11:15:00,2026-08-09 22:14:00,
TSK_002368,USR_003,Synthetic Task 2368,pending,medium,30,2026-07-12 00:00:00,2026-07-10 10:39:00,,overwhelmed
TSK_002369,USR_021,Synthetic Task 2369,pending,low,60,,2026-07-23 22:29:00,,
TSK_002370,USR_009,Synthetic Task 2370,completed,high,90,2026-07-27 00:00:00,2026-07-15 19:14:00,2026-07-16 21:50:00,
TSK_002371,USR_016,Synthetic Task 2371,pending,low,90,2026-08-19 00:00:00,2026-08-06 11:30:00,,
TSK_002372,USR_062,Synthetic Task 2372,completed,low,90,,2026-06-07 13:34:00,2026-06-11 17:33:00,
TSK_002373,USR_082,Synthetic Task 2373,pending,low,15,2026-07-07 00:00:00,2026-06-29 15:44:00,,well
TSK_002374,USR_020,Synthetic Task 2374,completed,high,60,2026-07-29 00:00:00,2026-07-25 11:41:00,2026-07-27 11:28:00,
TSK_002375,USR_083,Synthetic Task 2375,completed,low,30,2026-06-21 00:00:00,2026-06-15 08:46:00,2026-06-20 22:45:00,overwhelmed
TSK_002376,USR_002,Synthetic Task 2376,completed,medium,15,2026-07-19 00:00:00,2026-07-15 14:40:00,2026-07-15 19:36:00,
TSK_002377,USR_021,Synthetic Task 2377,completed,medium,30,2026-08-07 00:00:00,2026-08-06 20:00:00,2026-08-13 07:05:00,
TSK_002378,USR_033,Synthetic Task 2378,completed,high,90,2026-06-22 00:00:00,2026-06-15 14:35:00,2026-06-20 21:48:00,
TSK_002379,USR_042,Synthetic Task 2379,completed,high,30,2026-06-20 00:00:00,2026-06-16 11:50:00,2026-06-18 13:33:00,well
TSK_002380,USR_019,Synthetic Task 2380,completed,high,30,2026-07-24 00:00:00,2026-07-21 19:27:00,2026-07-27 15:15:00,
TSK_002381,USR_057,Synthetic Task 2381,pending,high,15,2026-06-28 00:00:00,2026-06-22 12:29:00,,
TSK_002382,USR_072,Synthetic Task 2382,completed,high,30,2026-06-26 00:00:00,2026-06-12 14:17:00,2026-06-16 08:45:00,overwhelmed
TSK_002383,USR_024,Synthetic Task 2383,completed,high,30,2026-07-28 00:00:00,2026-07-15 09:26:00,2026-07-21 12:59:00,overwhelmed
TSK_002384,USR_023,Synthetic Task 2384,pending,medium,45,2026-07-15 00:00:00,2026-07-11 08:35:00,,
TSK_002385,USR_032,Synthetic Task 2385,completed,medium,90,2026-08-23 00:00:00,2026-08-10 10:39:00,2026-08-14 10:04:00,
TSK_002386,USR_063,Synthetic Task 2386,completed,low,30,2026-08-16 00:00:00,2026-08-13 12:37:00,2026-08-17 20:23:00,well
TSK_002387,USR_026,Synthetic Task 2387,pending,low,45,2026-07-05 00:00:00,2026-06-29 18:10:00,,
TSK_002388,USR_007,Synthetic Task 2388,pending,medium,60,2026-06-28 00:00:00,2026-06-18 09:43:00,,
TSK_002389,USR_070,Synthetic Task 2389,completed,medium,45,2026-06-23 00:00:00,2026-06-17 21:32:00,2026-06-19 21:06:00,overwhelmed
TSK_002390,USR_086,Synthetic Task 2390,completed,high,30,2026-08-20 00:00:00,2026-08-19 08:02:00,2026-08-26 12:20:00,well
TSK_002391,USR_023,Synthetic Task 2391,completed,low,30,2026-06-13 00:00:00,2026-06-01 17:50:00,2026-06-02 20:52:00,
TSK_002392,USR_035,Synthetic Task 2392,completed,medium,45,2026-06-26 00:00:00,2026-06-25 16:56:00,2026-06-27 09:50:00,well
TSK_002393,USR_019,Synthetic Task 2393,completed,low,30,2026-07-09 00:00:00,2026-06-28 22:26:00,2026-07-02 14:49:00,
TSK_002394,USR_057,Synthetic Task 2394,completed,low,30,2026-07-08 00:00:00,2026-06-28 08:56:00,2026-07-05 08:53:00,
TSK_002395,USR_009,Synthetic Task 2395,completed,medium,60,,2026-08-10 10:53:00,2026-08-15 10:44:00,
TSK_002396,USR_081,Synthetic Task 2396,completed,medium,15,,2026-07-07 16:34:00,2026-07-08 21:09:00,
TSK_002397,USR_062,Synthetic Task 2397,pending,low,15,2026-09-09 00:00:00,2026-08-27 19:29:00,,well
TSK_002398,USR_038,Synthetic Task 2398,completed,medium,30,2026-08-17 00:00:00,2026-08-06 19:35:00,2026-08-13 09:56:00,
TSK_002399,USR_072,Synthetic Task 2399,completed,high,15,2026-06-15 00:00:00,2026-06-02 21:10:00,2026-06-06 13:07:00,
TSK_002400,USR_062,Synthetic Task 2400,completed,medium,15,2026-07-31 00:00:00,2026-07-19 10:19:00,2026-07-25 22:06:00,
TSK_002401,USR_094,Synthetic Task 2401,pending,high,30,2026-06-07 00:00:00,2026-06-06 16:46:00,,calm_needed
TSK_002402,USR_009,Synthetic Task 2402,completed,high,90,2026-07-06 00:00:00,2026-06-30 22:12:00,2026-07-03 22:46:00,
TSK_002403,USR_061,Synthetic Task 2403,completed,medium,30,2026-06-15 00:00:00,2026-06-07 18:54:00,2026-06-14 08:03:00,well
TSK_002404,USR_098,Synthetic Task 2404,completed,high,60,2026-06-06 00:00:00,2026-06-05 16:24:00,2026-06-09 19:41:00,overwhelmed
TSK_002405,USR_019,Synthetic Task 2405,completed,low,45,2026-07-07 00:00:00,2026-06-23 15:13:00,2026-06-29 17:03:00,
TSK_002406,USR_040,Synthetic Task 2406,pending,medium,60,2026-07-09 00:00:00,2026-06-28 10:58:00,,
TSK_002407,USR_041,Synthetic Task 2407,completed,high,15,2026-07-01 00:00:00,2026-06-18 07:20:00,2026-06-23 22:00:00,
TSK_002408,USR_001,Synthetic Task 2408,pending,high,30,,2026-06-11 17:39:00,,
TSK_002409,USR_071,Synthetic Task 2409,pending,medium,30,2026-08-03 00:00:00,2026-08-03 19:21:00,,overwhelmed
TSK_002410,USR_038,Synthetic Task 2410,completed,low,30,,2026-07-28 15:41:00,2026-07-30 22:32:00,
TSK_002411,USR_098,Synthetic Task 2411,completed,medium,90,2026-08-09 00:00:00,2026-08-01 09:29:00,2026-08-03 20:53:00,
TSK_002412,USR_066,Synthetic Task 2412,completed,high,30,2026-07-31 00:00:00,2026-07-31 08:26:00,2026-08-07 11:10:00,
TSK_002413,USR_022,Synthetic Task 2413,pending,low,30,,2026-08-13 19:23:00,,
TSK_002414,USR_018,Synthetic Task 2414,completed,low,30,,2026-08-28 12:43:00,2026-09-03 12:14:00,calm_needed
TSK_002415,USR_041,Synthetic Task 2415,completed,medium,15,2026-08-09 00:00:00,2026-08-09 11:06:00,2026-08-11 19:38:00,
TSK_002416,USR_067,Synthetic Task 2416,completed,high,60,2026-07-17 00:00:00,2026-07-15 15:51:00,2026-07-22 14:25:00,
TSK_002417,USR_004,Synthetic Task 2417,completed,high,30,2026-07-24 00:00:00,2026-07-21 09:33:00,2026-07-23 13:07:00,
TSK_002418,USR_046,Synthetic Task 2418,completed,low,60,2026-06-08 00:00:00,2026-06-06 18:39:00,2026-06-11 19:45:00,
TSK_002419,USR_050,Synthetic Task 2419,completed,high,30,2026-07-22 00:00:00,2026-07-12 20:13:00,2026-07-17 13:11:00,
TSK_002420,USR_074,Synthetic Task 2420,completed,medium,60,2026-08-18 00:00:00,2026-08-18 20:43:00,2026-08-18 23:48:00,well
TSK_002421,USR_021,Synthetic Task 2421,completed,medium,90,2026-08-20 00:00:00,2026-08-17 16:41:00,2026-08-20 13:26:00,overwhelmed
TSK_002422,USR_041,Synthetic Task 2422,completed,medium,45,,2026-07-17 15:22:00,2026-07-21 08:20:00,
TSK_002423,USR_064,Synthetic Task 2423,pending,medium,90,,2026-08-10 18:22:00,,well
TSK_002424,USR_043,Synthetic Task 2424,completed,low,90,2026-08-14 00:00:00,2026-08-10 12:35:00,2026-08-13 14:14:00,overwhelmed
TSK_002425,USR_075,Synthetic Task 2425,completed,medium,30,2026-06-14 00:00:00,2026-06-13 20:55:00,2026-06-15 08:41:00,
TSK_002426,USR_028,Synthetic Task 2426,completed,medium,15,2026-09-04 00:00:00,2026-08-26 14:00:00,2026-08-27 22:35:00,overwhelmed
TSK_002427,USR_083,Synthetic Task 2427,pending,medium,45,2026-06-24 00:00:00,2026-06-24 15:49:00,,
TSK_002428,USR_019,Synthetic Task 2428,pending,low,45,2026-06-21 00:00:00,2026-06-09 22:56:00,,
TSK_002429,USR_021,Synthetic Task 2429,completed,high,30,2026-07-09 00:00:00,2026-07-04 18:38:00,2026-07-07 14:26:00,
TSK_002430,USR_093,Synthetic Task 2430,pending,medium,60,,2026-06-19 11:54:00,,
TSK_002431,USR_039,Synthetic Task 2431,pending,medium,120,2026-07-24 00:00:00,2026-07-23 21:18:00,,
TSK_002432,USR_035,Synthetic Task 2432,completed,medium,45,2026-08-17 00:00:00,2026-08-16 13:33:00,2026-08-21 08:08:00,well
TSK_002433,USR_069,Synthetic Task 2433,completed,low,120,2026-08-29 00:00:00,2026-08-22 21:26:00,2026-08-29 07:29:00,
TSK_002434,USR_048,Synthetic Task 2434,pending,low,60,2026-08-12 00:00:00,2026-08-07 09:20:00,,
TSK_002435,USR_054,Synthetic Task 2435,completed,medium,30,,2026-08-16 15:00:00,2026-08-21 20:57:00,well
TSK_002436,USR_049,Synthetic Task 2436,completed,medium,90,2026-06-16 00:00:00,2026-06-06 15:30:00,2026-06-11 20:28:00,
TSK_002437,USR_055,Synthetic Task 2437,completed,medium,45,2026-07-24 00:00:00,2026-07-19 13:39:00,2026-07-22 08:08:00,calm_needed
TSK_002438,USR_052,Synthetic Task 2438,completed,medium,30,2026-08-02 00:00:00,2026-07-21 10:00:00,2026-07-28 13:47:00,well
TSK_002439,USR_081,Synthetic Task 2439,completed,high,60,2026-06-12 00:00:00,2026-06-10 09:03:00,2026-06-11 22:55:00,overwhelmed
TSK_002440,USR_030,Synthetic Task 2440,completed,medium,45,,2026-07-09 13:09:00,2026-07-16 07:04:00,
TSK_002441,USR_065,Synthetic Task 2441,completed,medium,30,2026-07-19 00:00:00,2026-07-11 07:54:00,2026-07-16 17:43:00,well
TSK_002442,USR_100,Synthetic Task 2442,completed,high,90,2026-08-04 00:00:00,2026-07-31 18:49:00,2026-08-06 12:35:00,
TSK_002443,USR_055,Synthetic Task 2443,completed,medium,30,2026-07-24 00:00:00,2026-07-10 09:21:00,2026-07-17 17:37:00,overwhelmed
TSK_002444,USR_060,Synthetic Task 2444,completed,high,30,2026-07-04 00:00:00,2026-06-23 15:57:00,2026-06-25 15:35:00,
TSK_002445,USR_001,Synthetic Task 2445,pending,medium,60,2026-07-08 00:00:00,2026-06-30 18:16:00,,
TSK_002446,USR_052,Synthetic Task 2446,pending,high,60,2026-08-13 00:00:00,2026-08-10 12:57:00,,calm_needed
TSK_002447,USR_057,Synthetic Task 2447,completed,medium,30,2026-07-28 00:00:00,2026-07-27 14:19:00,2026-07-31 16:58:00,well
TSK_002448,USR_082,Synthetic Task 2448,pending,low,15,2026-08-01 00:00:00,2026-07-20 22:42:00,,
TSK_002449,USR_080,Synthetic Task 2449,completed,medium,15,2026-07-07 00:00:00,2026-06-30 07:33:00,2026-07-06 19:39:00,
TSK_002450,USR_064,Synthetic Task 2450,completed,low,15,2026-07-01 00:00:00,2026-06-28 13:32:00,2026-07-02 12:57:00,
TSK_002451,USR_016,Synthetic Task 2451,completed,medium,45,2026-06-27 00:00:00,2026-06-23 14:56:00,2026-06-29 22:14:00,overwhelmed
TSK_002452,USR_090,Synthetic Task 2452,completed,low,15,2026-08-08 00:00:00,2026-08-06 12:09:00,2026-08-07 16:39:00,well
TSK_002453,USR_019,Synthetic Task 2453,completed,low,15,2026-06-23 00:00:00,2026-06-13 15:35:00,2026-06-20 14:46:00,
TSK_002454,USR_088,Synthetic Task 2454,completed,low,30,2026-08-20 00:00:00,2026-08-19 16:53:00,2026-08-22 12:55:00,well
TSK_002455,USR_013,Synthetic Task 2455,pending,low,45,,2026-08-11 17:59:00,,calm_needed
TSK_002456,USR_028,Synthetic Task 2456,completed,medium,15,2026-07-02 00:00:00,2026-06-23 18:23:00,2026-06-23 18:53:00,
TSK_002457,USR_071,Synthetic Task 2457,completed,low,45,2026-06-22 00:00:00,2026-06-15 22:29:00,2026-06-18 17:22:00,well
TSK_002458,USR_035,Synthetic Task 2458,pending,high,45,2026-07-24 00:00:00,2026-07-17 21:24:00,,well
TSK_002459,USR_059,Synthetic Task 2459,completed,high,30,2026-08-02 00:00:00,2026-08-02 12:10:00,2026-08-04 18:24:00,
TSK_002460,USR_055,Synthetic Task 2460,completed,medium,45,2026-07-01 00:00:00,2026-06-29 21:20:00,2026-06-29 22:59:00,
TSK_002461,USR_025,Synthetic Task 2461,pending,low,60,2026-08-24 00:00:00,2026-08-16 14:30:00,,
TSK_002462,USR_069,Synthetic Task 2462,completed,high,15,2026-07-26 00:00:00,2026-07-14 15:18:00,2026-07-20 15:57:00,
TSK_002463,USR_070,Synthetic Task 2463,completed,medium,45,2026-06-22 00:00:00,2026-06-08 22:42:00,2026-06-12 11:21:00,well
TSK_002464,USR_021,Synthetic Task 2464,pending,low,60,2026-06-10 00:00:00,2026-06-10 20:24:00,,well
TSK_002465,USR_094,Synthetic Task 2465,completed,high,60,2026-07-07 00:00:00,2026-07-06 15:12:00,2026-07-08 07:08:00,
TSK_002466,USR_068,Synthetic Task 2466,completed,medium,30,2026-06-14 00:00:00,2026-06-01 19:02:00,2026-06-07 19:28:00,well
TSK_002467,USR_089,Synthetic Task 2467,completed,medium,60,2026-08-14 00:00:00,2026-08-06 13:07:00,2026-08-06 17:00:00,overwhelmed
TSK_002468,USR_081,Synthetic Task 2468,completed,medium,90,,2026-08-29 12:03:00,2026-09-04 10:02:00,well
TSK_002469,USR_047,Synthetic Task 2469,pending,medium,60,2026-08-25 00:00:00,2026-08-20 19:24:00,,
TSK_002470,USR_039,Synthetic Task 2470,pending,medium,60,2026-07-21 00:00:00,2026-07-09 16:42:00,,
TSK_002471,USR_078,Synthetic Task 2471,completed,medium,30,2026-08-23 00:00:00,2026-08-10 15:56:00,2026-08-16 09:02:00,
TSK_002472,USR_099,Synthetic Task 2472,pending,medium,45,,2026-06-15 15:52:00,,calm_needed
TSK_002473,USR_021,Synthetic Task 2473,pending,medium,60,2026-06-21 00:00:00,2026-06-08 17:19:00,,well
TSK_002474,USR_018,Synthetic Task 2474,pending,low,30,2026-08-24 00:00:00,2026-08-18 20:55:00,,
TSK_002475,USR_063,Synthetic Task 2475,completed,medium,15,2026-06-30 00:00:00,2026-06-27 09:01:00,2026-07-02 12:32:00,
TSK_002476,USR_031,Synthetic Task 2476,completed,low,90,2026-07-03 00:00:00,2026-07-02 19:21:00,2026-07-02 21:27:00,overwhelmed
TSK_002477,USR_069,Synthetic Task 2477,completed,medium,90,2026-06-26 00:00:00,2026-06-12 08:41:00,2026-06-18 16:22:00,
TSK_002478,USR_058,Synthetic Task 2478,pending,medium,30,2026-07-06 00:00:00,2026-07-03 21:02:00,,
TSK_002479,USR_017,Synthetic Task 2479,completed,high,30,2026-06-12 00:00:00,2026-06-02 07:28:00,2026-06-02 19:04:00,
TSK_002480,USR_005,Synthetic Task 2480,pending,medium,30,2026-07-05 00:00:00,2026-06-30 16:36:00,,
TSK_002481,USR_067,Synthetic Task 2481,completed,medium,45,2026-08-09 00:00:00,2026-07-31 12:25:00,2026-08-05 22:27:00,
TSK_002482,USR_048,Synthetic Task 2482,completed,medium,15,2026-09-07 00:00:00,2026-08-28 19:24:00,2026-08-31 07:05:00,
TSK_002483,USR_075,Synthetic Task 2483,completed,medium,15,2026-08-10 00:00:00,2026-07-27 11:30:00,2026-07-27 22:12:00,overwhelmed
TSK_002484,USR_001,Synthetic Task 2484,pending,medium,45,2026-08-20 00:00:00,2026-08-06 13:14:00,,
TSK_002485,USR_061,Synthetic Task 2485,completed,low,30,2026-06-27 00:00:00,2026-06-17 15:04:00,2026-06-23 20:23:00,well
TSK_002486,USR_099,Synthetic Task 2486,completed,high,30,,2026-06-21 19:44:00,2026-06-25 11:49:00,well
TSK_002487,USR_042,Synthetic Task 2487,completed,medium,45,2026-08-25 00:00:00,2026-08-12 19:42:00,2026-08-18 16:19:00,
TSK_002488,USR_026,Synthetic Task 2488,completed,high,30,2026-07-18 00:00:00,2026-07-04 08:57:00,2026-07-06 16:13:00,overwhelmed
TSK_002489,USR_027,Synthetic Task 2489,completed,high,15,,2026-08-25 08:53:00,2026-08-25 12:50:00,
TSK_002490,USR_037,Synthetic Task 2490,pending,high,120,2026-08-01 00:00:00,2026-07-28 07:47:00,,
TSK_002491,USR_069,Synthetic Task 2491,completed,medium,15,2026-08-25 00:00:00,2026-08-23 09:06:00,2026-08-28 18:37:00,well
TSK_002492,USR_063,Synthetic Task 2492,completed,medium,30,2026-08-11 00:00:00,2026-08-09 21:53:00,2026-08-13 19:56:00,well
TSK_002493,USR_089,Synthetic Task 2493,completed,low,30,2026-07-12 00:00:00,2026-07-02 11:47:00,2026-07-09 13:34:00,overwhelmed
TSK_002494,USR_087,Synthetic Task 2494,completed,medium,30,2026-08-24 00:00:00,2026-08-14 16:09:00,2026-08-18 15:07:00,overwhelmed
TSK_002495,USR_098,Synthetic Task 2495,completed,medium,90,2026-08-09 00:00:00,2026-07-28 09:49:00,2026-08-02 11:57:00,
TSK_002496,USR_013,Synthetic Task 2496,completed,high,30,2026-06-09 00:00:00,2026-06-06 09:30:00,2026-06-09 09:42:00,
TSK_002497,USR_060,Synthetic Task 2497,completed,low,45,2026-07-15 00:00:00,2026-07-15 14:37:00,2026-07-19 10:50:00,
TSK_002498,USR_051,Synthetic Task 2498,completed,high,90,2026-06-29 00:00:00,2026-06-17 10:28:00,2026-06-21 21:37:00,overwhelmed
TSK_002499,USR_022,Synthetic Task 2499,pending,medium,90,2026-06-15 00:00:00,2026-06-08 20:17:00,,
TSK_002500,USR_094,Synthetic Task 2500,pending,high,15,2026-07-09 00:00:00,2026-07-08 19:12:00,,overwhelmed
